date,ID,mass,est,pro,cort
4/3/2015,m,224,27.09960474,67.36561265,46.09565217
4/4/2015,m,224,17.57192982,35.417154,38.60584795
4/5/2015,m,224,20.11509054,64.72635815,43.96539235
4/6/2015,m,224,20.68582677,97.93503937,56.02913386
4/7/2015,m,224,23.8374502,55.63944223,41.43824701
4/8/2015,m,224,23.24912281,71.99805068,88.09590643
4/9/2015,m,224,19.8432,49.214,43.4136
4/10/2015,m,224,15.67741935,36.66532258,52.53387097
4/11/2015,m,224,26.87802875,72.79876797,55.23696099
4/12/2015,m,224,20.40923077,66.16153846,54.91153846
4/13/2015,m,224,26.70583658,79.06809339,54.42723735
4/14/2015,m,224,19.96953908,58.58116232,54.42805611
4/15/2015,m,224,22.86,80.472,38.9904
4/17/2015,m,224,29.01730382,96.03420523,111.7907445
4/18/2015,m,224,31.43811395,156.7210216,45.43732809
4/19/2015,m,224,25.0902439,181.9593496,36.38780488
4/20/2015,m,224,18.95028902,69.64547206,34.02312139
4/21/2015,m,224,36.25979381,78.95876289,63.79793814
4/22/2015,m,224,20.58099174,122.2727273,45.20826446
4/23/2015,m,224,21.9096,73.56,50.3616
4/24/2015,m,224,28.8675,87.65,66.1925
4/25/2015,m,224,21.4488,130.008,40.7256
4/26/2015,m,224,25.33517787,76.61857708,40.05296443
4/27/2015,m,224,18.86970297,73.40792079,39.31485149
4/28/2015,m,224,25.22926829,53.53658537,54.03658537
5/1/2015,m,224,22.81878669,123.7651663,40.54637965
5/2/2015,m,224,26.27704918,84.76844262,59.36803279
5/3/2015,m,224,38.98326693,122.8466135,67.34103586
5/4/2015,m,224,35.43614458,45.84337349,75.09638554
5/5/2015,m,224,39.04186047,99.74612403,37.22790698
5/6/2015,m,224,23.73496933,58.64212679,60.55460123
5/7/2015,m,224,28.28769231,95.09807692,50.46
5/8/2015,m,224,53.17615385,220.2884615, 
5/9/2015,m,224,38.06307692,93.94230769,55.30384615
5/10/2015,m,224,37.07368421,236.0779727,72.92163743
5/11/2015,m,224,37.13266533,113.3927856,54.2741483
5/12/2015,m,224,37.03153846,141.8903846,66.02538462
5/14/2015,m,224,46.91860465,215.1375969,98.59302326
5/15/2015,m,224,28.24401544,99.53281853,32.90501931
5/16/2015,m,224,30.06,120.0708333,106.1175
5/17/2015,m,224,20.30103093,73.10103093,29.52
5/18/2015,m,224,27.91566731,123.2978723,60.27852998
5/19/2015,m,224,30.39298246,175.5360624,61.52748538
5/20/2015,m,224,25.7,111.1309524,65.45
5/21/2015,m,224,27.23606557,86.22131148,43.5
5/21/2015,m,224,30.07145791,97.03696099,81.34620123
5/22/2015,m,224,28.33165049,77.47572816,69.73747573
5/23/2015,m,224,35.22162162,113.0852391,58.87484407
5/24/2015,m,224,34.4015444,135.4169884,62.13359073
5/25/2015,m,224,27.9034749,82.97490347,39.1042471
5/27/2015,m,224,30.0816,90.95,42.7632
5/28/2015,m,224,29.10520231,75.6955684,67.53757225
5/29/2015,m,224,19.02142857,49.75396825,39.21190476
5/30/2015,m,224,19.99148936,69.76595745,50.31411992
6/1/2015,m,224,31.08489796,140.377551,56.75755102
6/3/2015,m,224,21.6,83.64342629,41.74183267
6/4/2015,m,224,17.73692308,73.69038462,48.13846154
6/5/2015,m,224,25.37075099,69.42094862,62.40474308
6/6/2015,m,224,26.53140496,61.75619835,60.33966942
6/7/2015,m,224,48.57865613,158.4940711, 
6/8/2015,m,224,44.145,281.66875,96.1325
6/9/2015,m,224,30.38282209,102.4887526,46.92269939
6/10/2015,m,224,22.6425,77.39791667,32.9175
6/11/2015,m,224,31.4757764,114.4099379,44.98881988
6/12/2015,m,224,28.81558442,107.6536797,81.33766234
6/13/2015,m,224,32.9025,75.07708333,38.385
6/14/2015,m,224,17.21162791,43.0251938,22.70465116
6/15/2015,m,224,41.46585366,120.9715447,64.18780488
6/16/2015,m,224,35.87244094,143.011811,58.88503937
6/17/2015,m,224,28.88981289,130.8232848,119.6482328
6/18/2015,m,224,28.07307692,145.6538462,54.03692308
6/19/2015,m,224,25.64520256,90.65671642,37.43539446
6/20/2015,m,224,29.26004057,138.2981744,45.78498986
6/21/2015,m,224,24.17445972,88.65225933,66.72612967
6/21/2015,m,224,25.488,96.556,32.4336
6/22/2015,m,224,28.9697446,155.8722986,63.35717092
6/23/2015,m,224,28.74193548,160.4455645,65.2233871
6/24/2015,m,224,23.37380457,89.28066528,46.82494802
6/25/2015,m,224,19.74,64.3125,55.035
6/26/2015,m,224,35.28699029,98.14757282,53.48271845
6/27/2015,m,224,25.35378641,49.10291262,53.76699029
6/28/2015,m,224,22.32982456,94.43664717,56.58479532
6/29/2015,m,224,36.15,124.8041667,158.5625
6/30/2015,m,224,32.62729124,161.700611,64.79266802
7/1/2015,m,224,23.29156627,106.9036145,49.93253012
7/2/2015,m,224,41.41082164,78.80160321,50.37354709
7/3/2015,m,224,19.88704062,72.14893617,30.19729207
7/4/2015,m,224,23.54457831,97.09437751,54.28674699
7/5/2015,m,224,16.22535211,38.66197183,28.01287726
7/6/2015,m,224,34.68097166,127.0647773,36.20890688
7/7/2015,m,224,14.11560694,71.56069364,43.66242775
7/8/2015,m,224,13.83083004,45.72529644,46.55573123
7/9/2015,m,224,27.92470588,58.4627451,39.83764706
7/10/2015,m,224,36.35650485,134.6485437,92.14834951
7/11/2015,m,224,29.56985743,94.34419552,56.89368635
7/12/2015,m,224,30.6,192.9311024,78.37795276
7/13/2015,m,224,26.32677165,130.769685,59.89370079
7/14/2015,m,224,31.6368,90.96,73.7112
7/15/2015,m,224,27.07080745,87.873706,53.40621118
7/16/2015,m,224,26.74088292,108.756238,62.35163148
7/17/2015,m,224,26.59591837,105.2959184,102.2595918
7/18/2015,m,224,42.55740365,85.96551724,96.02677485
7/19/2015,m,224,24.21496063,111.1220472,62.12834646
7/20/2015,m,224,28.43927856,98.50701403,76.48016032
7/21/2015,m,224,26.39760956,111.2011952,91.31474104
7/22/2015,m,224,21.9096,112.596,62.3712
7/24/2015,m,224,36.0809816,87.39263804,148.3141104
7/25/2015,m,224,27.10588235,76.10784314,78.67764706
7/26/2015,m,224,17.55449102,118.7245509,68.21796407
7/27/2015,m,224,33.78886756,66.82341651,90.71861804
7/28/2015,m,224,28.39159664,38.5987395,77.18067227
7/29/2015,m,224,30.24572565,71.22664016,83.75666004
7/30/2015,m,224,28.33454545,106.9010101,91.78424242
7/31/2015,m,224,29.95485149,84.98019802,88.84990099
8/1/2015,m,224,21.71929825,96.40545809,74.06081871
8/2/2015,m,224,30.49942197,76.40655106,87.33410405
8/3/2015,m,224,22.2825,124.2375,56.58
8/5/2015,m,224,16.95,95.98125,73.935
8/6/2015,m,224,21.71020408,105.7081633,58.91020408
8/7/2015,m,224,20.89937888,100.6687371,50.59130435
8/8/2015,m,224,26.19408284,80.95069034,73.80591716
8/9/2015,m,224,21.7725,99.25833333,32.9675
8/10/2015,m,224,6.768292683,124.7743902,52.48536585
8/11/2015,m,224,25.89486653,106.1396304,51.30677618
8/12/2015,m,224,34.0255814,90.98837209, 
8/13/2015,m,224,24.80158103,392.3083004,42.14940711
8/14/2015,m,224,41.55348837,60.90891473,101.0302326
8/15/2015,m,224,16.05306122,44.53469388,39.23265306
8/16/2015,m,224,8.960320641,76.59719439,23.78597194
8/17/2015,m,224,25.22987552,168.4045643,51.25643154
8/18/2015,m,224,24.84823285,117.4802495,64.33347193
8/19/2015,m,224,33.16941176,62.40588235,91.06352941
8/20/2015,m,224,16.95272727,106.0323232,41.27757576
8/21/2015,m,224,22.63284823,53.995842,46.23866944
8/22/2015,m,224,19.14378819,48.22199593,75.25784114
8/23/2015,m,224,20.32325581,47.03488372,53.1255814
8/25/2015,m,224,12.22857143,68.76190476,51.96666667
8/26/2015,m,224,14.00869565,88.26679842,39.64505929
8/27/2015,m,224,20.91252567,80.16632444,43.94414784
8/28/2015,m,224,24.57361377,111.4818356,53.14646272
8/29/2015,m,224,17.00161943,148.4696356,51.73117409
8/30/2015,m,224,17.29145129,225.5884692,41.0528827
8/31/2015,m,224,32.64657534,211.074364,70.43131115
12/13/2015,m,,33.78461538,81.58230453,67.7563786
12/14/2015,m,,25.51111111,74.76803119,41.26003899
12/15/2015,m,,26.73684211,98.05555556,47.63539095
12/16/2015,m,,32.64657534,84.54526749,
12/17/2015,m,,10.83209877,67.29591837,
12/18/2015,m,,20.84326531,96.548,
12/19/2015,m,,39.3912,110.5306931,
1/1/2016,m,232.3,34.60277228,67.03118503,35.3995842
1/2/2016,m,232.3,22.57297297,99.10615711,70.35838641
1/3/2016,m,232.3,37.90318471,88.37860082,49.21399177
1/4/2016,m,232.3,33.92592593,134.0890269,78.46956522
1/5/2016,m,232.3,31.59503106,124.7252964,65.54782609
1/6/2016,m,232.3,34.55573123,113.9917695,40.50946502
1/7/2016,m,232.3,14.45679012,98.78163265,45.34367347
1/8/2016,m,232.3,32.69387755,115.5680473,55.88481262
1/9/2016,m,232.3,25.40591716,142.702,53.9168
1/10/2016,m,232.3,32.9976,192.1461538,56.52769231
1/11/2016,m,232.3,33.63923077,176.1809145,56.66163022
1/12/2016,m,232.3,36.75149105,167.5,64.99
1/13/2016,m,232.3,25.8075,284.499002,77.71576846
1/14/2016,m,232.3,43.48023952,71.94011976,33.92095808
1/15/2016,m,232.3,21.43473054,71.2038835,38.72776699
1/16/2016,m,232.3,26.36737864,73.20408163,75.4922449
1/17/2016,m,232.3,36.91102041,68.37649402,80.00239044
1/18/2016,m,232.3,31.2310757,95.16700201,104.6366197
1/19/2016,m,232.3,50.70422535,150.6803922,55.44941176
1/20/2016,m,232.3,44.61176471,134.6605691,43.80894309
1/21/2016,m,232.3,37.80731707,215.5393939,95.88929293
1/22/2016,m,232.3,47.40363636,130.5489022,57.76686627
1/23/2016,m,232.3,42.66826347,149.4603175,54.75634921
1/24/2016,m,232.3,25.99285714,69.97368421,33.84777328
1/25/2016,m,232.3,30.5708502,88.69685039,37.61574803
1/26/2016,m,232.3,30.69212598,101.0909091,41.25656566
1/27/2016,m,232.3,30.91636364,58.52631579,27.47758285
1/28/2016,m,232.3,18.90526316,53.20750988,26.81343874
1/29/2016,m,232.3,19.26640316,77.64848485,39.99111111
1/30/2016,m,232.3,29.93454545,192.5317919,62.30211946
1/31/2016,m,232.3,58.27976879,98.84241245,37.22801556
2/1/2016,m,232.3,31.01322957,156.8203125,53.57265625
2/2/2016,m,232.3,34.36875,149.1284585,33.23715415
2/3/2016,m,232.3,31.54624506,192.9719439,51.0501002
2/4/2016,m,232.3,33.05651303,187.5964215,57.32962227
2/5/2016,m,232.3,38.7554672,237.3938224,55.34903475
2/6/2016,m,232.3,31.11428571,54.57746479,25.12354125
2/7/2016,m,232.3,17.81891348,129.5769981,57.57348928
2/8/2016,m,232.3,29.55087719,165.9860835,57.60795229
2/9/2016,m,232.3,36.07157058,276.2811881,58.27564356
2/10/2016,m,232.3,42.29465347,205.8585462,46.41493124
2/11/2016,m,232.3,34.0762279,246.2192308,48.67846154
2/12/2016,m,232.3,27.96923077,177.831068,51.54640777
2/13/2016,m,232.3,26.27650485,258.8431772,52.56130346
2/14/2016,m,232.3,33.65376782,85.702,32.3256
2/15/2016,m,232.3,36.2376,153.2768031,33.11890838
2/16/2016,m,232.3,16.33684211,211.3727088,41.63340122
2/17/2016,m,232.3,18.45458248,227.3910387,52.17678208
2/18/2016,m,232.3,18.10264766,95.12851406,47.09076305
2/19/2016,m,232.3,13.36565657,147.2217742,65.19758065
2/20/2016,m,232.3,38.025,15.85686654,8.10754352
2/21/2016,m,232.3,7.309090909,145.5898438,46.13125
2/22/2016,m,232.3,27.18984375,139.3722772,52.64079208
2/23/2016,m,232.3,27.38138614,131.0039216,58.5654902
2/24/2016,m,232.3,37.95529412,114.9787645,45.38841699
2/25/2016,m,232.3,24.36602317,106.8822314,69.67107438
2/26/2016,m,232.3,28.67355372,72.46850394,37.45748031
2/27/2016,m,232.3,26.1496063,28.55060729,17.63076923
2/28/2016,m,232.3,21.98623482,73.19556452,19.50241935
2/29/2016,m,232.3,22.85564516,172.4038462,402.1269231
3/1/2016,m,232.3,25.41686747,46.63600783,495.1726027
3/2/2016,m,232.3,36.88062622,87.01386139,49.13346535
3/3/2016,m,232.3,33.81861386,101.6546906,48.05429142
3/4/2016,m,232.3,35.31017964,46.85062241,33.63070539
3/5/2016,m,232.3,24.45311203,141.3034623,40.62729124
3/6/2016,m,232.3,43.03869654,118.1040816,53.05061224
3/7/2016,m,232.3,34.80979592,46.24902724,189.5486381
3/8/2016,m,232.3,30.78910506,62.67184466,12.80621359
3/9/2016,m,232.3,32.87533981,131.9524752,50.38415842
3/10/2016,m,232.3,37.71089109,85.00779727,38.90604288
3/11/2016,m,232.3,33.45964912,43.37449393,16.73036437
3/12/2016,m,232.3,18.0582996,135.8439425,43.98193018
3/13/2016,m,232.3,34.91334702,82.27360308,37.29325626
3/14/2016,m,232.3,35.00809249,129.6115385,36.96692308
3/15/2016,m,232.3,34.07538462,154.177551,50.23755102
3/16/2016,m,232.3,35.94857143,164.5613682,48.0193159
3/17/2016,m,232.3,38.98430584,130.0736196,32.54805726
3/18/2016,m,232.3,27.57791411,150.849505,96.5449505
3/19/2016,m,232.3,30.91722772,119.0838446,37.3202454
3/20/2016,m,232.3,34.79263804,50.63510848,18.08915187
3/21/2016,m,232.3,9.185798817,196.2370062,33.49355509
3/22/2016,m,232.3,37.1002079,89.08436214,97.01234568
3/23/2016,m,232.3,31.79259259,144.6097561,53.20162602
3/24/2016,m,232.3,33.66585366,168.218,57.2096
3/25/2016,m,232.3,41.6448,77.66336634,47.0970297
3/26/2016,m,232.3,29.02811881,84.11597374,38.67571116
3/27/2016,m,232.3,30.06827133,91.6765873,37.86031746
3/28/2016,m,232.3,21.24285714,81.32591093,32.14817814
3/29/2016,m,232.3,28.20242915,63.28543307,27.37637795
3/30/2016,m,232.3,24.82440945,102.413442,47.29857434
3/31/2016,m,232.3,27.42892057,90.16283525,31.34329502
4/1/2016,m,232.3,28.4,94.62680412,30.14845361
4/2/2016,m,232.3,26.81072165,81.4194831,39.11093439
4/3/2016,m,232.3,25.55069583,,37.76957404
4/4/2016,m,232.3,,70.84156379,152.3061728
4/5/2016,m,232.3,32.93333333,40.14478114,8.047138047
1/1/2017,m,,,,52.82969072
1/2/2017,m,,,,115.760161
1/3/2017,m,,,,22.54698795
1/4/2017,m,,,,26.61353965
1/5/2017,m,,,,53.12876712
1/6/2017,m,,,,56.83930636
1/7/2017,m,,,,69.64294235
1/8/2017,m,,,,26.89243028
1/9/2017,m,,,,34.77431907
1/10/2017,m,,,,24.14698795
1/11/2017,m,,,,13.03700787
1/12/2017,m,,,,32.67923077
1/13/2017,m,,,,45.03902439
1/15/2017,m,,,,43.18024691
1/16/2017,m,,,,33.9215534
1/17/2017,m,,,,42.07
1/19/2017,m,,,,20.78757764
1/20/2017,m,,,,17.37087379
1/21/2017,m,,,,15.51201629
1/22/2017,m,,,,16.05818182
1/23/2017,m,,,,20.00316832
1/25/2017,m,,,,19.07407407
1/26/2017,m,,,,19.27836735
1/27/2017,m,,,,21.96626506
1/28/2017,m,,,,31.8373444
1/29/2017,m,,,,26.98881988
1/30/2017,m,,,,41.96737864
2/1/2017,m,,,,21.13902439
2/2/2017,m,,,,20.71042471
2/3/2017,m,,,,100.15
2/4/2017,m,,,,38.05244618
2/5/2017,m,,,,26.88772636
2/6/2017,m,,,,15.93939394
2/7/2017,m,,,,19.62910603
2/8/2017,m,,,,26.57346535
2/9/2017,m,,,,16.7821501
2/10/2017,m,,,,29.75465587
2/11/2017,m,,,,36.38899804
2/12/2017,m,,,,67.62074689
2/13/2017,m,,,,34.60122699
2/16/2017,m,,,,16.56143141
2/17/2017,m,,,,38.04426877
2/18/2017,m,,,,26.35087719
2/19/2017,m,,,,18.05498008
2/20/2017,m,,,,18.22696177
2/21/2017,m,,,,17.2128
2/23/2017,m,,,,28.3032
2/25/2017,m,,,,30.41964637
2/26/2017,m,,,,87.36516634
2/27/2017,m,,,,70.75813953
2/28/2017,m,,,,31.45581395
4/3/2015,p,228.3,42.74493927,36.33522267,63.96194332
4/4/2015,p,228.3,38.85483871,57.44435484,64.34032258
4/5/2015,p,228.3,52.12474012,118.0889813,256.5130977
4/6/2015,p,228.3,42.80854369,58.7176699,65.83456311
4/7/2015,p,228.3,38.64271457,39.93772455,63.25748503
4/8/2015,p,228.3,44.88798371,93.73767821,96.70386965
4/9/2015,p,228.3,39.38028169,43.76579477,82.57303823
4/10/2015,p,228.3,42.87142857,44.06111111,66.03095238
4/11/2015,p,228.3,31.11023622,22.02125984,53.88897638
4/12/2015,p,228.3,36.85889571,43.82985685,65.32515337
4/13/2015,p,228.3,45.72580645,48.73387097,96.09193548
4/15/2015,p,228.3,34.55444015,26.203861,70.68185328
4/17/2015,p,228.3,45.07569721,39.1561753,62.90438247
4/18/2015,p,228.3,40.70259481,80.5245509,104.7305389
4/19/2015,p,228.3,40.58436214,54.08230453,96.93333333
4/20/2015,p,228.3,29.55400411,26.82053388,76.04106776
4/21/2015,p,228.3,29.73809524,22.43571429,48.10238095
4/22/2015,p,228.3,38.82851638,58.82157996,77.98612717
4/23/2015,p,228.3,42.89430894,81.86178862,91.13414634
4/24/2015,p,228.3,26.31578947,20.83040936,48.77192982
4/25/2015,p,228.3,38.01165049,58.58485437,74.0807767
4/26/2015,p,228.3,40.70020121,70.22535211,66.79678068
4/27/2015,p,228.3,33.1372549,24.81882353,55.40705882
4/28/2015,p,228.3,48.6,47.13765182,88.48906883
5/1/2015,p,228.3,35.77952756,36.81574803,72.17952756
5/2/2015,p,228.3,53.22645291,144.2452906,109.1735471
5/3/2015,p,228.3,33.72533849,54.5377176,86.31876209
5/4/2015,p,228.3,33.271875,30.278125,128.4210938
5/5/2015,p,228.3,34.42774566,28.10250482,114.0693642
5/6/2015,p,228.3,51.66462168,93.01022495,63.60981595
5/7/2015,p,228.3,73.39837398,174.0430894,100.2317073
5/8/2015,p,228.3,44.22035928,51.62315369,95.10179641
5/9/2015,p,228.3,48.15503876,89.23178295,86.65348837
5/10/2015,p,228.3,45.70967742,53.125,99.37741935
5/11/2015,p,228.3,50.25396825,48.49920635,124.6714286
5/12/2015,p,228.3,35.13154639,19.61731959,121.8061856
5/14/2015,p,228.3,40.51097804,43.86906188,86.46227545
5/15/2015,p,228.3,45.06288032,68.03326572,95.59837728
5/16/2015,p,228.3,37.54601227,32.32638037,89.24171779
5/17/2015,p,228.3,37.7578125,30.00703125,95.12109375
5/18/2015,p,228.3,33.72639692,36.31445087,152.2196532
5/19/2015,p,228.3,42.85265226,50.58939096,121.032613
5/20/2015,p,228.3,45.0867052,15.37649326,109.5375723
5/21/2015,p,228.3,37.61893491,37.5581854,88.96804734
5/22/2015,p,228.3,48.63492063,82.98412698,120.8142857
5/23/2015,p,228.3,56.33802817,109.9726358,73.18551308
5/24/2015,p,228.3,,104.6928571,157.7380952
5/25/2015,p,228.3,36.18800774,34.50135397,196.9555126
5/26/2015,p,228.3,35.6039604,44.8950495,73.89386139
5/27/2015,p,228.3,,175.654321,194.8469136
5/28/2015,p,228.3,,37.51673152,127.7649805
5/29/2015,p,228.3,,51.06885246,93.76229508
5/30/2015,p,228.3,,67.42367347,60.3844898
5/31/2015,p,228.3,,51.34140625,73.07578125
6/1/2015,p,228.3,,84.4876494,49.99840637
6/3/2015,p,228.3,,44.68196721,68.5647541
6/4/2015,p,228.3,,60.78962076,127.4419162
6/5/2015,p,228.3,,26.34567901,76.07160494
6/6/2015,p,228.3,,42.63673469,105.715102
6/7/2015,p,228.3,,37.981893,92.07407407
6/8/2015,p,228.3,32.42519685,44.02755906,94.63228346
6/9/2015,p,228.3,46.21705426,40.15503876,43.34186047
6/10/2015,p,228.3,41.38888889,41.5031746,72.66428571
6/11/2015,p,228.3,30.38845361,42.41484536,76.41154639
6/12/2015,p,228.3,33.6627451,24.29019608,59.67058824
6/13/2015,p,228.3,41.86773547,66.59639279,85.26973948
6/14/2015,p,228.3,38.91485149,132.2811881,64.4150495
6/15/2015,p,228.3,39.72705882,54.0745098,71.95058824
6/16/2015,p,228.3,34.18181818,63.6630303,84.17212121
6/17/2015,p,228.3,44.38554217,42.30361446,64.04819277
6/18/2015,p,228.3,47.15831663,81.66412826,82.20601202
6/19/2015,p,228.3,,37.36895874,94.04557957
6/20/2015,p,228.3,47.4496124,100.7062016,98.65813953
6/21/2015,p,228.3,31.82945736,82.74806202,52.99069767
6/21/2015,p,228.3,71.30864198,337.7769547,72.7654321
6/22/2015,p,228.3,32.02440945,43.96220472,97.32519685
6/23/2015,p,228.3,35.48818898,50.78110236,184.3370079
6/24/2015,p,228.3,34.4526749,89.26584362,193.3530864
6/25/2015,p,228.3,33.09836066,68.35,94.34754098
6/26/2015,p,228.3,43.7195122,156.6195122,210.3731707
6/27/2015,p,228.3,31.06299213,39.64330709,102.1795276
6/28/2015,p,228.3,45.4459725,135.6605108,150.5163065
6/29/2015,p,228.3,49.728,249.2728,137.1144
4/3/2015,s,225.1,30.5352,69.174,68.2296
4/4/2015,s,225.1,20.10186335,180.5942029,28.35279503
4/5/2015,s,225.1,15.9011583,50.40733591,15.84324324
4/6/2015,s,225.1,20.99758065,78.62298387,34.43951613
4/7/2015,s,225.1,20.11133201,127.0497018,46.16540755
4/8/2015,s,225.1,20.2795082,66.32377049,42.94180328
4/9/2015,s,225.1,15.8904,206.784,30.0696
4/10/2015,s,225.1,16.38764479,65.11003861,38.05019305
4/11/2015,s,225.1,12.95130785,40.26760563,23.63299799
4/12/2015,s,225.1,10.02222222,68.82716049,15.38518519
4/13/2015,s,225.1,10.65461538,82.05384615,29.55
4/14/2015,s,225.1,15.15435685,98.69917012,30.41825726
4/15/2015,s,225.1,12.64864865,80.13899614,52.51969112
4/17/2015,s,225.1,10.7503937,117.0629921,30.29291339
4/18/2015,s,225.1,9.890835031,77.22199593,56.50753564
4/19/2015,s,225.1,11.03431953,51.55226824,36.29585799
4/20/2015,s,225.1,26.58461538,129.4043393,57.86035503
4/21/2015,s,225.1,16.41481481,277.4958848,62.4691358
4/22/2015,s,225.1,12.59642147,138.8011928,34.60675944
4/23/2015,s,225.1,14.73061224,141.877551,47.02040816
4/24/2015,s,225.1,14.72217899,111.655642,42.95719844
4/25/2015,s,225.1,15.99378641,171.223301,65.30097087
4/26/2015,s,225.1,19.06875,50.40429688,41.1421875
4/27/2015,s,225.1,12.36739563,101.8548708,20.29502982
4/28/2015,s,225.1,19.11529412,90.25098039,60.07529412
5/1/2015,s,225.1,9.889494163,30.12451362,27.85680934
5/2/2015,s,225.1,14.9722334,77.78269618,28.51267606
5/3/2015,s,225.1,14.78546845,138.2887189,38.00764818
5/4/2015,s,225.1,12.13436293,70.52123552,35.77992278
5/5/2015,s,225.1,22.4008316,250.2037422,40.86237006
5/6/2015,s,225.1,11.01525773,80.17319588,38.33072165
5/7/2015,s,225.1,11.82256809,68.20428016,32.27159533
5/8/2015,s,225.1,20.54074074,70.51234568,44.48148148
5/9/2015,s,225.1,22.69502982,132.9403579,70.03658052
5/10/2015,s,225.1,14.12307692,33.81538462,31.27384615
5/11/2015,s,225.1,17.21387755,56.78571429,42.59510204
5/12/2015,s,225.1,26.96866538,179.3945841,78.70096712
5/14/2015,s,225.1,18.09767442,272.9263566,42.13953488
5/15/2015,s,225.1,21.11724138,78.87739464,52.8
5/16/2015,s,225.1,21.13846154,141.0098619,56.13964497
5/17/2015,s,225.1,14.04219067,109.673428,42.47951318
5/18/2015,s,225.1,16.54615385,110.9653846,34.46769231
5/19/2015,s,225.1,14.025,91.67916667,54.395
5/20/2015,s,225.1,14.4,69.21289063,47.1
5/21/2015,s,225.1,12.38970297,45.78019802,27.05584158
5/22/2015,s,225.1,17.48372093,78.6996124,26.84418605
5/23/2015,s,225.1,24.19453125,60.85546875,46.28203125
5/24/2015,s,225.1,24.53516699,88.24361493,59.13713163
5/25/2015,s,225.1,21.36475248,69.47524752,67.91762376
5/26/2015,s,225.1,21.69378758,66.74549098,30.44008016
5/27/2015,s,225.1,10.47017544,40.46978558,40.16842105
5/28/2015,s,225.1,11.76092843,34.344294,27.41663443
5/29/2015,s,225.1,29.20714286,142.1507937,68.74761905
5/30/2015,s,225.1,17.72138493,105.4826884,32.93279022
5/31/2015,s,225.1,18.59538462,102.4192308,41.82461538
6/1/2015,s,225.1,12.41889117,23.5523614,17.96550308
6/3/2015,s,225.1,26.85386139,244.6970297,56.72316832
6/4/2015,s,225.1,18.07185629,117.9580838,51.51616766
6/5/2015,s,225.1,,54.73577236,32.98292683
6/6/2015,s,225.1,11.68408644,44.66797642,28.04086444
6/7/2015,s,225.1,21.45433526,179.7321773,71.8982659
6/8/2015,s,225.1,21.2890595,145.9596929,66.53205374
6/9/2015,s,225.1,24.16943907,102.3384913,57.88549323
6/10/2015,s,225.1,25.41301775,125.199211,43.77514793
6/11/2015,s,225.1,15.4546875,82.15039063,61.4296875
6/12/2015,s,225.1,25.11111111,84.96296296,78.79259259
6/13/2015,s,225.1,28.512,121.498,76.2336
6/14/2015,s,225.1,13.70462777,66.76861167,73.90020121
6/15/2015,s,225.1,24.67079304,120.2669246,110.6390716
6/16/2015,s,225.1,16.57622951,31.90778689,98.36557377
6/17/2015,s,225.1,20.03414634,56.6199187,83.38780488
6/18/2015,s,225.1,14.44855491,72.37186898,65.62312139
6/19/2015,s,225.1,15.25884692,43.4612326,64.32286282
6/21/2015,s,225.1,17.20641283,73.78156313,55.84208417
6/21/2015,s,225.1,19.33818182,55.56969697,50.4969697
6/22/2015,s,225.1,17.40483871,110.1431452,66.21774194
6/23/2015,s,225.1,14.48981289,55.6008316,44.06320166
6/24/2015,s,225.1,,61.75208333,63.2625
6/25/2015,s,225.1,16.31578947,81.61598441,24.05380117
6/25/2015,s,225.1,,83.77058824,36.55764706
6/26/2015,s,225.1,,74.60122699,44.26257669
6/27/2015,s,225.1,,57.39183673,14.13795918
6/28/2015,s,225.1,25.43510204,96.34897959,59.88
6/29/2015,s,225.1,17.66627219,96.2504931,41.00828402
6/30/2015,s,225.1,10.54785992,38.44747082,24.04435798
7/1/2015,s,225.1,11.02282398,88.24758221,31.02823985
7/2/2015,s,225.1,11.69307692,35.21153846,28.52307692
7/4/2015,s,225.1,13.40363636,42.44848485,28.61090909
7/5/2015,s,225.1,11.63346304,48.28988327,25.86536965
7/6/2015,s,225.1,10.5696,41.368,27.36
7/7/2015,s,225.1,22.27588933,69.05335968,42.11620553
7/8/2015,s,225.1,11.13609959,59.36307054,41.39253112
7/9/2015,s,225.1,33.555,125.5125,37.4525
7/10/2015,s,225.1,16.06259542,91.03244275,49.25954198
7/11/2015,s,225.1,31.09727626,250.2529183,105.9945525
7/12/2015,s,225.1,19.88704062,112.1141199,52.38452611
7/13/2015,s,225.1,14.10871369,77.66804979,39.70207469
7/13/2015,s,225.1,20.65846154,110.075,45.99230769
7/14/2015,s,225.1,11.84538462,80.46346154,50.66538462
7/15/2015,s,225.1,14.52264529,106.8436874,39.03246493
7/16/2015,s,225.1,23.09182879,186.3463035,66.82412451
7/17/2015,s,225.1,12.58210736,84.64413519,43.28588469
7/18/2015,s,225.1,7.475206612,76.11570248,49.60909091
7/19/2015,s,225.1,19.58951613,89.11491935,60.43064516
7/20/2015,s,225.1,10.15714286,37.58531746,37.36190476
7/21/2015,s,225.1,12.70120482,47.2248996,44.6313253
7/22/2015,s,225.1,18.71294118,81.8254902,61.94352941
7/23/2015,s,225.1,9.487140115,41.25527831,22.59040307
7/24/2015,s,225.1,19.43553719,114.9772727,53.6107438
7/25/2015,s,225.1,19.5142268,82.4185567,46.74309278
7/26/2015,s,225.1,6.61754386,34.40740741,12.29005848
7/27/2015,s,225.1,12.73846154,62.59038462,31.05
7/28/2015,s,225.1,8.699396378,35.06639839,7.70945674
7/29/2015,s,225.1,19.21395349,84.18410853,24.99534884
7/30/2015,s,225.1,12.5044898,61.11632653,85.13877551
7/31/2015,s,225.1,15.83294118,125.0039216,45.68705882
8/1/2015,s,225.1,13.28538462,45.58269231,27.37153846
8/2/2015,s,225.1,15.16167665,54.6506986,24.06706587
8/3/2015,s,225.1,12.56792079,42.18019802,17.28712871
8/4/2015,s,225.1,18.29461078,73.08582834,37.07305389
8/5/2015,s,225.1,11.38760331,49.04958678,28.8446281
8/6/2015,s,225.1,9.086055777,31.03784861,15.50438247
8/7/2015,s,225.1,17.46036961,71.12936345,34.18644764
8/8/2015,s,225.1,7.428461538,40.27692308,36.12923077
8/9/2015,s,225.1,16.03180915,83.60437376,52.92405567
8/10/2015,s,225.1,,25.042,12.6624
8/11/2015,s,225.1,9,40.52788845,14.8876494
8/12/2015,s,225.1,19.1448,100.19,62.8704
8/13/2015,s,225.1,6.135892514,42.43570058,40.98426104
8/14/2015,s,225.1,16.60527383,50.29614604,49.84989858
8/15/2015,s,225.1,11.9666004,36.42743539,42.21232604
8/16/2015,s,225.1,14.57821782,51.16633663,65.75762376
8/17/2015,s,225.1,18.33230769,154.3423077,49.47230769
8/18/2015,s,225.1,15.22600382,37.89866157,40.42370937
8/19/2015,s,225.1,17.80790514,120.1936759,75.656917
8/20/2015,s,225.1,11.64790419,52.1257485,47.34850299
8/21/2015,s,225.1,19.07368421,147.8732943,54.07017544
8/22/2015,s,225.1,8.601956947,88.52446184,27.2853229
8/23/2015,s,225.1,15.97142857,126.8154762,41.17380952
8/24/2015,s,225.1,19.15688623,265.0159681,164.1005988
8/25/2015,s,225.1,14.46441352,150.2922465,52.56858847
8/26/2015,s,225.1,14.56465696,79.43866944,45.33804574
8/27/2015,s,225.1,10.67142857,99.95238095,37.67857143
8/28/2015,s,225.1,16.50661323,118.5571142,37.42364729
8/29/2015,s,225.1,20.94035088,192.8401559,45.17426901
8/30/2015,s,225.1,,137.88,22.5696
8/31/2015,s,225.1,,128.7582645,16.19752066
1/1/2016,s,225.3,17.78698225,33.89349112,34.90729783
1/2/2016,s,225.3,17.5943662,29.86720322,10.85311871
1/3/2016,s,225.3,30.40727273,106.7232323,64.80969697
1/4/2016,s,225.3,22.5686747,55.63052209,42.39116466
1/5/2016,s,225.3,32.81102362,86.09448819,65.31023622
1/6/2016,s,225.3,28.37227723,78,42.99881188
1/7/2016,s,225.3,40.44748491,109.7947686,44.58832998
1/8/2016,s,225.3,23.8902439,54.04268293,33.53495935
1/9/2016,s,225.3,29.39178082,82.00978474,56.3334638
1/10/2016,s,225.3,20.2392,50.888,25.6664
1/11/2016,s,225.3,29.2608,97.234,32.5536
1/12/2016,s,225.3,9.014423077,33.09134615,17.04326923
1/13/2016,s,225.3,22.5675,82.64583333,30.9875
1/14/2016,s,225.3,15.77964072,46.499002,32.90938124
1/16/2016,s,225.3,31.81935484,75.36491935,61.29112903
1/17/2016,s,225.3,31.96948454,124.9072165,101.705567
1/18/2016,s,225.3,30.75923077,65.44615385,79.17923077
1/19/2016,s,225.3,22.625,47.84027778,32.08333333
1/20/2016,s,225.3,28.19076923,61.91923077,40.18615385
1/21/2016,s,225.3,56.35247525,144.790099,88.3009901
1/22/2016,s,225.3,17.69538462,33.79038462,30.09692308
1/23/2016,s,225.3,11.26545455,108.5474747,56.92363636
1/24/2016,s,225.3,32.96205534,84.46245059,43.14940711
1/25/2016,s,225.3,31.19524752,107.0019802,50.27485149
1/26/2016,s,225.3,19.52601156,39.0982659,25.2539499
1/27/2016,s,225.3,26.17651822,99.79352227,45.90769231
1/28/2016,s,225.3,19.93188119,51.69306931,34.74772277
1/29/2016,s,225.3,36.5100616,69.80903491,35.45462012
1/30/2016,s,225.3,33.3984375,197.2695313,67.6609375
1/31/2016,s,225.3,23.36792079,86.08514851,38.15445545
2/1/2016,s,225.3,14.07461538,94.26153846,32.91230769
2/2/2016,s,225.3,32.3475,99.05625,40.40583333
2/3/2016,s,225.3,27.39352227,115.8906883,31.02753036
2/4/2016,s,225.3,23.95648855,119.9141221,29.5259542
2/5/2016,s,225.3,27.85411765,128.9098039,42.92627451
2/6/2016,s,225.3,27.17178423,137.9502075,31.11120332
2/7/2016,s,225.3,30.5245509,146.49501,31.60798403
2/8/2016,s,225.3,35.235,182.5645833,39.06666667
2/9/2016,s,225.3,26.80248447,111.3561077,54.35279503
2/10/2016,s,225.3,29.71417323,110.9311024,35.22519685
2/11/2016,s,225.3,45.46909091,265.3454545,43.25818182
2/12/2016,s,225.3,27.57894737,112.202729,25.60779727
2/13/2016,s,225.3,15.6456,59.41,14.9296
2/14/2016,s,225.3,9.12,25.08571429,8.460408163
2/15/2016,s,225.3,7.7664,21.586,15.2776
2/16/2016,s,225.3,27.02125984,165.1633858,31.64251969
2/17/2016,s,225.3,10.05659656,25.13193117,10.32887189
2/18/2016,s,225.3,27.76296296,188.0082305,34.8526749
2/19/2016,s,225.3,24.47265306,100.6020408,25.84081633
2/21/2016,s,225.3,46.88744939,229.6214575,82.6097166
2/22/2016,s,225.3,14.55826772,45.8484252,14.04173228
2/23/2016,s,225.3,32.49581749,173.4543726,34.19163498
2/24/2016,s,225.3,37.11891892,261.8590734,61.62857143
2/25/2016,s,225.3,35.2621118,154.1428571,51.09565217
2/29/2016,s,225.3,32.14285714,71.55918367,38.00571429
3/1/2016,s,225.3,39.92129817,129.1703854,43.5148073
3/2/2016,s,225.3,49.96235294,157.0745098,40.84156863
3/3/2016,s,225.3,46.92730845,220.0314342,44.22789784
3/4/2016,s,225.3,30.65853659,95.92479675,29.76585366
3/5/2016,s,225.3,48.23420523,214.8511066,43.00523139
3/6/2016,s,225.3,42.88383234,150.994012,36.97884232
3/7/2016,s,225.3,43.02403259,263.7474542,62.02851324
3/8/2016,s,225.3,42.12,139.622,33.2528
3/9/2016,s,225.3,34.74037267,121.8985507,44.49358178
3/10/2016,s,225.3,38.1655706,137.7524178,37.19458414
3/11/2016,s,225.3,39.99432049,178.8235294,30.0811359
3/12/2016,s,225.3,37.22371542,99.51976285,32.11857708
3/13/2016,s,225.3,26.54912621,80.76893204,32.29980583
3/14/2016,s,225.3,31.7915493,99.2555332,36.42736419
3/15/2016,s,225.3,20.89721116,62.60956175,23.64780876
3/16/2016,s,225.3,37.9016129,139.983871,36.24274194
3/17/2016,s,225.3,41.25,125.1309524,51.7015873
3/18/2016,s,225.3,34.68837209,99.61046512,26.78914729
3/19/2016,s,225.3,41.16705882,150.3333333,44.44862745
3/21/2016,s,225.3,49.19527559,238.2007874,56.25748031
3/22/2016,s,225.3,50.13831041,214.0019646,54.51709234
3/23/2016,s,225.3,44.72816327,170.144898,38.20163265
3/24/2016,s,225.3,34.00570265,123.0407332,34.22892057
3/28/2016,s,225.3,25.52392638,72.65439673,16.52377049
3/29/2016,s,225.3,29.49486653,80.79876797,17.96790123
3/30/2016,s,225.3,13.8,27.425,5.017142857
3/31/2016,s,225.3,24.03442623,99.22336066,25.2675835
3/31/2016,s,225.3,28.17037037,77.29423868,23.82798354
4/1/2016,s,225.3,26.59591837,84.76122449,23.9
4/2/2016,s,225.3,20.52495088,53.01178782,14.12796781
4/3/2016,s,225.3,18.59016393,40.96721311,7.718834951
4/4/2016,s,225.3,10.1372093,26.61046512,7.328063241
4/5/2016,s,225.3,21.66519115,49.85110664,18.29105058
4/6/2016,s,225.3,25.57048544,114.7631068,27.22174757
4/7/2016,s,225.3,25.55573123,90.61660079,28.16284585
4/8/2016,s,225.3,33.93385214,201.4357977,43.10194553
4/10/2016,s,225.3,29.0325,91.875,27.2925
4/10/2016,s,225.3,29.1234375,329.4101563,52.99921875
4/11/2016,s,225.3,36.58040816,138.7346939,33.1877551
4/12/2016,s,225.3,27.83671875,87.96679688,21.97734375
4/13/2016,s,225.3,28.85549133,123.0481696,28
4/14/2016,s,225.3,30.90784708,181.7042254,35.27323944
4/15/2016,s,225.3,35.4796875,227.2734375,53.91796875
4/17/2016,s,225.3,31.85590062,149.1325052,32.37101449
4/18/2016,s,225.3,36.97590361,179.4417671,34.35100402
4/19/2016,s,225.3,34.09979381,177.5340206,39.98762887
4/20/2016,s,225.3,35.51953578,182.8723404,59.77794971
4/21/2016,s,225.3,44.64280156,94.73346304,46.63657588
4/22/2016,s,225.3,34.17380457,129.8461538,34.37255717
4/23/2016,s,225.3,28.715625,134.5976563,32.671875
4/24/2016,s,225.3,30.15354331,177.0393701,44.23228346
4/25/2016,s,225.3,38.18796117,158.4252427,46.76660194
4/26/2016,s,225.3,33.93346856,133.9492901,29.50831643
4/27/2016,s,225.3,22.41481481,109.6995885,33.3563786
4/28/2016,s,225.3,17.45096525,127.6814672,32.31428571
4/29/2016,s,225.3,31.44049587,181.5867769,42.37438017
4/30/2016,s,225.3,24.24971098,151.283237,34.98651252
5/1/2016,s,225.3,20.88705882,104.1686275,22.31921569
5/2/2016,s,225.3,25.38292683,116.0914634,28.09430894
5/3/2016,s,225.3,29.29294606,124.5539419,48.50124481
5/4/2016,s,225.3,33.60247423,50.11340206,23.16206186
5/5/2016,s,225.3,27.81882353,82.64117647,28.60784314
5/6/2016,s,225.3,23.21257367,78.83693517,25.41925344
5/7/2016,s,225.3,37.24905284,179.445663,43.41375872
5/8/2016,s,225.3,34.21056751,160.3444227,25.28610568
5/9/2016,s,225.3,39.96585366,114.597561,23.83333333
5/10/2016,s,225.3,28.940625,116.6855469,21.06796875
5/11/2016,s,225.3,31.07667984,121.9189723,20.2972332
5/12/2016,s,225.3,28.56798337,67.4033264,16.48232848
5/13/2016,s,225.3,22.82994242,74.76583493,30.49673704
5/15/2016,s,225.3,26.63571429,87.65277778,20.37777778
5/16/2016,s,225.3,27.87923077,127.4692308,612.2146154
5/17/2016,s,225.3,33.00363636,165.3292929,24.40808081
5/18/2016,s,225.3,48.86019802,175.0118812,30.52752475
5/19/2016,s,225.3,38.122334,179.8672032,30.2527163
5/23/2016,s,225.3,29.79604743,115.3754941,22.20948617
5/24/2016,s,225.3,35.20490798,171.1820041,26.06298569
5/25/2016,s,225.3,25.76047904,132.0618762,37.08982036
5/26/2016,s,225.3,22.30674847,76.53783231,22.9595092
5/28/2016,s,225.3,32.89834711,147.8553719,26.50743802
5/29/2016,s,225.3,33.0492986,128.1523046,32.00480962
6/1/2016,s,225.3,27.96244898,126.2755102,21.51591837
6/3/2016,s,225.3,29.25957447,229.9381044,358.3009671
6/5/2016,s,225.3,23.77933884,117.9524793,37.95123967
6/6/2016,s,225.3,30.74457831,98.87751004,43.09076305
6/7/2016,s,225.3,27.28897485,209.2205029,58.77833656
6/8/2016,s,225.3,29.74390244,124,54.28536585
6/10/2016,s,225.3,21.9627907,162.0697674,44.6496124
6/11/2016,s,225.3,22.57992278,86.59459459,26.68108108
6/12/2016,s,225.3,21.10445344,90.91700405,56.55546559
6/13/2016,s,225.3,23.48148148,93.19958848,42.35061728
6/15/2016,s,225.3,22.39683794,132.6245059,43.71067194
6/16/2016,s,225.3,29.85330661,133.7374749,41.53987976
6/17/2016,s,225.3,26.50588235,105.6607843,37.56392157
6/18/2016,s,225.3,21.65,133.6904762,32.5468254
6/19/2016,s,225.3,19.83182711,80.08644401,23.92062868
6/20/2016,s,225.3,19.72573674,108.459725,30.80943026
6/21/2016,s,225.3,29.52426036,118.642998,53.36252465
6/22/2016,s,225.3,23.42823529,122.3588235,47.2854902
6/24/2016,s,225.3,15.95184466,67.9184466,27.98524272
6/25/2016,s,225.3,31.41692308,178.5884615,65.30615385
6/29/2016,s,225.3,22.28605108,172.1552063,60.60353635
6/30/2016,s,225.3,17.0712,37.8,21.1808
7/12/2016,s,225.3,31.52177419,223.3245968,54.49596774
7/13/2016,s,225.3,32.6313253,181.3232932,58.55662651
7/14/2016,s,225.3,34.06046512,153.9263566,62.32015504
7/17/2016,s,225.3,31.57207392,135.1252567,47.8201232
7/18/2016,s,225.3,33.60461538,106.2461538,656.91
7/19/2016,s,225.3,31.44684318,130.3360489,53.95845214
7/20/2016,s,225.3,29.05263158,88.52046784,54.39610136
7/21/2016,s,225.3,45.80963855,256.8915663,1083.838554
7/22/2016,s,225.3,29.76602317,100.3436293,74.45328185
7/23/2016,s,225.3,45.44824903,110.5038911,56.60389105
7/24/2016,s,225.3,27.98709677,86.84879032,56.8016129
7/25/2016,s,225.3,42.76341948,106.4512922,79.25248509
7/26/2016,s,225.3,26.9306288,101.8681542,43.66004057
7/27/2016,s,225.3,27.83907157,77.64603482,48.81547389
7/28/2016,s,225.3,38.22857143,139.8928571,46.38809524
7/29/2016,s,225.3,24.11348089,40.75050302,31.92676056
7/30/2016,s,225.3,34.65,58.41393443,31.08934426
7/31/2016,s,225.3,31.26985447,71.71517672,63.46029106
8/1/2016,s,225.3,37.87258065,265.625,106.6717742
8/3/2016,s,225.3,33.78461538,113.2442308,62.31
8/4/2016,s,225.3,25.08923077,92.17115385,60.00230769
8/5/2016,s,225.3,38.91663405,93.92563601,109.9819961
8/6/2016,s,225.3,24.75180723,99.11646586,55.05783133
8/7/2016,s,225.3,20.44541833,67.65936255,47.33784861
8/8/2016,s,225.3,23.63319838,56.18825911,40.22672065
8/9/2016,s,225.3,17.16024341,43.4198783,95.74442191
8/10/2016,s,225.3,25.0360396,78.27920792,47.41782178
8/12/2016,s,225.3,19.22459016,38.27868852,34.50163934
8/13/2016,s,225.3,18.22978723,47.71760155,52.88355899
8/14/2016,s,225.3,38.84247104,92.38030888,44.36293436
8/15/2016,s,225.3,25.21414538,78.40667976,49.00196464
8/16/2016,s,225.3,18.65714286,38.62896825,34.91746032
8/17/2016,s,225.3,18.10391753,67.88247423,44.86762887
8/18/2016,s,225.3,26.76461538,77.36923077,85.06384615
8/19/2016,s,225.3,27.0816568,64.35502959,43.26390533
8/20/2016,s,225.3,17.7355102,59.34081633,46.56244898
8/21/2016,s,225.3,19.66795367,65.3976834,47.46254826
8/21/2016,s,225.3,39.91907514,145.7302505,71.44971098
8/22/2016,s,225.3,31.26666667,80.22016461,48.6
8/23/2016,s,225.3,15.08709677,35.12903226,40.24435484
8/24/2016,s,225.3,14.88461538,49.03076923,32.46
8/25/2016,s,225.3,18.14968815,62.86902287,44.3027027
8/26/2016,s,225.3,23.24363636,52.74949495,42.96
8/27/2016,s,225.3,21.2765625,70.74609375,59.05546875
8/28/2016,s,225.3,23.98040816,73.40612245,56.40489796
8/29/2016,s,225.3,21.35675676,70.26061776,63.03011583
8/30/2016,s,225.3,21.73926499,58.24564797,54.99651838
8/31/2016,s,225.3,13.18153846,46.775,36.73615385
9/1/2016,s,225.3,22.41245136,78.85214008,46.30505837
9/2/2016,s,225.3,28.7257732,115.028866,56.55092784
9/3/2016,s,225.3,31.72033195,105.6742739,60.2340249
9/4/2016,s,225.3,18.28023952,58.30538922,53.33333333
9/5/2016,s,225.3,27.03,92.60208333,47.04416667
9/6/2016,s,225.3,18.48688525,70.92213115,41.00655738
9/7/2016,s,225.3,25.1582205,89.35009671,44.58800774
9/8/2016,s,225.3,14.8030888,87.2972973,35.17065637
9/9/2016,s,225.3,21.75903614,113.7369478,33.91084337
9/10/2016,s,225.3,21.1176699,72.45631068,50.4768932
9/11/2016,s,225.3,27.78728324,104.77842,57.27013487
9/12/2016,s,225.3,26.96779324,81.12127237,38.13518887
9/13/2016,s,225.3,22.74545455,121.5516529,49.6338843
9/14/2016,s,225.3,24.12692308,92.39615385,39.18
9/15/2016,s,225.3,30.6757515,170.6933868,63.02284569
9/16/2016,s,225.3,42.45443787,144.3747535,64.6556213
9/18/2016,s,225.3,29.41395349,141.6647287,47.01627907
9/19/2016,s,225.3,30.91473477,124.7288802,51.6589391
9/20/2016,s,225.3,18.33454545,70.23865878,33.81333333
9/21/2016,s,225.3,22.46921529,135.7267442,52.81609658
9/22/2016,s,225.3,30.04479371,118.3280943,58.67111984
9/23/2016,s,225.3,18.68363636,65.25252525,38.72161616
9/24/2016,s,225.3,26.47484909,147.971831,62.18028169
9/25/2016,s,225.3,23.36511628,100.9089147,29.28604651
9/26/2016,s,225.3,24.14469854,81.67983368,25.33970894
9/27/2016,s,225.3,23.08359375,98.41796875,49.5328125
9/28/2016,s,225.3,23.78097087,122.1184466,48.09786408
9/29/2016,s,225.3,18.66718147,78.60810811,26.33050193
9/30/2016,s,225.3,28.17609562,115.8784861,42.82948207
10/1/2016,s,225.3,34.62142857,155.2638889,63.25952381
10/2/2016,s,225.3,39.39920319,202.2123016,81.43984064
10/3/2016,s,225.3,25.93022312,104.6115538,41.81014199
10/5/2016,s,225.3,16.04512428,44.51318458,18.816826
10/6/2016,s,225.3,35.80714286,144.8833652,56.02380952
10/7/2016,s,225.3,21.1843299,83.79166667,35.02268041
10/8/2016,s,225.3,27.50310559,256.7525773,75.12298137
10/9/2016,s,225.3,30.28439306,141.6480331,48.54566474
10/10/2016,s,225.3,26.38596491,190.7880539,39.45497076
10/11/2016,s,225.3,15.79919028,83.84795322,22.44291498
10/12/2016,s,225.3,19.80740741,80.68825911,33.36296296
10/13/2016,s,225.3,21.29302326,112.0534979,48.23953488
10/14/2016,s,225.3,37.38428469,167.2189922,87.89491283
10/16/2016,s,225.3,21.96573705,72.59072581,22.38884462
10/16/2016,s,225.3,28.70564516,99.19035109,31.29677419
10/17/2016,s,225.3,28.71129363,115.8187251,54.55687885
10/18/2016,s,225.3,18.84872299,65.59958932,30.04243615
10/19/2016,s,225.3,28.18770492,91.72336066,32.9704918
10/20/2016,s,225.3,24.61846154,94.56346154,44.84076923
10/21/2016,s,225.3,20.27514451,67.6743738,25.30867052
10/23/2016,s,225.3,28.15609756,122.6178862,47.83902439
10/24/2016,s,225.3,13.31883495,65.13786408,15.39262136
10/24/2016,s,225.3,26.88880309,75.19111969,28.66100386
10/25/2016,s,225.3,12.64488189,57.0019685,24.54330709
10/26/2016,s,225.3,20.61312741,72.68918919,29.59227799
10/27/2016,s,225.3,25.24970414,113.3668639,49.67337278
10/28/2016,s,225.3,10.92277992,41.06949807,26.79150579
10/29/2016,s,225.3,23.81264822,110.0355731,34.54387352
10/30/2016,s,225.3,14.02204724,58.08070866,27.46062992
10/31/2016,s,225.3,32.07857143,148.0714286,43.16428571
11/1/2016,s,225.3,16.49706458,79.57729941,44.08062622
11/2/2016,s,225.3,20.83255814,116.1085271,34.32790698
11/3/2016,s,225.3,23.34330709,84.93897638,24.21732283
11/4/2016,s,225.3,32.09302326,133.9108527,49.59069767
11/5/2016,s,225.3,19.95230769,78.84807692,17.55692308
11/6/2016,s,225.3,24.01395349,177.1472868,65.19069767
11/7/2016,s,225.3,24.6978389,99.89980354,41.31630648
11/8/2016,s,225.3,30.53696498,162.1964981,43.70661479
11/9/2016,s,225.3,26.17864078,153.2135922,32.77281553
11/10/2016,s,225.3,31.7106383,173.5647969,56.14700193
11/11/2016,s,225.3,26.85150905,93.70020121,27.96458753
11/12/2016,s,225.3,32.45725646,79.68665377,28.20119284
11/13/2016,s,225.3,19.12804642,46.6861167,26.5787234
11/14/2016,s,225.3,27.22677165,43.86282306,23.16614173
11/15/2016,s,225.3,30.55473888,86.11992263,24.4
11/16/2016,s,225.3,27.19133858,104.5137795,29.51020408
11/17/2016,s,225.3,29.69302326,69.49418605,17.71860465
11/18/2016,s,225.3,32.25657371,118.1095618,28.83585657
11/19/2016,s,225.3,52.39075145,329.7880539,57.04508671
11/20/2016,s,225.3,26.45925926,89.37860082,17.98271605
11/21/2016,s,225.3,30.23166023,125.8667954,592.3528958
11/22/2016,s,225.3,34.17220077,140.9401544,35.13590734
11/23/2016,s,225.3,24.21419878,76.35902637,17.46450304
11/24/2016,s,225.3,25.28454012,191.5753425,33.0739726
11/25/2016,s,225.3,30.0416185,144.7919075,30.48786127
11/26/2016,s,225.3,3.914166667,10.88958333,8.650833333
11/28/2016,s,225.3,17.32269939,72.67484663,15.77586912
11/28/2016,s,225.3,31.91428571,280.0436508,43.09047619
11/29/2016,s,225.3,31.21624758,171.6615087,33.04294004
11/30/2016,s,225.3,37.18554217,243.6787149,39.67710843
12/1/2016,s,225.3,24.8175,143.1145833,33.0775
12/2/2016,s,225.3,26.20829876,136.8319502,21.46058091
12/3/2016,s,225.3,44.26127168,171.6936416,70.2982659
12/4/2016,s,225.3,26.75076923,208.6269231,42.01846154
12/5/2016,s,225.3,65.27258687,433.3899614,149.7498069
12/6/2016,s,225.3,41.49278351,219.4886598,56.63257732
12/7/2016,s,225.3,27.27054108,245.7234469,33.80921844
12/8/2016,s,225.3,25.65560166,172.2427386,22.50871369
12/9/2016,s,225.3,20.21052632,56.37426901,11.32475634
12/10/2016,s,225.3,16.57933884,65.95247934,17.77190083
12/11/2016,s,225.3,14.93852459,62.25819672,18.00819672
12/12/2016,s,225.3,15.26257426,68.29306931,14.83722772
12/13/2016,s,225.3,15.27407407,52.30452675,25.6526749
12/14/2016,s,225.3,20.74588235,55.7,20.25176471
12/15/2016,s,225.3,19.81069307,87.9960396,21.03920792
12/16/2016,s,225.3,17.50062112,68.06004141,15.3863354
12/17/2016,s,225.3,8.667206478,43.58097166,9.012955466
12/18/2016,s,225.3,14.73684211,113.711501,29.01988304
12/19/2016,s,225.3,27.3770751,113.5533597,28.98735178
12/20/2016,s,225.3,17.10184049,59.02249489,11.94110429
12/22/2016,s,225.3,19.96752475,174.3960396,22.98772277
12/22/2016,s,225.3,22.46573146,85.70140281,17.65130261
12/23/2016,s,225.3,27.52765073,99.53638254,29.56091476
12/24/2016,s,225.3,41.91532258,196.8709677,55.97903226
12/25/2016,s,225.3,30.73564155,175.089613,32.54419552
12/26/2016,s,225.3,21.75953757,77.46242775,23.0982659
12/27/2016,s,225.3,26.88096192,92.53907816,26.25330661
12/28/2016,s,225.3,24.86011561,95.29094412,23.10982659
12/29/2016,s,225.3,18.4692607,75.32879377,15.28249027
12/30/2016,s,225.3,27.37190083,104.8884298,28.20495868
12/31/2016,s,225.3,30.68571429,104.1677019,25.33416149
1/1/2017,s,,31.65241935,158.5625,22.59677419
1/2/2017,s,,10.70805501,34.60314342,5.198428291
1/3/2017,s,,21.21351889,88.62624254,32.17097416
1/4/2017,s,,30.81656805,123.3925049,29.41775148
1/5/2017,s,,23.93553719,95.33471074,13.55702479
1/7/2017,s,,28.52038835,149.4038835,32.61436893
1/7/2017,s,,29.97844311,65.32135729,32.74011976
1/8/2017,s,,27.63,61.75,11.57538462
1/9/2017,s,,17.24701195,40.24701195,13.67649402
1/11/2017,s,,3.914166667,10.88958333,61.15357834
1/12/2017,s,,,,14.68888889
1/13/2017,s,,,,1.748995984
1/14/2017,s,,,,16.02
1/17/2017,s,,,,22.92098765
1/18/2017,s,,,,15.384375
1/19/2017,s,,,,38.58997996
1/26/2017,s,,,,15.83252033
1/27/2017,s,,,,11.52969697
1/28/2017,s,,,,14.79226306
1/29/2017,s,,,,11.31017964
2/3/2017,s,,,,15.68803089
2/4/2017,s,,,,21.41226216
2/6/2017,s,,,,36.3592955
2/10/2017,s,,,,27.1147929
2/11/2017,s,,,,22.58356713
2/14/2017,s,,,,24.45609756
2/18/2017,s,,,,18.63170732
2/23/2017,s,,,,15.00348162
2/24/2017,s,,,,18.95577299
2/25/2017,s,,,,13.29492901
2/26/2017,s,,,,41.80115607
2/27/2017,s,,,,22.27389831
