ID,date,est,cort,pro
p,4/3/2015,363.3522267,639.6194332,427.4493927
p,4/4/2015,574.4435484,643.4032258,388.5483871
p,4/5/2015,1180.889813,2565.130977,521.2474012
p,4/6/2015,587.176699,658.3456311,428.0854369
p,4/7/2015,399.3772455,632.5748503,386.4271457
p,4/8/2015,937.3767821,967.0386965,448.8798371
p,4/9/2015,437.6579477,825.7303823,393.8028169
p,4/10/2015,440.6111111,660.3095238,428.7142857
p,4/11/2015,220.2125984,538.8897638,311.1023622
p,4/12/2015,438.2985685,653.2515337,368.5889571
p,4/13/2015,487.3387097,960.9193548,457.2580645
p,4/15/2015,262.03861,706.8185328,345.5444015
p,4/17/2015,391.561753,629.0438247,450.7569721
p,4/18/2015,805.245509,1047.305389,407.0259481
p,4/19/2015,540.8230453,969.3333333,405.8436214
p,4/20/2015,268.2053388,760.4106776,295.5400411
p,4/21/2015,224.3571429,481.0238095,297.3809524
p,4/22/2015,588.2157996,779.8612717,388.2851638
p,4/23/2015,818.6178862,911.3414634,428.9430894
p,4/24/2015,208.3040936,487.7192982,263.1578947
p,4/25/2015,585.8485437,740.807767,380.1165049
p,4/26/2015,702.2535211,667.9678068,407.0020121
p,4/27/2015,248.1882353,554.0705882,331.372549
p,4/28/2015,471.3765182,884.8906883,486
p,5/1/2015,368.1574803,721.7952756,357.7952756
p,5/2/2015,1442.452906,1091.735471,532.2645291
p,5/3/2015,545.377176,863.1876209,337.2533849
p,5/4/2015,302.78125,1284.210938,332.71875
p,5/5/2015,281.0250482,1140.693642,344.2774566
p,5/6/2015,930.1022495,636.0981595,516.6462168
p,5/7/2015,1740.430894,1002.317073,733.9837398
p,5/8/2015,516.2315369,951.0179641,442.2035928
p,5/9/2015,892.3178295,866.5348837,481.5503876
p,5/10/2015,531.25,993.7741935,457.0967742
p,5/11/2015,484.9920635,1246.714286,502.5396825
p,5/12/2015,196.1731959,1218.061856,351.3154639
p,5/14/2015,438.6906188,864.6227545,405.1097804
p,5/15/2015,680.3326572,955.9837728,450.6288032
p,5/16/2015,323.2638037,892.4171779,375.4601227
p,5/17/2015,300.0703125,951.2109375,377.578125
p,5/18/2015,363.1445087,1522.196532,337.2639692
p,5/19/2015,505.8939096,1210.32613,428.5265226
p,5/20/2015,153.7649326,1095.375723,450.867052
p,5/21/2015,375.581854,889.6804734,376.1893491
p,5/22/2015,829.8412698,1208.142857,486.3492063
p,5/23/2015,1099.726358,731.8551308,563.3802817
p,5/24/2015,1046.928571,1577.380952,.
p,5/25/2015,345.0135397,1969.555126,361.8800774
p,5/26/2015,448.950495,738.9386139,356.039604
p,5/27/2015,1756.54321,1948.469136,.
p,5/28/2015,375.1673152,1277.649805,.
p,5/29/2015,510.6885246,937.6229508,.
p,5/30/2015,674.2367347,603.844898,.
p,5/31/2015,513.4140625,730.7578125,.
p,6/1/2015,844.876494,499.9840637,.
p,6/3/2015,446.8196721,685.647541,.
p,6/4/2015,607.8962076,1274.419162,.
p,6/5/2015,263.4567901,760.7160494,.
p,6/6/2015,426.3673469,1057.15102,.
p,6/7/2015,379.81893,920.7407407,.
p,6/8/2015,440.2755906,946.3228346,324.2519685
p,6/9/2015,401.5503876,433.4186047,462.1705426
p,6/10/2015,415.031746,726.6428571,413.8888889
p,6/11/2015,424.1484536,764.1154639,303.8845361
p,6/12/2015,242.9019608,596.7058824,336.627451
p,6/13/2015,665.9639279,852.6973948,418.6773547
p,6/14/2015,1322.811881,644.150495,389.1485149
p,6/15/2015,540.745098,719.5058824,397.2705882
p,6/16/2015,636.630303,841.7212121,341.8181818
p,6/17/2015,423.0361446,640.4819277,443.8554217
p,6/18/2015,816.6412826,822.0601202,471.5831663
p,6/19/2015,373.6895874,940.4557957,.
p,6/20/2015,1007.062016,986.5813953,474.496124
p,6/21/2015,3377.769547,727.654321,713.0864198
p,6/21/2015,827.4806202,529.9069767,318.2945736
p,6/22/2015,439.6220472,973.2519685,320.2440945
p,6/23/2015,507.8110236,1843.370079,354.8818898
p,6/24/2015,892.6584362,1933.530864,344.526749
p,6/25/2015,683.5,943.4754098,330.9836066
p,6/26/2015,1566.195122,2103.731707,437.195122
p,6/27/2015,396.4330709,1021.795276,310.6299213
p,6/28/2015,1356.605108,1505.163065,454.459725
p,6/29/2015,2492.728,1371.144,497.28
s,4/3/2015,691.74,682.296,305.352
s,4/4/2015,1805.942029,283.5279503,201.0186335
s,4/5/2015,504.0733591,158.4324324,159.011583
s,4/6/2015,786.2298387,344.3951613,209.9758065
s,4/7/2015,1270.497018,461.6540755,201.1133201
s,4/8/2015,663.2377049,429.4180328,202.795082
s,4/9/2015,2067.84,300.696,158.904
s,4/10/2015,651.1003861,380.5019305,163.8764479
s,4/11/2015,402.6760563,236.3299799,129.5130785
s,4/12/2015,688.2716049,153.8518519,100.2222222
s,4/13/2015,820.5384615,295.5,106.5461538
s,4/14/2015,986.9917012,304.1825726,151.5435685
s,4/15/2015,801.3899614,525.1969112,126.4864865
s,4/17/2015,1170.629921,302.9291339,107.503937
s,4/18/2015,772.2199593,565.0753564,98.90835031
s,4/19/2015,515.5226824,362.9585799,110.3431953
s,4/20/2015,1294.043393,578.6035503,265.8461538
s,4/21/2015,2774.958848,624.691358,164.1481481
s,4/22/2015,1388.011928,346.0675944,125.9642147
s,4/23/2015,1418.77551,470.2040816,147.3061224
s,4/24/2015,1116.55642,429.5719844,147.2217899
s,4/25/2015,1712.23301,653.0097087,159.9378641
s,4/26/2015,504.0429688,411.421875,190.6875
s,4/27/2015,1018.548708,202.9502982,123.6739563
s,4/28/2015,902.5098039,600.7529412,191.1529412
s,5/1/2015,301.2451362,278.5680934,98.89494163
s,5/2/2015,777.8269618,285.1267606,149.722334
s,5/3/2015,1382.887189,380.0764818,147.8546845
s,5/4/2015,705.2123552,357.7992278,121.3436293
s,5/5/2015,2502.037422,408.6237006,224.008316
s,5/6/2015,801.7319588,383.3072165,110.1525773
s,5/7/2015,682.0428016,322.7159533,118.2256809
s,5/8/2015,705.1234568,444.8148148,205.4074074
s,5/9/2015,1329.403579,700.3658052,226.9502982
s,5/10/2015,338.1538462,312.7384615,141.2307692
s,5/11/2015,567.8571429,425.9510204,172.1387755
s,5/12/2015,1793.945841,787.0096712,269.6866538
s,5/14/2015,2729.263566,421.3953488,180.9767442
s,5/15/2015,788.7739464,528,211.1724138
s,5/16/2015,1410.098619,561.3964497,211.3846154
s,5/17/2015,1096.73428,424.7951318,140.4219067
s,5/18/2015,1109.653846,344.6769231,165.4615385
s,5/19/2015,916.7916667,543.95,140.25
s,5/20/2015,692.1289063,471,144
s,5/21/2015,457.8019802,270.5584158,123.8970297
s,5/22/2015,786.996124,268.4418605,174.8372093
s,5/23/2015,608.5546875,462.8203125,241.9453125
s,5/24/2015,882.4361493,591.3713163,245.3516699
s,5/25/2015,694.7524752,679.1762376,213.6475248
s,5/26/2015,667.4549098,304.4008016,216.9378758
s,5/27/2015,404.6978558,401.6842105,104.7017544
s,5/28/2015,343.44294,274.1663443,117.6092843
s,5/29/2015,1421.507937,687.4761905,292.0714286
s,5/30/2015,1054.826884,329.3279022,177.2138493
s,5/31/2015,1024.192308,418.2461538,185.9538462
s,6/1/2015,235.523614,179.6550308,124.1889117
s,6/3/2015,2446.970297,567.2316832,268.5386139
s,6/4/2015,1179.580838,515.1616766,180.7185629
s,6/5/2015,547.3577236,329.8292683,
s,6/6/2015,446.6797642,280.4086444,116.8408644
s,6/7/2015,1797.321773,718.982659,214.5433526
s,6/8/2015,1459.596929,665.3205374,212.890595
s,6/9/2015,1023.384913,578.8549323,241.6943907
s,6/10/2015,1251.99211,437.7514793,254.1301775
s,6/11/2015,821.5039063,614.296875,154.546875
s,6/12/2015,849.6296296,787.9259259,251.1111111
s,6/13/2015,1214.98,762.336,285.12
s,6/14/2015,667.6861167,739.0020121,137.0462777
s,6/15/2015,1202.669246,1106.390716,246.7079304
s,6/16/2015,319.0778689,983.6557377,165.7622951
s,6/17/2015,566.199187,833.8780488,200.3414634
s,6/18/2015,723.7186898,656.2312139,144.4855491
s,6/19/2015,434.612326,643.2286282,152.5884692
s,6/21/2015,737.8156313,558.4208417,172.0641283
s,6/21/2015,555.6969697,504.969697,193.3818182
s,6/22/2015,1101.431452,662.1774194,174.0483871
s,6/23/2015,556.008316,440.6320166,144.8981289
s,6/24/2015,617.5208333,632.625,.
s,6/25/2015,837.7058824,365.5764706,.
s,6/25/2015,816.1598441,240.5380117,163.1578947
s,6/26/2015,746.0122699,442.6257669,.
s,6/27/2015,573.9183673,141.3795918,.
s,6/28/2015,963.4897959,598.8,254.3510204
s,6/29/2015,962.504931,410.0828402,176.6627219
s,6/30/2015,384.4747082,240.4435798,105.4785992
s,7/1/2015,882.4758221,310.2823985,110.2282398
s,7/2/2015,352.1153846,285.2307692,116.9307692
s,7/4/2015,424.4848485,286.1090909,134.0363636
s,7/5/2015,482.8988327,258.6536965,116.3346304
s,7/6/2015,413.68,273.6,105.696
s,7/7/2015,690.5335968,421.1620553,222.7588933
s,7/8/2015,593.6307054,413.9253112,111.3609959
s,7/9/2015,1255.125,374.525,335.55
s,7/10/2015,910.3244275,492.5954198,160.6259542
s,7/11/2015,2502.529183,1059.945525,310.9727626
s,7/12/2015,1121.141199,523.8452611,198.8704062
s,7/13/2015,1100.75,459.9230769,206.5846154
s,7/13/2015,776.6804979,397.0207469,141.0871369
s,7/14/2015,804.6346154,506.6538462,118.4538462
s,7/15/2015,1068.436874,390.3246493,145.2264529
s,7/16/2015,1863.463035,668.2412451,230.9182879
s,7/17/2015,846.4413519,432.8588469,125.8210736
s,7/18/2015,761.1570248,496.0909091,74.75206612
s,7/19/2015,891.1491935,604.3064516,195.8951613
s,7/20/2015,375.8531746,373.6190476,101.5714286
s,7/21/2015,472.248996,446.313253,127.0120482
s,7/22/2015,818.254902,619.4352941,187.1294118
s,7/23/2015,412.5527831,225.9040307,94.87140115
s,7/24/2015,1149.772727,536.107438,194.3553719
s,7/25/2015,824.185567,467.4309278,195.142268
s,7/26/2015,344.0740741,122.9005848,66.1754386
s,7/27/2015,625.9038462,310.5,127.3846154
s,7/28/2015,350.6639839,77.0945674,86.99396378
s,7/29/2015,841.8410853,249.9534884,192.1395349
s,7/30/2015,611.1632653,851.3877551,125.044898
s,7/31/2015,1250.039216,456.8705882,158.3294118
s,8/1/2015,455.8269231,273.7153846,132.8538462
s,8/2/2015,546.506986,240.6706587,151.6167665
s,8/3/2015,421.8019802,172.8712871,125.6792079
s,8/4/2015,730.8582834,370.7305389,182.9461078
s,8/5/2015,490.4958678,288.446281,113.8760331
s,8/6/2015,310.3784861,155.0438247,90.86055777
s,8/7/2015,711.2936345,341.8644764,174.6036961
s,8/8/2015,402.7692308,361.2923077,74.28461538
s,8/9/2015,836.0437376,529.2405567,160.3180915
s,8/10/2015,250.42,126.624,.
s,8/11/2015,405.2788845,148.876494,90
s,8/12/2015,1001.9,628.704,191.448
s,8/13/2015,424.3570058,409.8426104,61.35892514
s,8/14/2015,502.9614604,498.4989858,166.0527383
s,8/15/2015,364.2743539,422.1232604,119.666004
s,8/16/2015,511.6633663,657.5762376,145.7821782
s,8/17/2015,1543.423077,494.7230769,183.3230769
s,8/18/2015,378.9866157,404.2370937,152.2600382
s,8/19/2015,1201.936759,756.56917,178.0790514
s,8/20/2015,521.257485,473.4850299,116.4790419
s,8/21/2015,1478.732943,540.7017544,190.7368421
s,8/22/2015,885.2446184,272.853229,86.01956947
s,8/23/2015,1268.154762,411.7380952,159.7142857
s,8/24/2015,2650.159681,1641.005988,191.5688623
s,8/25/2015,1502.922465,525.6858847,144.6441352
s,8/26/2015,794.3866944,453.3804574,145.6465696
s,8/27/2015,999.5238095,376.7857143,106.7142857
s,8/28/2015,1185.571142,374.2364729,165.0661323
s,8/29/2015,1928.401559,451.7426901,209.4035088
s,8/30/2015,1378.8,225.696,.
s,8/31/2015,1287.582645,161.9752066,.
s,1/1/2016,338.9349112,349.0729783,177.8698225
s,1/2/2016,298.6720322,108.5311871,175.943662
s,1/3/2016,1067.232323,648.0969697,304.0727273
s,1/4/2016,556.3052209,423.9116466,225.686747
s,1/5/2016,860.9448819,653.1023622,328.1102362
s,1/6/2016,780,429.9881188,283.7227723
s,1/7/2016,1097.947686,445.8832998,404.4748491
s,1/8/2016,540.4268293,335.3495935,238.902439
s,1/9/2016,820.0978474,563.334638,293.9178082
s,1/10/2016,508.88,256.664,202.392
s,1/11/2016,972.34,325.536,292.608
s,1/12/2016,330.9134615,170.4326923,90.14423077
s,1/13/2016,826.4583333,309.875,225.675
s,1/14/2016,464.99002,329.0938124,157.7964072
s,1/16/2016,753.6491935,612.9112903,318.1935484
s,1/17/2016,1249.072165,1017.05567,319.6948454
s,1/18/2016,654.4615385,791.7923077,307.5923077
s,1/19/2016,478.4027778,320.8333333,226.25
s,1/20/2016,619.1923077,401.8615385,281.9076923
s,1/21/2016,1447.90099,883.009901,563.5247525
s,1/22/2016,337.9038462,300.9692308,176.9538462
s,1/23/2016,1085.474747,569.2363636,112.6545455
s,1/24/2016,844.6245059,431.4940711,329.6205534
s,1/25/2016,1070.019802,502.7485149,311.9524752
s,1/26/2016,390.982659,252.539499,195.2601156
s,1/27/2016,997.9352227,459.0769231,261.7651822
s,1/28/2016,516.9306931,347.4772277,199.3188119
s,1/29/2016,698.0903491,354.5462012,365.100616
s,1/30/2016,1972.695313,676.609375,333.984375
s,1/31/2016,860.8514851,381.5445545,233.6792079
s,2/1/2016,942.6153846,329.1230769,140.7461538
s,2/2/2016,990.5625,404.0583333,323.475
s,2/3/2016,1158.906883,310.2753036,273.9352227
s,2/4/2016,1199.141221,295.259542,239.5648855
s,2/5/2016,1289.098039,429.2627451,278.5411765
s,2/6/2016,1379.502075,311.1120332,271.7178423
s,2/7/2016,1464.9501,316.0798403,305.245509
s,2/8/2016,1825.645833,390.6666667,352.35
s,2/9/2016,1113.561077,543.5279503,268.0248447
s,2/10/2016,1109.311024,352.2519685,297.1417323
s,2/11/2016,2653.454545,432.5818182,454.6909091
s,2/12/2016,1122.02729,256.0779727,275.7894737
s,2/13/2016,594.1,149.296,156.456
s,2/14/2016,250.8571429,84.60408163,91.2
s,2/15/2016,215.86,152.776,77.664
s,2/16/2016,1651.633858,316.4251969,270.2125984
s,2/17/2016,251.3193117,103.2887189,100.5659656
s,2/18/2016,1880.082305,348.526749,277.6296296
s,2/19/2016,1006.020408,258.4081633,244.7265306
s,2/21/2016,2296.214575,826.097166,468.8744939
s,2/22/2016,458.484252,140.4173228,145.5826772
s,2/23/2016,1734.543726,341.9163498,324.9581749
s,2/24/2016,2618.590734,616.2857143,371.1891892
s,2/25/2016,1541.428571,510.9565217,352.621118
s,2/29/2016,715.5918367,380.0571429,321.4285714
s,3/1/2016,1291.703854,435.148073,399.2129817
s,3/2/2016,1570.745098,408.4156863,499.6235294
s,3/3/2016,2200.314342,442.2789784,469.2730845
s,3/4/2016,959.2479675,297.6585366,306.5853659
s,3/5/2016,2148.511066,430.0523139,482.3420523
s,3/6/2016,1509.94012,369.7884232,428.8383234
s,3/7/2016,2637.474542,620.2851324,430.2403259
s,3/8/2016,1396.22,332.528,421.2
s,3/9/2016,1218.985507,444.9358178,347.4037267
s,3/10/2016,1377.524178,371.9458414,381.655706
s,3/11/2016,1788.235294,300.811359,399.9432049
s,3/12/2016,995.1976285,321.1857708,372.2371542
s,3/13/2016,807.6893204,322.9980583,265.4912621
s,3/14/2016,992.555332,364.2736419,317.915493
s,3/15/2016,626.0956175,236.4780876,208.9721116
s,3/16/2016,1399.83871,362.4274194,379.016129
s,3/17/2016,1251.309524,517.015873,412.5
s,3/18/2016,996.1046512,267.8914729,346.8837209
s,3/19/2016,1503.333333,444.4862745,411.6705882
s,3/21/2016,2382.007874,562.5748031,491.9527559
s,3/22/2016,2140.019646,545.1709234,501.3831041
s,3/23/2016,1701.44898,382.0163265,447.2816327
s,3/24/2016,1230.407332,342.2892057,340.0570265
s,3/28/2016,726.5439673,165.2377049,255.2392638
s,3/29/2016,807.9876797,179.6790123,294.9486653
s,3/30/2016,274.25,50.17142857,138
s,3/31/2016,992.2336066,252.675835,240.3442623
s,3/31/2016,772.9423868,238.2798354,281.7037037
s,4/1/2016,847.6122449,239,265.9591837
s,4/2/2016,530.1178782,141.2796781,205.2495088
s,4/3/2016,409.6721311,77.18834951,185.9016393
s,4/4/2016,266.1046512,73.28063241,101.372093
s,4/5/2016,498.5110664,182.9105058,216.6519115
s,4/6/2016,1147.631068,272.2174757,255.7048544
s,4/7/2016,906.1660079,281.6284585,255.5573123
s,4/8/2016,2014.357977,431.0194553,339.3385214
s,4/10/2016,918.75,272.925,290.325
s,4/10/2016,3294.101563,529.9921875,291.234375
s,4/11/2016,1387.346939,331.877551,365.8040816
s,4/12/2016,879.6679688,219.7734375,278.3671875
s,4/13/2016,1230.481696,280,288.5549133
s,4/14/2016,1817.042254,352.7323944,309.0784708
s,4/15/2016,2272.734375,539.1796875,354.796875
s,4/17/2016,1491.325052,323.7101449,318.5590062
s,4/18/2016,1794.417671,343.5100402,369.7590361
s,4/19/2016,1775.340206,399.8762887,340.9979381
s,4/20/2016,1828.723404,597.7794971,355.1953578
s,4/21/2016,947.3346304,466.3657588,446.4280156
s,4/22/2016,1298.461538,343.7255717,341.7380457
s,4/23/2016,1345.976563,326.71875,287.15625
s,4/24/2016,1770.393701,442.3228346,301.5354331
s,4/25/2016,1584.252427,467.6660194,381.8796117
s,4/26/2016,1339.492901,295.0831643,339.3346856
s,4/27/2016,1096.995885,333.563786,224.1481481
s,4/28/2016,1276.814672,323.1428571,174.5096525
s,4/29/2016,1815.867769,423.7438017,314.4049587
s,4/30/2016,1512.83237,349.8651252,242.4971098
s,5/1/2016,1041.686275,223.1921569,208.8705882
s,5/2/2016,1160.914634,280.9430894,253.8292683
s,5/3/2016,1245.539419,485.0124481,292.9294606
s,5/4/2016,501.1340206,231.6206186,336.0247423
s,5/5/2016,826.4117647,286.0784314,278.1882353
s,5/6/2016,788.3693517,254.1925344,232.1257367
s,5/7/2016,1794.45663,434.1375872,372.4905284
s,5/8/2016,1603.444227,252.8610568,342.1056751
s,5/9/2016,1145.97561,238.3333333,399.6585366
s,5/10/2016,1166.855469,210.6796875,289.40625
s,5/11/2016,1219.189723,202.972332,310.7667984
s,5/12/2016,674.033264,164.8232848,285.6798337
s,5/13/2016,747.6583493,304.9673704,228.2994242
s,5/15/2016,876.5277778,203.7777778,266.3571429
s,5/16/2016,1274.692308,6122.146154,278.7923077
s,5/17/2016,1653.292929,244.0808081,330.0363636
s,5/18/2016,1750.118812,305.2752475,488.6019802
s,5/19/2016,1798.672032,302.527163,381.22334
s,5/23/2016,1153.754941,222.0948617,297.9604743
s,5/24/2016,1711.820041,260.6298569,352.0490798
s,5/25/2016,1320.618762,370.8982036,257.6047904
s,5/26/2016,765.3783231,229.595092,223.0674847
s,5/28/2016,1478.553719,265.0743802,328.9834711
s,5/29/2016,1281.523046,320.0480962,330.492986
s,6/1/2016,1262.755102,215.1591837,279.6244898
s,6/3/2016,2299.381044,3583.009671,292.5957447
s,6/5/2016,1179.524793,379.5123967,237.7933884
s,6/6/2016,988.7751004,430.9076305,307.4457831
s,6/7/2016,2092.205029,587.7833656,272.8897485
s,6/8/2016,1240,542.8536585,297.4390244
s,6/10/2016,1620.697674,446.496124,219.627907
s,6/11/2016,865.9459459,266.8108108,225.7992278
s,6/12/2016,909.1700405,565.5546559,211.0445344
s,6/13/2016,931.9958848,423.5061728,234.8148148
s,6/15/2016,1326.245059,437.1067194,223.9683794
s,6/16/2016,1337.374749,415.3987976,298.5330661
s,6/17/2016,1056.607843,375.6392157,265.0588235
s,6/18/2016,1336.904762,325.468254,216.5
s,6/19/2016,800.8644401,239.2062868,198.3182711
s,6/20/2016,1084.59725,308.0943026,197.2573674
s,6/21/2016,1186.42998,533.6252465,295.2426036
s,6/22/2016,1223.588235,472.854902,234.2823529
s,6/24/2016,679.184466,279.8524272,159.5184466
s,6/25/2016,1785.884615,653.0615385,314.1692308
s,6/29/2016,1721.552063,606.0353635,222.8605108
s,6/30/2016,378,211.808,170.712
s,7/12/2016,2233.245968,544.9596774,315.2177419
s,7/13/2016,1813.232932,585.5662651,326.313253
s,7/14/2016,1539.263566,623.2015504,340.6046512
s,7/17/2016,1351.252567,478.201232,315.7207392
s,7/18/2016,1062.461538,6569.1,336.0461538
s,7/19/2016,1303.360489,539.5845214,314.4684318
s,7/20/2016,885.2046784,543.9610136,290.5263158
s,7/21/2016,2568.915663,10838.38554,458.0963855
s,7/22/2016,1003.436293,744.5328185,297.6602317
s,7/23/2016,1105.038911,566.0389105,454.4824903
s,7/24/2016,868.4879032,568.016129,279.8709677
s,7/25/2016,1064.512922,792.5248509,427.6341948
s,7/26/2016,1018.681542,436.6004057,269.306288
s,7/27/2016,776.4603482,488.1547389,278.3907157
s,7/28/2016,1398.928571,463.8809524,382.2857143
s,7/29/2016,407.5050302,319.2676056,241.1348089
s,7/30/2016,584.1393443,310.8934426,346.5
s,7/31/2016,717.1517672,634.6029106,312.6985447
s,8/1/2016,2656.25,1066.717742,378.7258065
s,8/3/2016,1132.442308,623.1,337.8461538
s,8/4/2016,921.7115385,600.0230769,250.8923077
s,8/5/2016,939.2563601,1099.819961,389.1663405
s,8/6/2016,991.1646586,550.5783133,247.5180723
s,8/7/2016,676.5936255,473.3784861,204.4541833
s,8/8/2016,561.8825911,402.2672065,236.3319838
s,8/9/2016,434.198783,957.4442191,171.6024341
s,8/10/2016,782.7920792,474.1782178,250.360396
s,8/12/2016,382.7868852,345.0163934,192.2459016
s,8/13/2016,477.1760155,528.8355899,182.2978723
s,8/14/2016,923.8030888,443.6293436,388.4247104
s,8/15/2016,784.0667976,490.0196464,252.1414538
s,8/16/2016,386.2896825,349.1746032,186.5714286
s,8/17/2016,678.8247423,448.6762887,181.0391753
s,8/18/2016,773.6923077,850.6384615,267.6461538
s,8/19/2016,643.5502959,432.6390533,270.816568
s,8/20/2016,593.4081633,465.6244898,177.355102
s,8/21/2016,653.976834,474.6254826,196.6795367
s,8/21/2016,1457.302505,714.4971098,399.1907514
s,8/22/2016,802.2016461,486,312.6666667
s,8/23/2016,351.2903226,402.4435484,150.8709677
s,8/24/2016,490.3076923,324.6,148.8461538
s,8/25/2016,628.6902287,443.027027,181.4968815
s,8/26/2016,527.4949495,429.6,232.4363636
s,8/27/2016,707.4609375,590.5546875,212.765625
s,8/28/2016,734.0612245,564.0489796,239.8040816
s,8/29/2016,702.6061776,630.3011583,213.5675676
s,8/30/2016,582.4564797,549.9651838,217.3926499
s,8/31/2016,467.75,367.3615385,131.8153846
s,9/1/2016,788.5214008,463.0505837,224.1245136
s,9/2/2016,1150.28866,565.5092784,287.257732
s,9/3/2016,1056.742739,602.340249,317.2033195
s,9/4/2016,583.0538922,533.3333333,182.8023952
s,9/5/2016,926.0208333,470.4416667,270.3
s,9/6/2016,709.2213115,410.0655738,184.8688525
s,9/7/2016,893.5009671,445.8800774,251.582205
s,9/8/2016,872.972973,351.7065637,148.030888
s,9/9/2016,1137.369478,339.1084337,217.5903614
s,9/10/2016,724.5631068,504.768932,211.176699
s,9/11/2016,1047.7842,572.7013487,277.8728324
s,9/12/2016,811.2127237,381.3518887,269.6779324
s,9/13/2016,1215.516529,496.338843,227.4545455
s,9/14/2016,923.9615385,391.8,241.2692308
s,9/15/2016,1706.933868,630.2284569,306.757515
s,9/16/2016,1443.747535,646.556213,424.5443787
s,9/18/2016,1416.647287,470.1627907,294.1395349
s,9/19/2016,1247.288802,516.589391,309.1473477
s,9/20/2016,702.3865878,338.1333333,183.3454545
s,9/21/2016,1357.267442,528.1609658,224.6921529
s,9/22/2016,1183.280943,586.7111984,300.4479371
s,9/23/2016,652.5252525,387.2161616,186.8363636
s,9/24/2016,1479.71831,621.8028169,264.7484909
s,9/25/2016,1009.089147,292.8604651,233.6511628
s,9/26/2016,816.7983368,253.3970894,241.4469854
s,9/27/2016,984.1796875,495.328125,230.8359375
s,9/28/2016,1221.184466,480.9786408,237.8097087
s,9/29/2016,786.0810811,263.3050193,186.6718147
s,9/30/2016,1158.784861,428.2948207,281.7609562
s,10/1/2016,1552.638889,632.5952381,346.2142857
s,10/2/2016,2022.123016,814.3984064,393.9920319
s,10/3/2016,1046.115538,418.1014199,259.3022312
s,10/5/2016,445.1318458,188.16826,160.4512428
s,10/6/2016,1448.833652,560.2380952,358.0714286
s,10/7/2016,837.9166667,350.2268041,211.843299
s,10/8/2016,2567.525773,751.2298137,275.0310559
s,10/9/2016,1416.480331,485.4566474,302.8439306
s,10/10/2016,1907.880539,394.5497076,263.8596491
s,10/11/2016,838.4795322,224.4291498,157.9919028
s,10/12/2016,806.8825911,333.6296296,198.0740741
s,10/13/2016,1120.534979,482.3953488,212.9302326
s,10/14/2016,1672.189922,878.9491283,373.8428469
s,10/16/2016,991.9035109,312.9677419,287.0564516
s,10/16/2016,725.9072581,223.8884462,219.6573705
s,10/17/2016,1158.187251,545.5687885,287.1129363
s,10/18/2016,655.9958932,300.4243615,188.4872299
s,10/19/2016,917.2336066,329.704918,281.8770492
s,10/20/2016,945.6346154,448.4076923,246.1846154
s,10/21/2016,676.743738,253.0867052,202.7514451
s,10/23/2016,1226.178862,478.3902439,281.5609756
s,10/24/2016,751.9111969,286.6100386,268.8880309
s,10/24/2016,651.3786408,153.9262136,133.1883495
s,10/25/2016,570.019685,245.4330709,126.4488189
s,10/26/2016,726.8918919,295.9227799,206.1312741
s,10/27/2016,1133.668639,496.7337278,252.4970414
s,10/28/2016,410.6949807,267.9150579,109.2277992
s,10/29/2016,1100.355731,345.4387352,238.1264822
s,10/30/2016,580.8070866,274.6062992,140.2204724
s,10/31/2016,1480.714286,431.6428571,320.7857143
s,11/1/2016,795.7729941,440.8062622,164.9706458
s,11/2/2016,1161.085271,343.2790698,208.3255814
s,11/3/2016,849.3897638,242.1732283,233.4330709
s,11/4/2016,1339.108527,495.9069767,320.9302326
s,11/5/2016,788.4807692,175.5692308,199.5230769
s,11/6/2016,1771.472868,651.9069767,240.1395349
s,11/7/2016,998.9980354,413.1630648,246.978389
s,11/8/2016,1621.964981,437.0661479,305.3696498
s,11/9/2016,1532.135922,327.7281553,261.7864078
s,11/10/2016,1735.647969,561.4700193,317.106383
s,11/11/2016,937.0020121,279.6458753,268.5150905
s,11/12/2016,796.8665377,282.0119284,324.5725646
s,11/13/2016,466.861167,265.787234,191.2804642
s,11/14/2016,438.6282306,231.6614173,272.2677165
s,11/15/2016,861.1992263,244,305.5473888
s,11/16/2016,1045.137795,295.1020408,271.9133858
s,11/17/2016,694.9418605,177.1860465,296.9302326
s,11/18/2016,1181.095618,288.3585657,322.5657371
s,11/19/2016,3297.880539,570.4508671,523.9075145
s,11/20/2016,893.7860082,179.8271605,264.5925926
s,11/21/2016,1258.667954,5923.528958,302.3166023
s,11/22/2016,1409.401544,351.3590734,341.7220077
s,11/23/2016,763.5902637,174.6450304,242.1419878
s,11/24/2016,1915.753425,330.739726,252.8454012
s,11/25/2016,1447.919075,304.8786127,300.416185
s,11/26/2016,108.8958333,86.50833333,39.14166667
s,11/28/2016,726.7484663,157.7586912,173.2269939
s,11/28/2016,2800.436508,430.9047619,319.1428571
s,11/29/2016,1716.615087,330.4294004,312.1624758
s,11/30/2016,2436.787149,396.7710843,371.8554217
s,12/1/2016,1431.145833,330.775,248.175
s,12/2/2016,1368.319502,214.6058091,262.0829876
s,12/3/2016,1716.936416,702.982659,442.6127168
s,12/4/2016,2086.269231,420.1846154,267.5076923
s,12/5/2016,4333.899614,1497.498069,652.7258687
s,12/6/2016,2194.886598,566.3257732,414.9278351
s,12/7/2016,2457.234469,338.0921844,272.7054108
s,12/8/2016,1722.427386,225.0871369,256.5560166
s,12/9/2016,563.7426901,113.2475634,202.1052632
s,12/10/2016,659.5247934,177.7190083,165.7933884
s,12/11/2016,622.5819672,180.0819672,149.3852459
s,12/12/2016,682.9306931,148.3722772,152.6257426
s,12/13/2016,523.0452675,256.526749,152.7407407
s,12/14/2016,557,202.5176471,207.4588235
s,12/15/2016,879.960396,210.3920792,198.1069307
s,12/16/2016,680.6004141,153.863354,175.0062112
s,12/17/2016,435.8097166,90.12955466,86.67206478
s,12/18/2016,1137.11501,290.1988304,147.3684211
s,12/19/2016,1135.533597,289.8735178,273.770751
s,12/20/2016,590.2249489,119.4110429,171.0184049
s,12/22/2016,1743.960396,229.8772277,199.6752475
s,12/22/2016,857.0140281,176.5130261,224.6573146
s,12/23/2016,995.3638254,295.6091476,275.2765073
s,12/24/2016,1968.709677,559.7903226,419.1532258
s,12/25/2016,1750.89613,325.4419552,307.3564155
s,12/26/2016,774.6242775,230.982659,217.5953757
s,12/27/2016,925.3907816,262.5330661,268.8096192
s,12/28/2016,952.9094412,231.0982659,248.6011561
s,12/29/2016,753.2879377,152.8249027,184.692607
s,12/30/2016,1048.884298,282.0495868,273.7190083
s,12/31/2016,1041.677019,253.3416149,306.8571429
s,1/1/2017,1585.625,225.9677419,316.5241935
s,1/2/2017,346.0314342,51.98428291,107.0805501
s,1/3/2017,886.2624254,321.7097416,212.1351889
s,1/4/2017,1233.925049,294.1775148,308.1656805
s,1/5/2017,953.3471074,135.5702479,239.3553719
s,1/7/2017,653.2135729,327.4011976,299.7844311
s,1/7/2017,1494.038835,326.1436893,285.2038835
s,1/8/2017,617.5,115.7538462,276.3
s,1/9/2017,402.4701195,136.7649402,172.4701195
m,4/3/2015,673.6561265,460.9565217,270.9960474
m,4/4/2015,354.17154,386.0584795,175.7192982
m,4/5/2015,647.2635815,439.6539235,201.1509054
m,4/6/2015,979.3503937,560.2913386,206.8582677
m,4/7/2015,556.3944223,414.3824701,238.374502
m,4/8/2015,719.9805068,880.9590643,232.4912281
m,4/9/2015,492.14,434.136,198.432
m,4/10/2015,366.6532258,525.3387097,156.7741935
m,4/11/2015,727.9876797,552.3696099,268.7802875
m,4/12/2015,661.6153846,549.1153846,204.0923077
m,4/13/2015,790.6809339,544.2723735,267.0583658
m,4/14/2015,585.8116232,544.2805611,199.6953908
m,4/15/2015,804.72,389.904,228.6
m,4/17/2015,960.3420523,1117.907445,290.1730382
m,4/18/2015,1567.210216,454.3732809,314.3811395
m,4/19/2015,1819.593496,363.8780488,250.902439
m,4/20/2015,696.4547206,340.2312139,189.5028902
m,4/21/2015,789.5876289,637.9793814,362.5979381
m,4/22/2015,1222.727273,452.0826446,205.8099174
m,4/23/2015,735.6,503.616,219.096
m,4/24/2015,876.5,661.925,288.675
m,4/25/2015,1300.08,407.256,214.488
m,4/26/2015,766.1857708,400.5296443,253.3517787
m,4/27/2015,734.0792079,393.1485149,188.6970297
m,4/28/2015,535.3658537,540.3658537,252.2926829
m,5/1/2015,1237.651663,405.4637965,228.1878669
m,5/2/2015,847.6844262,593.6803279,262.7704918
m,5/3/2015,1228.466135,673.4103586,389.8326693
m,5/4/2015,458.4337349,750.9638554,354.3614458
m,5/5/2015,997.4612403,372.2790698,390.4186047
m,5/6/2015,586.4212679,605.5460123,237.3496933
m,5/7/2015,950.9807692,504.6,282.8769231
m,5/8/2015,2202.884615,.,531.7615385
m,5/9/2015,939.4230769,553.0384615,380.6307692
m,5/10/2015,2360.779727,729.2163743,370.7368421
m,5/11/2015,1133.927856,542.741483,371.3266533
m,5/12/2015,1418.903846,660.2538462,370.3153846
m,5/14/2015,2151.375969,985.9302326,469.1860465
m,5/15/2015,995.3281853,329.0501931,282.4401544
m,5/16/2015,1200.708333,1061.175,300.6
m,5/17/2015,731.0103093,295.2,203.0103093
m,5/18/2015,1232.978723,602.7852998,279.1566731
m,5/19/2015,1755.360624,615.2748538,303.9298246
m,5/20/2015,1111.309524,654.5,257
m,5/21/2015,862.2131148,435,272.3606557
m,5/22/2015,774.7572816,697.3747573,283.3165049
m,5/23/2015,1130.852391,588.7484407,352.2162162
m,5/24/2015,1354.169884,621.3359073,344.015444
m,5/25/2015,829.7490347,391.042471,279.034749
m,5/21/2015,970.3696099,813.4620123,300.7145791
m,5/27/2015,909.5,427.632,300.816
m,5/28/2015,756.955684,675.3757225,291.0520231
m,5/29/2015,497.5396825,392.1190476,190.2142857
m,5/30/2015,697.6595745,503.1411992,199.9148936
m,6/1/2015,1403.77551,567.5755102,310.8489796
m,6/3/2015,836.4342629,417.4183267,216
m,6/4/2015,736.9038462,481.3846154,177.3692308
m,6/5/2015,694.2094862,624.0474308,253.7075099
m,6/6/2015,617.5619835,603.3966942,265.3140496
m,6/7/2015,1584.940711,.,485.7865613
m,6/8/2015,2816.6875,961.325,441.45
m,6/9/2015,1024.887526,469.2269939,303.8282209
m,6/10/2015,773.9791667,329.175,226.425
m,6/11/2015,1144.099379,449.8881988,314.757764
m,6/12/2015,1076.536797,813.3766234,288.1558442
m,6/13/2015,750.7708333,383.85,329.025
m,6/14/2015,430.251938,227.0465116,172.1162791
m,6/15/2015,1209.715447,641.8780488,414.6585366
m,6/16/2015,1430.11811,588.8503937,358.7244094
m,6/17/2015,1308.232848,1196.482328,288.8981289
m,6/18/2015,1456.538462,540.3692308,280.7307692
m,6/19/2015,906.5671642,374.3539446,256.4520256
m,6/20/2015,1382.981744,457.8498986,292.6004057
m,6/21/2015,965.56,324.336,254.88
m,6/21/2015,886.5225933,667.2612967,241.7445972
m,6/22/2015,1558.722986,633.5717092,289.697446
m,6/23/2015,1604.455645,652.233871,287.4193548
m,6/24/2015,892.8066528,468.2494802,233.7380457
m,6/25/2015,643.125,550.35,197.4
m,6/26/2015,981.4757282,534.8271845,352.8699029
m,6/27/2015,491.0291262,537.6699029,253.5378641
m,6/28/2015,944.3664717,565.8479532,223.2982456
m,6/29/2015,1248.041667,1585.625,361.5
m,6/30/2015,1617.00611,647.9266802,326.2729124
m,7/1/2015,1069.036145,499.3253012,232.9156627
m,7/2/2015,788.0160321,503.7354709,414.1082164
m,7/3/2015,721.4893617,301.9729207,198.8704062
m,7/4/2015,970.9437751,542.8674699,235.4457831
m,7/5/2015,386.6197183,280.1287726,162.2535211
m,7/6/2015,1270.647773,362.0890688,346.8097166
m,7/7/2015,715.6069364,436.6242775,141.1560694
m,7/8/2015,457.2529644,465.5573123,138.3083004
m,7/9/2015,584.627451,398.3764706,279.2470588
m,7/10/2015,1346.485437,921.4834951,363.5650485
m,7/11/2015,943.4419552,568.9368635,295.6985743
m,7/12/2015,1929.311024,783.7795276,306
m,7/13/2015,1307.69685,598.9370079,263.2677165
m,7/14/2015,909.6,737.112,316.368
m,7/15/2015,878.73706,534.0621118,270.7080745
m,7/16/2015,1087.56238,623.5163148,267.4088292
m,7/17/2015,1052.959184,1022.595918,265.9591837
m,7/18/2015,859.6551724,960.2677485,425.5740365
m,7/19/2015,1111.220472,621.2834646,242.1496063
m,7/20/2015,985.0701403,764.8016032,284.3927856
m,7/21/2015,1112.011952,913.1474104,263.9760956
m,7/22/2015,1125.96,623.712,219.096
m,7/24/2015,873.9263804,1483.141104,360.809816
m,7/25/2015,761.0784314,786.7764706,271.0588235
m,7/26/2015,1187.245509,682.1796407,175.5449102
m,7/27/2015,668.2341651,907.1861804,337.8886756
m,7/28/2015,385.987395,771.8067227,283.9159664
m,7/29/2015,712.2664016,837.5666004,302.4572565
m,7/30/2015,1069.010101,917.8424242,283.3454545
m,7/31/2015,849.8019802,888.4990099,299.5485149
m,8/1/2015,964.0545809,740.6081871,217.1929825
m,8/2/2015,764.0655106,873.3410405,304.9942197
m,8/3/2015,1242.375,565.8,222.825
m,8/5/2015,959.8125,739.35,169.5
m,8/6/2015,1057.081633,589.1020408,217.1020408
m,8/7/2015,1006.687371,505.9130435,208.9937888
m,8/8/2015,809.5069034,738.0591716,261.9408284
m,8/9/2015,992.5833333,329.675,217.725
m,8/10/2015,1247.743902,524.8536585,67.68292683
m,8/11/2015,1061.396304,513.0677618,258.9486653
m,8/12/2015,909.8837209,.,340.255814
m,8/13/2015,3923.083004,421.4940711,248.0158103
m,8/14/2015,609.0891473,1010.302326,415.5348837
m,8/15/2015,445.3469388,392.3265306,160.5306122
m,8/16/2015,765.9719439,237.8597194,89.60320641
m,8/17/2015,1684.045643,512.5643154,252.2987552
m,8/18/2015,1174.802495,643.3347193,248.4823285
m,8/19/2015,624.0588235,910.6352941,331.6941176
m,8/20/2015,1060.323232,412.7757576,169.5272727
m,8/21/2015,539.95842,462.3866944,226.3284823
m,8/22/2015,482.2199593,752.5784114,191.4378819
m,8/23/2015,470.3488372,531.255814,203.2325581
m,8/25/2015,687.6190476,519.6666667,122.2857143
m,8/26/2015,882.6679842,396.4505929,140.0869565
m,8/27/2015,801.6632444,439.4414784,209.1252567
m,8/28/2015,1114.818356,531.4646272,245.7361377
m,8/29/2015,1484.696356,517.3117409,170.0161943
m,8/30/2015,2255.884692,410.528827,172.9145129
m,8/31/2015,2110.74364,704.3131115,326.4657534
m,12/13/2015,815.8230453,677.563786,337.8461538
m,12/14/2015,747.6803119,412.6003899,255.1111111
m,12/15/2015,980.5555556,476.3539095,267.3684211
m,12/16/2015,845.4526749,.,326.4657534
m,12/17/2015,672.9591837,.,108.3209877
m,12/18/2015,965.48,.,208.4326531
m,12/19/2015,1105.306931,.,393.912
m,1/1/2016,670.3118503,353.995842,346.0277228
m,1/2/2016,991.0615711,703.5838641,225.7297297
m,1/3/2016,883.7860082,492.1399177,379.0318471
m,1/4/2016,1340.890269,784.6956522,339.2592593
m,1/5/2016,1247.252964,655.4782609,315.9503106
m,1/6/2016,1139.917695,405.0946502,345.5573123
m,1/7/2016,987.8163265,453.4367347,144.5679012
m,1/8/2016,1155.680473,558.8481262,326.9387755
m,1/9/2016,1427.02,539.168,254.0591716
m,1/10/2016,1921.461538,565.2769231,329.976
m,1/11/2016,1761.809145,566.6163022,336.3923077
m,1/12/2016,1675,649.9,367.5149105
m,1/13/2016,2844.99002,777.1576846,258.075
m,1/14/2016,719.4011976,339.2095808,434.8023952
m,1/15/2016,712.038835,387.2776699,214.3473054
m,1/16/2016,732.0408163,754.922449,263.6737864
m,1/17/2016,683.7649402,800.0239044,369.1102041
m,1/18/2016,951.6700201,1046.366197,312.310757
m,1/19/2016,1506.803922,554.4941176,507.0422535
m,1/20/2016,1346.605691,438.0894309,446.1176471
m,1/21/2016,2155.393939,958.8929293,378.0731707
m,1/22/2016,1305.489022,577.6686627,474.0363636
m,1/23/2016,1494.603175,547.5634921,426.6826347
m,1/24/2016,699.7368421,338.4777328,259.9285714
m,1/25/2016,886.9685039,376.1574803,305.708502
m,1/26/2016,1010.909091,412.5656566,306.9212598
m,1/27/2016,585.2631579,274.7758285,309.1636364
m,1/28/2016,532.0750988,268.1343874,189.0526316
m,1/29/2016,776.4848485,399.9111111,192.6640316
m,1/30/2016,1925.317919,623.0211946,299.3454545
m,1/31/2016,988.4241245,372.2801556,582.7976879
m,2/1/2016,1568.203125,535.7265625,310.1322957
m,2/2/2016,1491.284585,332.3715415,343.6875
m,2/3/2016,1929.719439,510.501002,315.4624506
m,2/4/2016,1875.964215,573.2962227,330.5651303
m,2/5/2016,2373.938224,553.4903475,387.554672
m,2/6/2016,545.7746479,251.2354125,311.1428571
m,2/7/2016,1295.769981,575.7348928,178.1891348
m,2/8/2016,1659.860835,576.0795229,295.5087719
m,2/9/2016,2762.811881,582.7564356,360.7157058
m,2/10/2016,2058.585462,464.1493124,422.9465347
m,2/11/2016,2462.192308,486.7846154,340.762279
m,2/12/2016,1778.31068,515.4640777,279.6923077
m,2/13/2016,2588.431772,525.6130346,262.7650485
m,2/14/2016,857.02,323.256,336.5376782
m,2/15/2016,1532.768031,331.1890838,362.376
m,2/16/2016,2113.727088,416.3340122,163.3684211
m,2/17/2016,2273.910387,521.7678208,184.5458248
m,2/18/2016,951.2851406,470.9076305,181.0264766
m,2/19/2016,1472.217742,651.9758065,133.6565657
m,2/20/2016,158.5686654,81.0754352,380.25
m,2/21/2016,1455.898438,461.3125,73.09090909
m,2/22/2016,1393.722772,526.4079208,271.8984375
m,2/23/2016,1310.039216,585.654902,273.8138614
m,2/24/2016,1149.787645,453.8841699,379.5529412
m,2/25/2016,1068.822314,696.7107438,243.6602317
m,2/26/2016,724.6850394,374.5748031,286.7355372
m,2/27/2016,285.5060729,176.3076923,261.496063
m,2/28/2016,731.9556452,195.0241935,219.8623482
m,2/29/2016,1724.038462,4021.269231,228.5564516
m,3/1/2016,466.3600783,4951.726027,254.1686747
m,3/2/2016,870.1386139,491.3346535,368.8062622
m,3/3/2016,1016.546906,480.5429142,338.1861386
m,3/4/2016,468.5062241,336.3070539,353.1017964
m,3/5/2016,1413.034623,406.2729124,244.5311203
m,3/6/2016,1181.040816,530.5061224,430.3869654
m,3/7/2016,462.4902724,1895.486381,348.0979592
m,3/8/2016,626.7184466,128.0621359,307.8910506
m,3/9/2016,1319.524752,503.8415842,328.7533981
m,3/10/2016,850.0779727,389.0604288,377.1089109
m,3/11/2016,433.7449393,167.3036437,334.5964912
m,3/12/2016,1358.439425,439.8193018,180.582996
m,3/13/2016,822.7360308,372.9325626,349.1334702
m,3/14/2016,1296.115385,369.6692308,350.0809249
m,3/15/2016,1541.77551,502.3755102,340.7538462
m,3/16/2016,1645.613682,480.193159,359.4857143
m,3/17/2016,1300.736196,325.4805726,389.8430584
m,3/18/2016,1508.49505,965.449505,275.7791411
m,3/19/2016,1190.838446,373.202454,309.1722772
m,3/20/2016,506.3510848,180.8915187,347.9263804
m,3/21/2016,1962.370062,334.9355509,91.85798817
m,3/22/2016,890.8436214,970.1234568,371.002079
m,3/23/2016,1446.097561,532.0162602,317.9259259
m,3/24/2016,1682.18,572.096,336.6585366
m,3/25/2016,776.6336634,470.970297,416.448
m,3/26/2016,841.1597374,386.7571116,290.2811881
m,3/27/2016,916.765873,378.6031746,300.6827133
m,3/28/2016,813.2591093,321.4817814,212.4285714
m,3/29/2016,632.8543307,273.7637795,282.0242915
m,3/30/2016,1024.13442,472.9857434,248.2440945
m,3/31/2016,901.6283525,313.4329502,274.2892057
m,4/1/2016,946.2680412,301.4845361,284
m,4/2/2016,814.194831,391.1093439,268.1072165
m,4/3/2016,.,377.6957404,255.5069583
m,4/4/2016,708.4156379,1523.061728,.
m,4/5/2016,401.4478114,80.47138047,329.3333333
