ct,date,ID,prog,est,cort
1,12/6/2017,1172,3170.322581,3240.241935,527.903
2,3/2/2018,1172,306.4883721,1085.773256,306.233
3,3/13/2018,1172,172.3278689,381.7827869,114.689
4,3/25/2018,1172,326.2368932,608.4854369,188.551
5,4/20/2018,1172,462.0995851,1919.771784,406.929
6,4/26/2018,1172,384.0950495,1809.861386,873.719
7,5/15/2018,1172,511.3306452,364.8387097,166.5
8,9/12/2017,1172,538.0580913,620.1659751,338.116
9,12/2/2017,1203,1263.143451,2154.012474,490.129
10,3/3/2018,1203,2329.651822,10126.51822,848.065
11,3/13/2018,1203,3138.328125,2332.617188,1408.711
12,4/5/2018,1203,11655.99184,461.2244898,2611.176
13,5/16/2018,1203,2294.511066,646.3380282,525.416
14,6/7/2018,1203,485.2948454,430.556701,334.318
15,3/24/2018,1203,1191.716599,1911.376518,1278.802
16,12/2/2017,1206,312.7366337,2436.653465,575.786
17,3/3/2018,1206,350.8812665,764.3271768,217.108
18,3/13/2018,1206,365.1728155,505.3398058,288.885
19,3/24/2018,1206,713.5764706,1548.72549,876.824
20,12/6/2017,1207,402.4180328,713.6680328,177.418
21,3/3/2018,1209,357.3975904,325.4016064,166.843
22,3/13/2018,1209,266.6024096,315.9236948,97.88
23,3/5/2018,1218,527.9051383,3793.498024,628.15
24,3/25/2018,1218,534.2459016,2098.893443,391.918
25,4/20/2018,1218,368.0159046,1245.666004,418.521
26,5/16/2018,1218,164.480315,171.8897638,308.74
27,5/14/2019,1218,4221.162325,1478.276553,790.076
28,7/10/2019,1218,725.6571429,937.2244898,602.522
29,9/14/2017,1219,381.5860735,1218.201161,523.079
30,12/3/2017,1219,128.7017544,347.5633528,690.082
31,3/2/2018,1220,372.4427184,2256.407767,801.833
32,3/2/2018,1220,491.6296296,1245.164609,1507.259
33,4/20/2018,1220,294.3529412,868.1135903,990.548
34,5/17/2018,1220,1023.388781,1029.052224,566.809
35,6/18/2019,1220,1882.634731,1295.748503,1740.575
36,6/18/2019,1220,3269.82659,1520.809249,662.52
37,7/10/2019,1220,2026.485437,2151.339806,1204.707
38,5/16/2018,1225,155.4579055,120.6570842,291.179
39,6/18/2018,1225,1345.593561,2132.655936,1264.95
40,5/22/2019,1225,2927.95082,1249.180328,1014.27
41,5/22/2019,1225,2914.112903,1805.645161,564.145
42,6/18/2019,1225,745.5438596,940.662768,545.45
43,6/18/2019,1225,612,599.9175258,345.922
44,5/29/2018,1226,2294.361055,2378.701826,1066.588
45,8/2/2018,5000,1537.087379,1989.961165,1147.526214
46,7/30/2019,5003,1833.59375,2539.6875,687.3046875
47,8/2/2018,5003,2193.638171,4987.2167,1015.82505
48,8/12/2018,5003,486.291498,951.9230769,759.7651822
49,8/3/2018,5004,1246.79089,1077.018634,921.9875776
50,9/14/2018,5004,932.2957198,1147.937743,274.1789883
51,8/9/2018,5007,2000,3509.06639,1271.452282
52,9/7/2018,5007,421.7640232,920.1934236,1068.348162
53,8/3/2018,5008,671.5862069,1996.612576,536.1298174
54,8/4/2018,5010,4854.368932,11882.97087,3882.174757
55,6/8/2019,5019,4165.00994,10634.31412,3333.184891
56,8/4/2018,5023,2467.479675,3342.439024,1409.512195
57,1/13/2019,5048,2398.343685,7308.819876,1699.602484
58,2/25/2019,5048,672.9512195,1253.963415,584.6341463
59,1/19/2019,5050,258.6796875,393.3984375,253.921875
60,1/24/2019,5051,1414.428858,2444.96994,846.6853707
61,1/30/2019,5051,391.9298246,253.9766082,3515.368421
62,2/25/2019,5052,5311.937378,11280.82192,7723.444227
63,1/23/2019,5053,388.502947,1416.836935,962.0746562
64,1/23/2019,5054,4850.416667,16730.4375,3741.75
65,1/30/2019,5053,424.9879518,1499.096386,4083.614458
66,1/23/2019,5055,2129.817444,2333.610548,564.4624746
67,3/7/2019,5055,335.3333333,498.8888889,1562.790123
68,1/23/2019,5056,3315.876289,8213.195876,418.556701
69,2/25/2019,5056,1660.040568,3186.876268,959.5131846
70,1/24/2019,5057,698.7906977,4086.104651,226.6976744
71,1/31/2019,5057,364.2699387,369.3251534,266.993865
72,2/15/2019,5057,1378.732106,1100.613497,648
73,4/18/2019,5057,1411.576846,1464.071856,1068.838323
74,1/23/2019,5060,432.2113503,1208.219178,388.0861057
75,2/7/2019,5060,396.5195876,1537.42268,5341.360825
76,2/15/2019,5060,388.4942085,1207.528958,399.6370656
77,2/1/2019,5063,208.5770751,286.2924901,174.3320158
78,3/9/2019,5063,440.6798419,717.9841897,8953.754941
79,2/18/2019,5067,1064.742268,1473.958763,378.7051546
80,3/4/2019,5067,2122.886598,1801.670103,481.7319588
81,2/27/2019,5069,2291.23506,4215.478088,1052.50996
82,3/20/2019,5069,5322.896282,35250.23483,6607.984344
83,4/19/2019,5069,393.6751468,814.109589,711.5459883
84,3/9/2019,5075,427.6167665,827.9640719,710.3952096
85,4/18/2019,5076,328.4453441,609.1700405,2233.360324
86,4/18/2019,5077,1227.329193,1761.055901,907.3043478
87,7/30/2019,5092,1598.412698,2921.071429,808.4285714
88,6/8/2019,5100,3793.38843,10606.98347,4130.553719
89,8/7/2019,5107,587.736,1075.5,607.8
90,8/12/2019,5110,2240.490798,2133.128834,837.4969325
91,8/14/2019,5113,1449.275362,507.5776398,1051.875776
92,4/3/2015,p,427.4493927,363.3522267,639.6194332
93,4/4/2015,p,388.5483871,574.4435484,643.4032258
94,4/5/2015,p,521.2474012,1180.889813,2565.130977
95,4/6/2015,p,428.0854369,587.176699,658.3456311
96,4/7/2015,p,386.4271457,399.3772455,632.5748503
97,4/8/2015,p,448.8798371,937.3767821,967.0386965
98,4/9/2015,p,393.8028169,437.6579477,825.7303823
99,4/10/2015,p,428.7142857,440.6111111,660.3095238
100,4/11/2015,p,311.1023622,220.2125984,538.8897638
101,4/12/2015,p,368.5889571,438.2985685,653.2515337
102,4/13/2015,p,457.2580645,487.3387097,960.9193548
103,4/15/2015,p,345.5444015,262.03861,706.8185328
104,4/17/2015,p,450.7569721,391.561753,629.0438247
105,4/18/2015,p,407.0259481,805.245509,1047.305389
106,4/19/2015,p,405.8436214,540.8230453,969.3333333
107,4/20/2015,p,295.5400411,268.2053388,760.4106776
108,4/21/2015,p,297.3809524,224.3571429,481.0238095
109,4/22/2015,p,388.2851638,588.2157996,779.8612717
110,4/23/2015,p,428.9430894,818.6178862,911.3414634
111,4/24/2015,p,263.1578947,208.3040936,487.7192982
112,4/25/2015,p,380.1165049,585.8485437,740.807767
113,4/26/2015,p,407.0020121,702.2535211,667.9678068
114,4/27/2015,p,331.372549,248.1882353,554.0705882
115,4/28/2015,p,486,471.3765182,884.8906883
116,5/1/2015,p,357.7952756,368.1574803,721.7952756
117,5/2/2015,p,532.2645291,1442.452906,1091.735471
118,5/3/2015,p,337.2533849,545.377176,863.1876209
119,5/4/2015,p,332.71875,302.78125,1284.210938
120,5/5/2015,p,344.2774566,281.0250482,1140.693642
121,5/6/2015,p,516.6462168,930.1022495,636.0981595
122,5/7/2015,p,733.9837398,1740.430894,1002.317073
123,5/8/2015,p,442.2035928,516.2315369,951.0179641
124,5/9/2015,p,481.5503876,892.3178295,866.5348837
125,5/10/2015,p,457.0967742,531.25,993.7741935
126,5/11/2015,p,502.5396825,484.9920635,1246.714286
127,5/12/2015,p,351.3154639,196.1731959,1218.061856
128,5/14/2015,p,405.1097804,438.6906188,864.6227545
129,5/15/2015,p,450.6288032,680.3326572,955.9837728
130,5/16/2015,p,375.4601227,323.2638037,892.4171779
131,5/17/2015,p,377.578125,300.0703125,951.2109375
132,5/18/2015,p,337.2639692,363.1445087,1522.196532
133,5/19/2015,p,428.5265226,505.8939096,1210.32613
134,5/20/2015,p,450.867052,153.7649326,1095.375723
135,5/21/2015,p,376.1893491,375.581854,889.6804734
136,5/22/2015,p,486.3492063,829.8412698,1208.142857
137,5/23/2015,p,563.3802817,1099.726358,731.8551308
138,5/24/2015,p,na,1046.928571,1577.380952
139,5/25/2015,p,361.8800774,345.0135397,1969.555126
140,5/26/2015,p,356.039604,448.950495,738.9386139
141,5/27/2015,p,na,1756.54321,1948.469136
142,5/28/2015,p,na,375.1673152,1277.649805
143,5/29/2015,p,na,510.6885246,937.6229508
144,5/30/2015,p,na,674.2367347,603.844898
145,5/31/2015,p,na,513.4140625,730.7578125
146,6/1/2015,p,na,844.876494,499.9840637
147,6/3/2015,p,na,446.8196721,685.647541
148,6/4/2015,p,na,607.8962076,1274.419162
149,6/5/2015,p,na,263.4567901,760.7160494
150,6/6/2015,p,na,426.3673469,1057.15102
151,6/7/2015,p,na,379.81893,920.7407407
152,6/8/2015,p,324.2519685,440.2755906,946.3228346
153,6/9/2015,p,462.1705426,401.5503876,433.4186047
154,6/10/2015,p,413.8888889,415.031746,726.6428571
155,6/11/2015,p,303.8845361,424.1484536,764.1154639
156,6/12/2015,p,336.627451,242.9019608,596.7058824
157,6/13/2015,p,418.6773547,665.9639279,852.6973948
158,6/14/2015,p,389.1485149,1322.811881,644.150495
159,6/15/2015,p,397.2705882,540.745098,719.5058824
160,6/16/2015,p,341.8181818,636.630303,841.7212121
161,6/17/2015,p,443.8554217,423.0361446,640.4819277
162,6/18/2015,p,471.5831663,816.6412826,822.0601202
163,6/19/2015,p,.,373.6895874,940.4557957
164,6/20/2015,p,474.496124,1007.062016,986.5813953
165,6/21/2015,p,713.0864198,3377.769547,727.654321
166,6/21/2015,p,318.2945736,827.4806202,529.9069767
167,6/22/2015,p,320.2440945,439.6220472,973.2519685
168,6/23/2015,p,354.8818898,507.8110236,1843.370079
169,6/24/2015,p,344.526749,892.6584362,1933.530864
170,6/25/2015,p,330.9836066,683.5,943.4754098
171,6/26/2015,p,437.195122,1566.195122,2103.731707
172,6/27/2015,p,310.6299213,396.4330709,1021.795276
173,6/28/2015,p,454.459725,1356.605108,1505.163065
174,6/29/2015,p,497.28,2492.728,1371.144
175,4/3/2015,s,305.352,691.74,682.296
176,4/4/2015,s,201.0186335,1805.942029,283.5279503
177,4/5/2015,s,159.011583,504.0733591,158.4324324
178,4/6/2015,s,209.9758065,786.2298387,344.3951613
179,4/7/2015,s,201.1133201,1270.497018,461.6540755
180,4/8/2015,s,202.795082,663.2377049,429.4180328
181,4/9/2015,s,158.904,2067.84,300.696
182,4/10/2015,s,163.8764479,651.1003861,380.5019305
183,4/11/2015,s,129.5130785,402.6760563,236.3299799
184,4/12/2015,s,100.2222222,688.2716049,153.8518519
185,4/13/2015,s,106.5461538,820.5384615,295.5
186,4/14/2015,s,151.5435685,986.9917012,304.1825726
187,4/15/2015,s,126.4864865,801.3899614,525.1969112
188,4/17/2015,s,107.503937,1170.629921,302.9291339
189,4/18/2015,s,98.90835031,772.2199593,565.0753564
190,4/19/2015,s,110.3431953,515.5226824,362.9585799
191,4/20/2015,s,265.8461538,1294.043393,578.6035503
192,4/21/2015,s,164.1481481,2774.958848,624.691358
193,4/22/2015,s,125.9642147,1388.011928,346.0675944
194,4/23/2015,s,147.3061224,1418.77551,470.2040816
195,4/24/2015,s,147.2217899,1116.55642,429.5719844
196,4/25/2015,s,159.9378641,1712.23301,653.0097087
197,4/26/2015,s,190.6875,504.0429688,411.421875
198,4/27/2015,s,123.6739563,1018.548708,202.9502982
199,4/28/2015,s,191.1529412,902.5098039,600.7529412
200,5/1/2015,s,98.89494163,301.2451362,278.5680934
201,5/2/2015,s,149.722334,777.8269618,285.1267606
202,5/3/2015,s,147.8546845,1382.887189,380.0764818
203,5/4/2015,s,121.3436293,705.2123552,357.7992278
204,5/5/2015,s,224.008316,2502.037422,408.6237006
205,5/6/2015,s,110.1525773,801.7319588,383.3072165
206,5/7/2015,s,118.2256809,682.0428016,322.7159533
207,5/8/2015,s,205.4074074,705.1234568,444.8148148
208,5/9/2015,s,226.9502982,1329.403579,700.3658052
209,5/10/2015,s,141.2307692,338.1538462,312.7384615
210,5/11/2015,s,172.1387755,567.8571429,425.9510204
211,5/12/2015,s,269.6866538,1793.945841,787.0096712
212,5/14/2015,s,180.9767442,2729.263566,421.3953488
213,5/15/2015,s,211.1724138,788.7739464,528
214,5/16/2015,s,211.3846154,1410.098619,561.3964497
215,5/17/2015,s,140.4219067,1096.73428,424.7951318
216,5/18/2015,s,165.4615385,1109.653846,344.6769231
217,5/19/2015,s,140.25,916.7916667,543.95
218,5/20/2015,s,144,692.1289063,471
219,5/21/2015,s,123.8970297,457.8019802,270.5584158
220,5/22/2015,s,174.8372093,786.996124,268.4418605
221,5/23/2015,s,241.9453125,608.5546875,462.8203125
222,5/24/2015,s,245.3516699,882.4361493,591.3713163
223,5/25/2015,s,213.6475248,694.7524752,679.1762376
224,5/26/2015,s,216.9378758,667.4549098,304.4008016
225,5/27/2015,s,104.7017544,404.6978558,401.6842105
226,5/28/2015,s,117.6092843,343.44294,274.1663443
227,5/29/2015,s,292.0714286,1421.507937,687.4761905
228,5/30/2015,s,177.2138493,1054.826884,329.3279022
229,5/31/2015,s,185.9538462,1024.192308,418.2461538
230,6/1/2015,s,124.1889117,235.523614,179.6550308
231,6/3/2015,s,268.5386139,2446.970297,567.2316832
232,6/4/2015,s,180.7185629,1179.580838,515.1616766
233,6/5/2015,s,.,547.3577236,329.8292683
234,6/6/2015,s,116.8408644,446.6797642,280.4086444
235,6/7/2015,s,214.5433526,1797.321773,718.982659
236,6/8/2015,s,212.890595,1459.596929,665.3205374
237,6/9/2015,s,241.6943907,1023.384913,578.8549323
238,6/10/2015,s,254.1301775,1251.99211,437.7514793
239,6/11/2015,s,154.546875,821.5039063,614.296875
240,6/12/2015,s,251.1111111,849.6296296,787.9259259
241,6/13/2015,s,285.12,1214.98,762.336
242,6/14/2015,s,137.0462777,667.6861167,739.0020121
243,6/15/2015,s,246.7079304,1202.669246,1106.390716
244,6/16/2015,s,165.7622951,319.0778689,983.6557377
245,6/17/2015,s,200.3414634,566.199187,833.8780488
246,6/18/2015,s,144.4855491,723.7186898,656.2312139
247,6/19/2015,s,152.5884692,434.612326,643.2286282
248,6/21/2015,s,172.0641283,737.8156313,558.4208417
249,6/21/2015,s,193.3818182,555.6969697,504.969697
250,6/22/2015,s,174.0483871,1101.431452,662.1774194
251,6/23/2015,s,144.8981289,556.008316,440.6320166
252,6/24/2015,s,.,617.5208333,632.625
253,6/25/2015,s,.,837.7058824,365.5764706
254,6/25/2015,s,163.1578947,816.1598441,240.5380117
255,6/26/2015,s,.,746.0122699,442.6257669
256,6/27/2015,s,.,573.9183673,141.3795918
257,6/28/2015,s,254.3510204,963.4897959,598.8
258,6/29/2015,s,176.6627219,962.504931,410.0828402
259,6/30/2015,s,105.4785992,384.4747082,240.4435798
260,7/1/2015,s,110.2282398,882.4758221,310.2823985
261,7/2/2015,s,116.9307692,352.1153846,285.2307692
262,7/4/2015,s,134.0363636,424.4848485,286.1090909
263,7/5/2015,s,116.3346304,482.8988327,258.6536965
264,7/6/2015,s,105.696,413.68,273.6
265,7/7/2015,s,222.7588933,690.5335968,421.1620553
266,7/8/2015,s,111.3609959,593.6307054,413.9253112
267,7/9/2015,s,335.55,1255.125,374.525
268,7/10/2015,s,160.6259542,910.3244275,492.5954198
269,7/11/2015,s,310.9727626,2502.529183,1059.945525
270,7/12/2015,s,198.8704062,1121.141199,523.8452611
271,7/13/2015,s,206.5846154,1100.75,459.9230769
272,7/13/2015,s,141.0871369,776.6804979,397.0207469
273,7/14/2015,s,118.4538462,804.6346154,506.6538462
274,7/15/2015,s,145.2264529,1068.436874,390.3246493
275,7/16/2015,s,230.9182879,1863.463035,668.2412451
276,7/17/2015,s,125.8210736,846.4413519,432.8588469
277,7/18/2015,s,74.75206612,761.1570248,496.0909091
278,7/19/2015,s,195.8951613,891.1491935,604.3064516
279,7/20/2015,s,101.5714286,375.8531746,373.6190476
280,7/21/2015,s,127.0120482,472.248996,446.313253
281,7/22/2015,s,187.1294118,818.254902,619.4352941
282,7/23/2015,s,94.87140115,412.5527831,225.9040307
283,7/24/2015,s,194.3553719,1149.772727,536.107438
284,7/25/2015,s,195.142268,824.185567,467.4309278
285,7/26/2015,s,66.1754386,344.0740741,122.9005848
286,7/27/2015,s,127.3846154,625.9038462,310.5
287,7/28/2015,s,86.99396378,350.6639839,77.0945674
288,7/29/2015,s,192.1395349,841.8410853,249.9534884
289,7/30/2015,s,125.044898,611.1632653,851.3877551
290,7/31/2015,s,158.3294118,1250.039216,456.8705882
291,8/1/2015,s,132.8538462,455.8269231,273.7153846
292,8/2/2015,s,151.6167665,546.506986,240.6706587
293,8/3/2015,s,125.6792079,421.8019802,172.8712871
294,8/4/2015,s,182.9461078,730.8582834,370.7305389
295,8/5/2015,s,113.8760331,490.4958678,288.446281
296,8/6/2015,s,90.86055777,310.3784861,155.0438247
297,8/7/2015,s,174.6036961,711.2936345,341.8644764
298,8/8/2015,s,74.28461538,402.7692308,361.2923077
299,8/9/2015,s,160.3180915,836.0437376,529.2405567
300,8/10/2015,s,.,250.42,126.624
301,8/11/2015,s,90,405.2788845,148.876494
302,8/12/2015,s,191.448,1001.9,628.704
303,8/13/2015,s,61.35892514,424.3570058,409.8426104
304,8/14/2015,s,166.0527383,502.9614604,498.4989858
305,8/15/2015,s,119.666004,364.2743539,422.1232604
306,8/16/2015,s,145.7821782,511.6633663,657.5762376
307,8/17/2015,s,183.3230769,1543.423077,494.7230769
308,8/18/2015,s,152.2600382,378.9866157,404.2370937
309,8/19/2015,s,178.0790514,1201.936759,756.56917
310,8/20/2015,s,116.4790419,521.257485,473.4850299
311,8/21/2015,s,190.7368421,1478.732943,540.7017544
312,8/22/2015,s,86.01956947,885.2446184,272.853229
313,8/23/2015,s,159.7142857,1268.154762,411.7380952
314,8/24/2015,s,191.5688623,2650.159681,1641.005988
315,8/25/2015,s,144.6441352,1502.922465,525.6858847
316,8/26/2015,s,145.6465696,794.3866944,453.3804574
317,8/27/2015,s,106.7142857,999.5238095,376.7857143
318,8/28/2015,s,165.0661323,1185.571142,374.2364729
319,8/29/2015,s,209.4035088,1928.401559,451.7426901
320,8/30/2015,s,.,1378.8,225.696
321,8/31/2015,s,.,1287.582645,161.9752066
322,1/1/2016,s,177.8698225,338.9349112,349.0729783
323,1/2/2016,s,175.943662,298.6720322,108.5311871
324,1/3/2016,s,304.0727273,1067.232323,648.0969697
325,1/4/2016,s,225.686747,556.3052209,423.9116466
326,1/5/2016,s,328.1102362,860.9448819,653.1023622
327,1/6/2016,s,283.7227723,780,429.9881188
328,1/7/2016,s,404.4748491,1097.947686,445.8832998
329,1/8/2016,s,238.902439,540.4268293,335.3495935
330,1/9/2016,s,293.9178082,820.0978474,563.334638
331,1/10/2016,s,202.392,508.88,256.664
332,1/11/2016,s,292.608,972.34,325.536
333,1/12/2016,s,90.14423077,330.9134615,170.4326923
334,1/13/2016,s,225.675,826.4583333,309.875
335,1/14/2016,s,157.7964072,464.99002,329.0938124
336,1/16/2016,s,318.1935484,753.6491935,612.9112903
337,1/17/2016,s,319.6948454,1249.072165,1017.05567
338,1/18/2016,s,307.5923077,654.4615385,791.7923077
339,1/19/2016,s,226.25,478.4027778,320.8333333
340,1/20/2016,s,281.9076923,619.1923077,401.8615385
341,1/21/2016,s,563.5247525,1447.90099,883.009901
342,1/22/2016,s,176.9538462,337.9038462,300.9692308
343,1/23/2016,s,112.6545455,1085.474747,569.2363636
344,1/24/2016,s,329.6205534,844.6245059,431.4940711
345,1/25/2016,s,311.9524752,1070.019802,502.7485149
346,1/26/2016,s,195.2601156,390.982659,252.539499
347,1/27/2016,s,261.7651822,997.9352227,459.0769231
348,1/28/2016,s,199.3188119,516.9306931,347.4772277
349,1/29/2016,s,365.100616,698.0903491,354.5462012
350,1/30/2016,s,333.984375,1972.695313,676.609375
351,1/31/2016,s,233.6792079,860.8514851,381.5445545
352,2/1/2016,s,140.7461538,942.6153846,329.1230769
353,2/2/2016,s,323.475,990.5625,404.0583333
354,2/3/2016,s,273.9352227,1158.906883,310.2753036
355,2/4/2016,s,239.5648855,1199.141221,295.259542
356,2/5/2016,s,278.5411765,1289.098039,429.2627451
357,2/6/2016,s,271.7178423,1379.502075,311.1120332
358,2/7/2016,s,305.245509,1464.9501,316.0798403
359,2/8/2016,s,352.35,1825.645833,390.6666667
360,2/9/2016,s,268.0248447,1113.561077,543.5279503
361,2/10/2016,s,297.1417323,1109.311024,352.2519685
362,2/11/2016,s,454.6909091,2653.454545,432.5818182
363,2/12/2016,s,275.7894737,1122.02729,256.0779727
364,2/13/2016,s,156.456,594.1,149.296
365,2/14/2016,s,91.2,250.8571429,84.60408163
366,2/15/2016,s,77.664,215.86,152.776
367,2/16/2016,s,270.2125984,1651.633858,316.4251969
368,2/17/2016,s,100.5659656,251.3193117,103.2887189
369,2/18/2016,s,277.6296296,1880.082305,348.526749
370,2/19/2016,s,244.7265306,1006.020408,258.4081633
371,2/21/2016,s,468.8744939,2296.214575,826.097166
372,2/22/2016,s,145.5826772,458.484252,140.4173228
373,2/23/2016,s,324.9581749,1734.543726,341.9163498
374,2/24/2016,s,371.1891892,2618.590734,616.2857143
375,2/25/2016,s,352.621118,1541.428571,510.9565217
376,2/29/2016,s,321.4285714,715.5918367,380.0571429
377,3/1/2016,s,399.2129817,1291.703854,435.148073
378,3/2/2016,s,499.6235294,1570.745098,408.4156863
379,3/3/2016,s,469.2730845,2200.314342,442.2789784
380,3/4/2016,s,306.5853659,959.2479675,297.6585366
381,3/5/2016,s,482.3420523,2148.511066,430.0523139
382,3/6/2016,s,428.8383234,1509.94012,369.7884232
383,3/7/2016,s,430.2403259,2637.474542,620.2851324
384,3/8/2016,s,421.2,1396.22,332.528
385,3/9/2016,s,347.4037267,1218.985507,444.9358178
386,3/10/2016,s,381.655706,1377.524178,371.9458414
387,3/11/2016,s,399.9432049,1788.235294,300.811359
388,3/12/2016,s,372.2371542,995.1976285,321.1857708
389,3/13/2016,s,265.4912621,807.6893204,322.9980583
390,3/14/2016,s,317.915493,992.555332,364.2736419
391,3/15/2016,s,208.9721116,626.0956175,236.4780876
392,3/16/2016,s,379.016129,1399.83871,362.4274194
393,3/17/2016,s,412.5,1251.309524,517.015873
394,3/18/2016,s,346.8837209,996.1046512,267.8914729
395,3/19/2016,s,411.6705882,1503.333333,444.4862745
396,3/21/2016,s,491.9527559,2382.007874,562.5748031
397,3/22/2016,s,501.3831041,2140.019646,545.1709234
398,3/23/2016,s,447.2816327,1701.44898,382.0163265
399,3/24/2016,s,340.0570265,1230.407332,342.2892057
400,3/28/2016,s,255.2392638,726.5439673,165.2377049
401,3/29/2016,s,294.9486653,807.9876797,179.6790123
402,3/30/2016,s,138,274.25,50.17142857
403,3/31/2016,s,240.3442623,992.2336066,252.675835
404,3/31/2016,s,281.7037037,772.9423868,238.2798354
405,4/1/2016,s,265.9591837,847.6122449,239
406,4/2/2016,s,205.2495088,530.1178782,141.2796781
407,4/3/2016,s,185.9016393,409.6721311,77.18834951
408,4/4/2016,s,101.372093,266.1046512,73.28063241
409,4/5/2016,s,216.6519115,498.5110664,182.9105058
410,4/6/2016,s,255.7048544,1147.631068,272.2174757
411,4/7/2016,s,255.5573123,906.1660079,281.6284585
412,4/8/2016,s,339.3385214,2014.357977,431.0194553
413,4/10/2016,s,290.325,918.75,272.925
414,4/10/2016,s,291.234375,3294.101563,529.9921875
415,4/11/2016,s,365.8040816,1387.346939,331.877551
416,4/12/2016,s,278.3671875,879.6679688,219.7734375
417,4/13/2016,s,288.5549133,1230.481696,280
418,4/14/2016,s,309.0784708,1817.042254,352.7323944
419,4/15/2016,s,354.796875,2272.734375,539.1796875
420,4/17/2016,s,318.5590062,1491.325052,323.7101449
421,4/18/2016,s,369.7590361,1794.417671,343.5100402
422,4/19/2016,s,340.9979381,1775.340206,399.8762887
423,4/20/2016,s,355.1953578,1828.723404,597.7794971
424,4/21/2016,s,446.4280156,947.3346304,466.3657588
425,4/22/2016,s,341.7380457,1298.461538,343.7255717
426,4/23/2016,s,287.15625,1345.976563,326.71875
427,4/24/2016,s,301.5354331,1770.393701,442.3228346
428,4/25/2016,s,381.8796117,1584.252427,467.6660194
429,4/26/2016,s,339.3346856,1339.492901,295.0831643
430,4/27/2016,s,224.1481481,1096.995885,333.563786
431,4/28/2016,s,174.5096525,1276.814672,323.1428571
432,4/29/2016,s,314.4049587,1815.867769,423.7438017
433,4/30/2016,s,242.4971098,1512.83237,349.8651252
434,5/1/2016,s,208.8705882,1041.686275,223.1921569
435,5/2/2016,s,253.8292683,1160.914634,280.9430894
436,5/3/2016,s,292.9294606,1245.539419,485.0124481
437,5/4/2016,s,336.0247423,501.1340206,231.6206186
438,5/5/2016,s,278.1882353,826.4117647,286.0784314
439,5/6/2016,s,232.1257367,788.3693517,254.1925344
440,5/7/2016,s,372.4905284,1794.45663,434.1375872
441,5/8/2016,s,342.1056751,1603.444227,252.8610568
442,5/9/2016,s,399.6585366,1145.97561,238.3333333
443,5/10/2016,s,289.40625,1166.855469,210.6796875
444,5/11/2016,s,310.7667984,1219.189723,202.972332
445,5/12/2016,s,285.6798337,674.033264,164.8232848
446,5/13/2016,s,228.2994242,747.6583493,304.9673704
447,5/15/2016,s,266.3571429,876.5277778,203.7777778
448,5/16/2016,s,278.7923077,1274.692308,6122.146154
449,5/17/2016,s,330.0363636,1653.292929,244.0808081
450,5/18/2016,s,488.6019802,1750.118812,305.2752475
451,5/19/2016,s,381.22334,1798.672032,302.527163
452,5/23/2016,s,297.9604743,1153.754941,222.0948617
453,5/24/2016,s,352.0490798,1711.820041,260.6298569
454,5/25/2016,s,257.6047904,1320.618762,370.8982036
455,5/26/2016,s,223.0674847,765.3783231,229.595092
456,5/28/2016,s,328.9834711,1478.553719,265.0743802
457,5/29/2016,s,330.492986,1281.523046,320.0480962
458,6/1/2016,s,279.6244898,1262.755102,215.1591837
459,6/3/2016,s,292.5957447,2299.381044,3583.009671
460,6/5/2016,s,237.7933884,1179.524793,379.5123967
461,6/6/2016,s,307.4457831,988.7751004,430.9076305
462,6/7/2016,s,272.8897485,2092.205029,587.7833656
463,6/8/2016,s,297.4390244,1240,542.8536585
464,6/10/2016,s,219.627907,1620.697674,446.496124
465,6/11/2016,s,225.7992278,865.9459459,266.8108108
466,6/12/2016,s,211.0445344,909.1700405,565.5546559
467,6/13/2016,s,234.8148148,931.9958848,423.5061728
468,6/15/2016,s,223.9683794,1326.245059,437.1067194
469,6/16/2016,s,298.5330661,1337.374749,415.3987976
470,6/17/2016,s,265.0588235,1056.607843,375.6392157
471,6/18/2016,s,216.5,1336.904762,325.468254
472,6/19/2016,s,198.3182711,800.8644401,239.2062868
473,6/20/2016,s,197.2573674,1084.59725,308.0943026
474,6/21/2016,s,295.2426036,1186.42998,533.6252465
475,6/22/2016,s,234.2823529,1223.588235,472.854902
476,6/24/2016,s,159.5184466,679.184466,279.8524272
477,6/25/2016,s,314.1692308,1785.884615,653.0615385
478,6/29/2016,s,222.8605108,1721.552063,606.0353635
479,6/30/2016,s,170.712,378,211.808
480,7/12/2016,s,315.2177419,2233.245968,544.9596774
481,7/13/2016,s,326.313253,1813.232932,585.5662651
482,7/14/2016,s,340.6046512,1539.263566,623.2015504
483,7/17/2016,s,315.7207392,1351.252567,478.201232
484,7/18/2016,s,336.0461538,1062.461538,6569.1
485,7/19/2016,s,314.4684318,1303.360489,539.5845214
486,7/20/2016,s,290.5263158,885.2046784,543.9610136
487,7/21/2016,s,458.0963855,2568.915663,10838.38554
488,7/22/2016,s,297.6602317,1003.436293,744.5328185
489,7/23/2016,s,454.4824903,1105.038911,566.0389105
490,7/24/2016,s,279.8709677,868.4879032,568.016129
491,7/25/2016,s,427.6341948,1064.512922,792.5248509
492,7/26/2016,s,269.306288,1018.681542,436.6004057
493,7/27/2016,s,278.3907157,776.4603482,488.1547389
494,7/28/2016,s,382.2857143,1398.928571,463.8809524
495,7/29/2016,s,241.1348089,407.5050302,319.2676056
496,7/30/2016,s,346.5,584.1393443,310.8934426
497,7/31/2016,s,312.6985447,717.1517672,634.6029106
498,8/1/2016,s,378.7258065,2656.25,1066.717742
499,8/3/2016,s,337.8461538,1132.442308,623.1
500,8/4/2016,s,250.8923077,921.7115385,600.0230769
501,8/5/2016,s,389.1663405,939.2563601,1099.819961
502,8/6/2016,s,247.5180723,991.1646586,550.5783133
503,8/7/2016,s,204.4541833,676.5936255,473.3784861
504,8/8/2016,s,236.3319838,561.8825911,402.2672065
505,8/9/2016,s,171.6024341,434.198783,957.4442191
506,8/10/2016,s,250.360396,782.7920792,474.1782178
507,8/12/2016,s,192.2459016,382.7868852,345.0163934
508,8/13/2016,s,182.2978723,477.1760155,528.8355899
509,8/14/2016,s,388.4247104,923.8030888,443.6293436
510,8/15/2016,s,252.1414538,784.0667976,490.0196464
511,8/16/2016,s,186.5714286,386.2896825,349.1746032
512,8/17/2016,s,181.0391753,678.8247423,448.6762887
513,8/18/2016,s,267.6461538,773.6923077,850.6384615
514,8/19/2016,s,270.816568,643.5502959,432.6390533
515,8/20/2016,s,177.355102,593.4081633,465.6244898
516,8/21/2016,s,196.6795367,653.976834,474.6254826
517,8/21/2016,s,399.1907514,1457.302505,714.4971098
518,8/22/2016,s,312.6666667,802.2016461,486
519,8/23/2016,s,150.8709677,351.2903226,402.4435484
520,8/24/2016,s,148.8461538,490.3076923,324.6
521,8/25/2016,s,181.4968815,628.6902287,443.027027
522,8/26/2016,s,232.4363636,527.4949495,429.6
523,8/27/2016,s,212.765625,707.4609375,590.5546875
524,8/28/2016,s,239.8040816,734.0612245,564.0489796
525,8/29/2016,s,213.5675676,702.6061776,630.3011583
526,8/30/2016,s,217.3926499,582.4564797,549.9651838
527,8/31/2016,s,131.8153846,467.75,367.3615385
528,9/1/2016,s,224.1245136,788.5214008,463.0505837
529,9/2/2016,s,287.257732,1150.28866,565.5092784
530,9/3/2016,s,317.2033195,1056.742739,602.340249
531,9/4/2016,s,182.8023952,583.0538922,533.3333333
532,9/5/2016,s,270.3,926.0208333,470.4416667
533,9/6/2016,s,184.8688525,709.2213115,410.0655738
534,9/7/2016,s,251.582205,893.5009671,445.8800774
535,9/8/2016,s,148.030888,872.972973,351.7065637
536,9/9/2016,s,217.5903614,1137.369478,339.1084337
537,9/10/2016,s,211.176699,724.5631068,504.768932
538,9/11/2016,s,277.8728324,1047.7842,572.7013487
539,9/12/2016,s,269.6779324,811.2127237,381.3518887
540,9/13/2016,s,227.4545455,1215.516529,496.338843
541,9/14/2016,s,241.2692308,923.9615385,391.8
542,9/15/2016,s,306.757515,1706.933868,630.2284569
543,9/16/2016,s,424.5443787,1443.747535,646.556213
544,9/18/2016,s,294.1395349,1416.647287,470.1627907
545,9/19/2016,s,309.1473477,1247.288802,516.589391
546,9/20/2016,s,183.3454545,702.3865878,338.1333333
547,9/21/2016,s,224.6921529,1357.267442,528.1609658
548,9/22/2016,s,300.4479371,1183.280943,586.7111984
549,9/23/2016,s,186.8363636,652.5252525,387.2161616
550,9/24/2016,s,264.7484909,1479.71831,621.8028169
551,9/25/2016,s,233.6511628,1009.089147,292.8604651
552,9/26/2016,s,241.4469854,816.7983368,253.3970894
553,9/27/2016,s,230.8359375,984.1796875,495.328125
554,9/28/2016,s,237.8097087,1221.184466,480.9786408
555,9/29/2016,s,186.6718147,786.0810811,263.3050193
556,9/30/2016,s,281.7609562,1158.784861,428.2948207
557,10/1/2016,s,346.2142857,1552.638889,632.5952381
558,10/2/2016,s,393.9920319,2022.123016,814.3984064
559,10/3/2016,s,259.3022312,1046.115538,418.1014199
560,10/5/2016,s,160.4512428,445.1318458,188.16826
561,10/6/2016,s,358.0714286,1448.833652,560.2380952
562,10/7/2016,s,211.843299,837.9166667,350.2268041
563,10/8/2016,s,275.0310559,2567.525773,751.2298137
564,10/9/2016,s,302.8439306,1416.480331,485.4566474
565,10/10/2016,s,263.8596491,1907.880539,394.5497076
566,10/11/2016,s,157.9919028,838.4795322,224.4291498
567,10/12/2016,s,198.0740741,806.8825911,333.6296296
568,10/13/2016,s,212.9302326,1120.534979,482.3953488
569,10/14/2016,s,373.8428469,1672.189922,878.9491283
570,10/16/2016,s,287.0564516,991.9035109,312.9677419
571,10/16/2016,s,219.6573705,725.9072581,223.8884462
572,10/17/2016,s,287.1129363,1158.187251,545.5687885
573,10/18/2016,s,188.4872299,655.9958932,300.4243615
574,10/19/2016,s,281.8770492,917.2336066,329.704918
575,10/20/2016,s,246.1846154,945.6346154,448.4076923
576,10/21/2016,s,202.7514451,676.743738,253.0867052
577,10/23/2016,s,281.5609756,1226.178862,478.3902439
578,10/24/2016,s,268.8880309,751.9111969,286.6100386
579,10/24/2016,s,133.1883495,651.3786408,153.9262136
580,10/25/2016,s,126.4488189,570.019685,245.4330709
581,10/26/2016,s,206.1312741,726.8918919,295.9227799
582,10/27/2016,s,252.4970414,1133.668639,496.7337278
583,10/28/2016,s,109.2277992,410.6949807,267.9150579
584,10/29/2016,s,238.1264822,1100.355731,345.4387352
585,10/30/2016,s,140.2204724,580.8070866,274.6062992
586,10/31/2016,s,320.7857143,1480.714286,431.6428571
587,11/1/2016,s,164.9706458,795.7729941,440.8062622
588,11/2/2016,s,208.3255814,1161.085271,343.2790698
589,11/3/2016,s,233.4330709,849.3897638,242.1732283
590,11/4/2016,s,320.9302326,1339.108527,495.9069767
591,11/5/2016,s,199.5230769,788.4807692,175.5692308
592,11/6/2016,s,240.1395349,1771.472868,651.9069767
593,11/7/2016,s,246.978389,998.9980354,413.1630648
594,11/8/2016,s,305.3696498,1621.964981,437.0661479
595,11/9/2016,s,261.7864078,1532.135922,327.7281553
596,11/10/2016,s,317.106383,1735.647969,561.4700193
597,11/11/2016,s,268.5150905,937.0020121,279.6458753
598,11/12/2016,s,324.5725646,796.8665377,282.0119284
599,11/13/2016,s,191.2804642,466.861167,265.787234
600,11/14/2016,s,272.2677165,438.6282306,231.6614173
601,11/15/2016,s,305.5473888,861.1992263,244
602,11/16/2016,s,271.9133858,1045.137795,295.1020408
603,11/17/2016,s,296.9302326,694.9418605,177.1860465
604,11/18/2016,s,322.5657371,1181.095618,288.3585657
605,11/19/2016,s,523.9075145,3297.880539,570.4508671
606,11/20/2016,s,264.5925926,893.7860082,179.8271605
607,11/21/2016,s,302.3166023,1258.667954,5923.528958
608,11/22/2016,s,341.7220077,1409.401544,351.3590734
609,11/23/2016,s,242.1419878,763.5902637,174.6450304
610,11/24/2016,s,252.8454012,1915.753425,330.739726
611,11/25/2016,s,300.416185,1447.919075,304.8786127
612,11/26/2016,s,39.14166667,108.8958333,86.50833333
613,11/28/2016,s,173.2269939,726.7484663,157.7586912
614,11/28/2016,s,319.1428571,2800.436508,430.9047619
615,11/29/2016,s,312.1624758,1716.615087,330.4294004
616,11/30/2016,s,371.8554217,2436.787149,396.7710843
617,12/1/2016,s,248.175,1431.145833,330.775
618,12/2/2016,s,262.0829876,1368.319502,214.6058091
619,12/3/2016,s,442.6127168,1716.936416,702.982659
620,12/4/2016,s,267.5076923,2086.269231,420.1846154
621,12/5/2016,s,652.7258687,4333.899614,1497.498069
622,12/6/2016,s,414.9278351,2194.886598,566.3257732
623,12/7/2016,s,272.7054108,2457.234469,338.0921844
624,12/8/2016,s,256.5560166,1722.427386,225.0871369
625,12/9/2016,s,202.1052632,563.7426901,113.2475634
626,12/10/2016,s,165.7933884,659.5247934,177.7190083
627,12/11/2016,s,149.3852459,622.5819672,180.0819672
628,12/12/2016,s,152.6257426,682.9306931,148.3722772
629,12/13/2016,s,152.7407407,523.0452675,256.526749
630,12/14/2016,s,207.4588235,557,202.5176471
631,12/15/2016,s,198.1069307,879.960396,210.3920792
632,12/16/2016,s,175.0062112,680.6004141,153.863354
633,12/17/2016,s,86.67206478,435.8097166,90.12955466
634,12/18/2016,s,147.3684211,1137.11501,290.1988304
635,12/19/2016,s,273.770751,1135.533597,289.8735178
636,12/20/2016,s,171.0184049,590.2249489,119.4110429
637,12/22/2016,s,199.6752475,1743.960396,229.8772277
638,12/22/2016,s,224.6573146,857.0140281,176.5130261
639,12/23/2016,s,275.2765073,995.3638254,295.6091476
640,12/24/2016,s,419.1532258,1968.709677,559.7903226
641,12/25/2016,s,307.3564155,1750.89613,325.4419552
642,12/26/2016,s,217.5953757,774.6242775,230.982659
643,12/27/2016,s,268.8096192,925.3907816,262.5330661
644,12/28/2016,s,248.6011561,952.9094412,231.0982659
645,12/29/2016,s,184.692607,753.2879377,152.8249027
646,12/30/2016,s,273.7190083,1048.884298,282.0495868
647,12/31/2016,s,306.8571429,1041.677019,253.3416149
648,1/1/2017,s,316.5241935,1585.625,225.9677419
649,1/2/2017,s,107.0805501,346.0314342,51.98428291
650,1/3/2017,s,212.1351889,886.2624254,321.7097416
651,1/4/2017,s,308.1656805,1233.925049,294.1775148
652,1/5/2017,s,239.3553719,953.3471074,135.5702479
653,1/7/2017,s,299.7844311,653.2135729,327.4011976
654,1/7/2017,s,285.2038835,1494.038835,326.1436893
655,1/8/2017,s,276.3,617.5,115.7538462
656,1/9/2017,s,172.4701195,402.4701195,136.7649402
657,1/11/2017,s,na,na,611.5357834
658,1/12/2017,s,na,na,146.8888889
659,1/13/2017,s,na,na,17.48995984
660,1/14/2017,s,na,na,160.2
661,1/17/2017,s,na,na,229.2098765
662,1/18/2017,s,na,na,153.84375
663,1/19/2017,s,na,na,385.8997996
664,1/26/2017,s,na,na,158.3252033
665,1/27/2017,s,na,na,115.2969697
666,1/28/2017,s,na,na,147.9226306
667,1/29/2017,s,na,na,113.1017964
668,2/3/2017,s,na,na,156.8803089
669,2/4/2017,s,na,na,214.1226216
670,2/6/2017,s,na,na,363.592955
671,2/10/2017,s,na,na,271.147929
672,2/11/2017,s,na,na,225.8356713
673,2/14/2017,s,na,na,244.5609756
674,2/18/2017,s,na,na,186.3170732
675,2/23/2017,s,na,na,150.0348162
676,2/24/2017,s,na,na,189.5577299
677,2/25/2017,s,na,na,132.9492901
678,2/26/2017,s,na,na,418.0115607
679,2/27/2017,s,na,na,222.7389831
680,4/26/2015,m,253.3517787,766.1857708,400.5296443
681,4/27/2015,m,188.6970297,734.0792079,393.1485149
682,4/28/2015,m,252.2926829,535.3658537,540.3658537
683,5/1/2015,m,228.1878669,1237.651663,405.4637965
684,5/2/2015,m,262.7704918,847.6844262,593.6803279
685,5/3/2015,m,389.8326693,1228.466135,673.4103586
686,5/4/2015,m,354.3614458,458.4337349,750.9638554
687,5/5/2015,m,390.4186047,997.4612403,372.2790698
688,5/6/2015,m,237.3496933,586.4212679,605.5460123
689,5/7/2015,m,282.8769231,950.9807692,504.6
690,5/8/2015,m,531.7615385,2202.884615,.
691,5/9/2015,m,380.6307692,939.4230769,553.0384615
692,5/10/2015,m,370.7368421,2360.779727,729.2163743
693,5/11/2015,m,371.3266533,1133.927856,542.741483
694,5/12/2015,m,370.3153846,1418.903846,660.2538462
695,5/14/2015,m,469.1860465,2151.375969,985.9302326
696,5/15/2015,m,282.4401544,995.3281853,329.0501931
697,5/16/2015,m,300.6,1200.708333,1061.175
698,5/17/2015,m,203.0103093,731.0103093,295.2
699,5/18/2015,m,279.1566731,1232.978723,602.7852998
700,5/19/2015,m,303.9298246,1755.360624,615.2748538
701,5/20/2015,m,257,1111.309524,654.5
702,5/21/2015,m,272.3606557,862.2131148,435
703,5/22/2015,m,283.3165049,774.7572816,697.3747573
704,5/23/2015,m,352.2162162,1130.852391,588.7484407
705,5/24/2015,m,344.015444,1354.169884,621.3359073
706,5/25/2015,m,279.034749,829.7490347,391.042471
707,5/21/2015,m,300.7145791,970.3696099,813.4620123
708,5/27/2015,m,300.816,909.5,427.632
709,5/28/2015,m,291.0520231,756.955684,675.3757225
710,5/29/2015,m,190.2142857,497.5396825,392.1190476
711,5/30/2015,m,199.9148936,697.6595745,503.1411992
712,6/1/2015,m,310.8489796,1403.77551,567.5755102
713,6/3/2015,m,216,836.4342629,417.4183267
714,6/4/2015,m,177.3692308,736.9038462,481.3846154
715,6/5/2015,m,253.7075099,694.2094862,624.0474308
716,6/6/2015,m,265.3140496,617.5619835,603.3966942
717,6/7/2015,m,485.7865613,1584.940711,na
718,6/8/2015,m,441.45,2816.6875,961.325
719,6/9/2015,m,303.8282209,1024.887526,469.2269939
720,6/10/2015,m,226.425,773.9791667,329.175
721,6/11/2015,m,314.757764,1144.099379,449.8881988
722,6/12/2015,m,288.1558442,1076.536797,813.3766234
723,6/13/2015,m,329.025,750.7708333,383.85
724,6/14/2015,m,172.1162791,430.251938,227.0465116
725,6/15/2015,m,414.6585366,1209.715447,641.8780488
726,6/16/2015,m,358.7244094,1430.11811,588.8503937
727,6/17/2015,m,288.8981289,1308.232848,1196.482328
728,6/18/2015,m,280.7307692,1456.538462,540.3692308
729,6/19/2015,m,256.4520256,906.5671642,374.3539446
730,6/20/2015,m,292.6004057,1382.981744,457.8498986
731,6/21/2015,m,254.88,965.56,324.336
732,6/21/2015,m,241.7445972,886.5225933,667.2612967
733,6/22/2015,m,289.697446,1558.722986,633.5717092
734,6/23/2015,m,287.4193548,1604.455645,652.233871
735,6/24/2015,m,233.7380457,892.8066528,468.2494802
736,6/25/2015,m,197.4,643.125,550.35
737,6/26/2015,m,352.8699029,981.4757282,534.8271845
738,6/27/2015,m,253.5378641,491.0291262,537.6699029
739,6/28/2015,m,223.2982456,944.3664717,565.8479532
740,6/29/2015,m,361.5,1248.041667,1585.625
741,6/30/2015,m,326.2729124,1617.00611,647.9266802
742,7/1/2015,m,232.9156627,1069.036145,499.3253012
743,7/2/2015,m,414.1082164,788.0160321,503.7354709
744,7/3/2015,m,198.8704062,721.4893617,301.9729207
745,7/4/2015,m,235.4457831,970.9437751,542.8674699
746,7/5/2015,m,162.2535211,386.6197183,280.1287726
747,7/6/2015,m,346.8097166,1270.647773,362.0890688
748,7/7/2015,m,141.1560694,715.6069364,436.6242775
749,7/8/2015,m,138.3083004,457.2529644,465.5573123
750,7/9/2015,m,279.2470588,584.627451,398.3764706
751,7/10/2015,m,363.5650485,1346.485437,921.4834951
752,7/11/2015,m,295.6985743,943.4419552,568.9368635
753,7/12/2015,m,306,1929.311024,783.7795276
754,7/13/2015,m,263.2677165,1307.69685,598.9370079
755,7/14/2015,m,316.368,909.6,737.112
756,7/15/2015,m,270.7080745,878.73706,534.0621118
757,7/16/2015,m,267.4088292,1087.56238,623.5163148
758,7/17/2015,m,265.9591837,1052.959184,1022.595918
759,7/18/2015,m,425.5740365,859.6551724,960.2677485
760,7/19/2015,m,242.1496063,1111.220472,621.2834646
761,7/20/2015,m,284.3927856,985.0701403,764.8016032
762,7/21/2015,m,263.9760956,1112.011952,913.1474104
763,7/22/2015,m,219.096,1125.96,623.712
764,7/24/2015,m,360.809816,873.9263804,1483.141104
765,7/25/2015,m,271.0588235,761.0784314,786.7764706
766,7/26/2015,m,175.5449102,1187.245509,682.1796407
767,7/27/2015,m,337.8886756,668.2341651,907.1861804
768,7/28/2015,m,283.9159664,385.987395,771.8067227
769,7/29/2015,m,302.4572565,712.2664016,837.5666004
770,7/30/2015,m,283.3454545,1069.010101,917.8424242
771,7/31/2015,m,299.5485149,849.8019802,888.4990099
772,8/1/2015,m,217.1929825,964.0545809,740.6081871
773,8/2/2015,m,304.9942197,764.0655106,873.3410405
774,8/3/2015,m,222.825,1242.375,565.8
775,8/5/2015,m,169.5,959.8125,739.35
776,8/6/2015,m,217.1020408,1057.081633,589.1020408
777,8/7/2015,m,208.9937888,1006.687371,505.9130435
778,8/8/2015,m,261.9408284,809.5069034,738.0591716
779,8/9/2015,m,217.725,992.5833333,329.675
780,8/10/2015,m,67.68292683,1247.743902,524.8536585
781,8/11/2015,m,258.9486653,1061.396304,513.0677618
782,8/12/2015,m,340.255814,909.8837209,na
783,8/13/2015,m,248.0158103,3923.083004,421.4940711
784,8/14/2015,m,415.5348837,609.0891473,1010.302326
785,8/15/2015,m,160.5306122,445.3469388,392.3265306
786,8/16/2015,m,89.60320641,765.9719439,237.8597194
787,8/17/2015,m,252.2987552,1684.045643,512.5643154
788,8/18/2015,m,248.4823285,1174.802495,643.3347193
789,8/19/2015,m,331.6941176,624.0588235,910.6352941
790,8/20/2015,m,169.5272727,1060.323232,412.7757576
791,8/21/2015,m,226.3284823,539.95842,462.3866944
792,8/22/2015,m,191.4378819,482.2199593,752.5784114
793,8/23/2015,m,203.2325581,470.3488372,531.255814
794,8/25/2015,m,122.2857143,687.6190476,519.6666667
795,8/26/2015,m,140.0869565,882.6679842,396.4505929
796,8/27/2015,m,209.1252567,801.6632444,439.4414784
797,8/28/2015,m,245.7361377,1114.818356,531.4646272
798,8/29/2015,m,170.0161943,1484.696356,517.3117409
799,8/30/2015,m,172.9145129,2255.884692,410.528827
800,8/31/2015,m,326.4657534,2110.74364,704.3131115
801,12/13/2015,m,337.8461538,815.8230453,677.563786
802,12/14/2015,m,255.1111111,747.6803119,412.6003899
803,12/15/2015,m,267.3684211,980.5555556,476.3539095
804,12/16/2015,m,326.4657534,845.4526749,na
805,12/17/2015,m,108.3209877,672.9591837,na
806,12/18/2015,m,208.4326531,965.48,na
807,12/19/2015,m,393.912,1105.306931,na
808,1/1/2016,m,346.0277228,670.3118503,353.995842
809,1/2/2016,m,225.7297297,991.0615711,703.5838641
810,1/3/2016,m,379.0318471,883.7860082,492.1399177
811,1/4/2016,m,339.2592593,1340.890269,784.6956522
812,1/5/2016,m,315.9503106,1247.252964,655.4782609
813,1/6/2016,m,345.5573123,1139.917695,405.0946502
814,1/7/2016,m,144.5679012,987.8163265,453.4367347
815,1/8/2016,m,326.9387755,1155.680473,558.8481262
816,1/9/2016,m,254.0591716,1427.02,539.168
817,1/10/2016,m,329.976,1921.461538,565.2769231
818,1/11/2016,m,336.3923077,1761.809145,566.6163022
819,1/12/2016,m,367.5149105,1675,649.9
820,1/13/2016,m,258.075,2844.99002,777.1576846
821,1/14/2016,m,434.8023952,719.4011976,339.2095808
822,1/15/2016,m,214.3473054,712.038835,387.2776699
823,1/16/2016,m,263.6737864,732.0408163,754.922449
824,1/17/2016,m,369.1102041,683.7649402,800.0239044
825,1/18/2016,m,312.310757,951.6700201,1046.366197
826,1/19/2016,m,507.0422535,1506.803922,554.4941176
827,1/20/2016,m,446.1176471,1346.605691,438.0894309
828,1/21/2016,m,378.0731707,2155.393939,958.8929293
829,1/22/2016,m,474.0363636,1305.489022,577.6686627
830,1/23/2016,m,426.6826347,1494.603175,547.5634921
831,1/24/2016,m,259.9285714,699.7368421,338.4777328
832,1/25/2016,m,305.708502,886.9685039,376.1574803
833,1/26/2016,m,306.9212598,1010.909091,412.5656566
834,1/27/2016,m,309.1636364,585.2631579,274.7758285
835,1/28/2016,m,189.0526316,532.0750988,268.1343874
836,1/29/2016,m,192.6640316,776.4848485,399.9111111
837,1/30/2016,m,299.3454545,1925.317919,623.0211946
838,1/31/2016,m,582.7976879,988.4241245,372.2801556
839,2/1/2016,m,310.1322957,1568.203125,535.7265625
840,2/2/2016,m,343.6875,1491.284585,332.3715415
841,2/3/2016,m,315.4624506,1929.719439,510.501002
842,2/4/2016,m,330.5651303,1875.964215,573.2962227
843,2/5/2016,m,387.554672,2373.938224,553.4903475
844,2/6/2016,m,311.1428571,545.7746479,251.2354125
845,2/7/2016,m,178.1891348,1295.769981,575.7348928
846,2/8/2016,m,295.5087719,1659.860835,576.0795229
847,2/9/2016,m,360.7157058,2762.811881,582.7564356
848,2/10/2016,m,422.9465347,2058.585462,464.1493124
849,2/11/2016,m,340.762279,2462.192308,486.7846154
850,2/12/2016,m,279.6923077,1778.31068,515.4640777
851,2/13/2016,m,262.7650485,2588.431772,525.6130346
852,2/14/2016,m,336.5376782,857.02,323.256
853,2/15/2016,m,362.376,1532.768031,331.1890838
854,2/16/2016,m,163.3684211,2113.727088,416.3340122
855,2/17/2016,m,184.5458248,2273.910387,521.7678208
856,2/18/2016,m,181.0264766,951.2851406,470.9076305
857,2/19/2016,m,133.6565657,1472.217742,651.9758065
858,2/20/2016,m,380.25,158.5686654,81.0754352
859,2/21/2016,m,73.09090909,1455.898438,461.3125
860,2/22/2016,m,271.8984375,1393.722772,526.4079208
861,2/23/2016,m,273.8138614,1310.039216,585.654902
862,2/24/2016,m,379.5529412,1149.787645,453.8841699
863,2/25/2016,m,243.6602317,1068.822314,696.7107438
864,2/26/2016,m,286.7355372,724.6850394,374.5748031
865,2/27/2016,m,261.496063,285.5060729,176.3076923
866,2/28/2016,m,219.8623482,731.9556452,195.0241935
867,2/29/2016,m,228.5564516,1724.038462,4021.269231
868,3/1/2016,m,254.1686747,466.3600783,4951.726027
869,3/2/2016,m,368.8062622,870.1386139,491.3346535
870,3/3/2016,m,338.1861386,1016.546906,480.5429142
871,3/4/2016,m,353.1017964,468.5062241,336.3070539
872,3/5/2016,m,244.5311203,1413.034623,406.2729124
873,3/6/2016,m,430.3869654,1181.040816,530.5061224
874,3/7/2016,m,348.0979592,462.4902724,1895.486381
875,3/8/2016,m,307.8910506,626.7184466,128.0621359
876,3/9/2016,m,328.7533981,1319.524752,503.8415842
877,3/10/2016,m,377.1089109,850.0779727,389.0604288
878,3/11/2016,m,334.5964912,433.7449393,167.3036437
879,3/12/2016,m,180.582996,1358.439425,439.8193018
880,3/13/2016,m,349.1334702,822.7360308,372.9325626
881,3/14/2016,m,350.0809249,1296.115385,369.6692308
882,3/15/2016,m,340.7538462,1541.77551,502.3755102
883,3/16/2016,m,359.4857143,1645.613682,480.193159
884,3/17/2016,m,389.8430584,1300.736196,325.4805726
885,3/18/2016,m,275.7791411,1508.49505,965.449505
886,3/19/2016,m,309.1722772,1190.838446,373.202454
887,3/20/2016,m,347.9263804,506.3510848,180.8915187
888,3/21/2016,m,91.85798817,1962.370062,334.9355509
889,3/22/2016,m,371.002079,890.8436214,970.1234568
890,3/23/2016,m,317.9259259,1446.097561,532.0162602
891,3/24/2016,m,336.6585366,1682.18,572.096
892,3/25/2016,m,416.448,776.6336634,470.970297
893,3/26/2016,m,290.2811881,841.1597374,386.7571116
894,3/27/2016,m,300.6827133,916.765873,378.6031746
895,3/28/2016,m,212.4285714,813.2591093,321.4817814
896,3/29/2016,m,282.0242915,632.8543307,273.7637795
897,3/30/2016,m,248.2440945,1024.13442,472.9857434
898,3/31/2016,m,274.2892057,901.6283525,313.4329502
899,4/1/2016,m,284,946.2680412,301.4845361
900,4/2/2016,m,268.1072165,814.194831,391.1093439
901,4/3/2016,m,255.5069583,na,377.6957404
902,4/4/2016,m,na,708.4156379,1523.061728
903,4/5/2016,m,329.3333333,401.4478114,80.47138047
904,1/1/2017,m,na,na,528.2969072
905,1/2/2017,m,na,na,1157.60161
906,1/3/2017,m,na,na,225.4698795
907,1/4/2017,m,na,na,266.1353965
908,1/5/2017,m,na,na,531.2876712
909,1/6/2017,m,na,na,568.3930636
910,1/7/2017,m,na,na,696.4294235
911,1/8/2017,m,na,na,268.9243028
912,1/9/2017,m,na,na,347.7431907
913,1/10/2017,m,na,na,241.4698795
914,1/11/2017,m,na,na,130.3700787
915,1/12/2017,m,na,na,326.7923077
916,1/13/2017,m,na,na,450.3902439
917,1/15/2017,m,na,na,431.8024691
918,1/16/2017,m,na,na,339.215534
919,1/17/2017,m,na,na,420.7
920,1/19/2017,m,na,na,207.8757764
921,1/20/2017,m,na,na,173.7087379
922,1/21/2017,m,na,na,155.1201629
923,1/22/2017,m,na,na,160.5818182
924,1/23/2017,m,na,na,200.0316832
925,1/25/2017,m,na,na,190.7407407
926,1/26/2017,m,na,na,192.7836735
927,1/27/2017,m,na,na,219.6626506
928,1/28/2017,m,na,na,318.373444
929,1/29/2017,m,na,na,269.8881988
930,1/30/2017,m,na,na,419.6737864
931,2/1/2017,m,na,na,211.3902439
932,2/2/2017,m,na,na,207.1042471
933,2/3/2017,m,na,na,1001.5
934,2/4/2017,m,na,na,380.5244618
935,2/5/2017,m,na,na,268.8772636
936,2/6/2017,m,na,na,159.3939394
937,2/7/2017,m,na,na,196.2910603
938,2/8/2017,m,na,na,265.7346535
939,2/9/2017,m,na,na,167.821501
940,2/10/2017,m,na,na,297.5465587
941,2/11/2017,m,na,na,363.8899804
942,2/12/2017,m,na,na,676.2074689
943,2/13/2017,m,na,na,346.0122699
944,2/16/2017,m,na,na,165.6143141
945,2/17/2017,m,na,na,380.4426877
946,2/18/2017,m,na,na,263.5087719
947,2/19/2017,m,na,na,180.5498008
948,2/20/2017,m,na,na,182.2696177
949,2/21/2017,m,na,na,172.128
950,2/23/2017,m,na,na,283.032
951,2/25/2017,m,na,na,304.1964637
952,2/26/2017,m,na,na,873.6516634
953,2/27/2017,m,na,na,707.5813953
954,2/28/2017,m,na,na,314.5581395
