ct,ID-MGRS,date,,in-prog,in-est,in-cort,,,ct,ID-WMRS,date,in-prog,in-est,in-cort  ,,,ct,ID-PHX-1,date,ex-prog,ex-est,ex-cort,,ct,ID-PHX-2,date,ex-prog,ex-est,ex-cort,,ct,ID-PHX-3,date,ex-prog,ex-est,ex-cort
1,1172,12/6/2017,,3170.322581,3240.241935,527.903,,,1,5000,8/2/2018,1537.087379,1989.961165,1147.526214,,,1,p,4/3/2015,427.4493927,363.3522267,639.6194332,,1,s,4/3/2015,305.352,691.74,682.296,,1,m,4/3/2015,270.9960474,673.6561265,460.9565217
2,1172,3/2/2018,,306.4883721,1085.773256,306.233,,,2,5003,7/30/2019,1833.59375,2539.6875,687.3046875,,,2,p,4/4/2015,388.5483871,574.4435484,643.4032258,,2,s,4/4/2015,201.0186335,1805.942029,283.5279503,,2,m,4/4/2015,175.7192982,354.17154,386.0584795
3,1172,3/13/2018,,172.3278689,381.7827869,114.689,,,3,5003,8/2/2018,2193.638171,4987.2167,1015.82505,,,3,p,4/5/2015,521.2474012,1180.889813,2565.130977,,3,s,4/5/2015,159.011583,504.0733591,158.4324324,,3,m,4/5/2015,201.1509054,647.2635815,439.6539235
4,1172,3/25/2018,,326.2368932,608.4854369,188.551,,,4,5003,8/12/2018,486.291498,951.9230769,759.7651822,,,4,p,4/6/2015,428.0854369,587.176699,658.3456311,,4,s,4/6/2015,209.9758065,786.2298387,344.3951613,,4,m,4/6/2015,206.8582677,979.3503937,560.2913386
5,1172,4/20/2018,,462.0995851,1919.771784,406.929,,,5,5004,8/3/2018,1246.79089,1077.018634,921.9875776,,,5,p,4/7/2015,386.4271457,399.3772455,632.5748503,,5,s,4/7/2015,201.1133201,1270.497018,461.6540755,,5,m,4/7/2015,238.374502,556.3944223,414.3824701
6,1172,4/26/2018,,384.0950495,1809.861386,873.719,,,6,5004,9/14/2018,932.2957198,1147.937743,274.1789883,,,6,p,4/8/2015,448.8798371,937.3767821,967.0386965,,6,s,4/8/2015,202.795082,663.2377049,429.4180328,,6,m,4/8/2015,232.4912281,719.9805068,880.9590643
7,1172,5/15/2018,,511.3306452,364.8387097,166.5,,,7,5007,8/9/2018,2000,3509.06639,1271.452282,,,7,p,4/9/2015,393.8028169,437.6579477,825.7303823,,7,s,4/9/2015,158.904,2067.84,300.696,,7,m,4/9/2015,198.432,492.14,434.136
8,1172,9/12/2017,,538.0580913,620.1659751,338.116,,,8,5007,9/7/2018,421.7640232,920.1934236,1068.348162,,,8,p,4/10/2015,428.7142857,440.6111111,660.3095238,,8,s,4/10/2015,163.8764479,651.1003861,380.5019305,,8,m,4/10/2015,156.7741935,366.6532258,525.3387097
9,1203,12/2/2017,,1263.143451,2154.012474,490.129,,,9,5008,8/3/2018,671.5862069,1996.612576,536.1298174,,,9,p,4/11/2015,311.1023622,220.2125984,538.8897638,,9,s,4/11/2015,129.5130785,402.6760563,236.3299799,,9,m,4/11/2015,268.7802875,727.9876797,552.3696099
10,1203,3/3/2018,,2329.651822,10126.51822,848.065,,,10,5010,8/4/2018,4854.368932,11882.97087,3882.174757,,,10,p,4/12/2015,368.5889571,438.2985685,653.2515337,,10,s,4/12/2015,100.2222222,688.2716049,153.8518519,,10,m,4/12/2015,204.0923077,661.6153846,549.1153846
11,1203,3/13/2018,,3138.328125,2332.617188,1408.711,,,11,5019,6/8/2019,4165.00994,10634.31412,3333.184891,,,11,p,4/13/2015,457.2580645,487.3387097,960.9193548,,11,s,4/13/2015,106.5461538,820.5384615,295.5,,11,m,4/13/2015,267.0583658,790.6809339,544.2723735
12,1203,4/5/2018,,11655.99184,461.2244898,2611.176,,,12,5023,8/4/2018,2467.479675,3342.439024,1409.512195,,,12,p,4/15/2015,345.5444015,262.03861,706.8185328,,12,s,4/14/2015,151.5435685,986.9917012,304.1825726,,12,m,4/14/2015,199.6953908,585.8116232,544.2805611
13,1203,5/16/2018,,2294.511066,646.3380282,525.416,,,13,5048,1/13/2019,2398.343685,7308.819876,1699.602484,,,13,p,4/17/2015,450.7569721,391.561753,629.0438247,,13,s,4/15/2015,126.4864865,801.3899614,525.1969112,,13,m,4/15/2015,228.6,804.72,389.904
14,1203,6/7/2018,,485.2948454,430.556701,334.318,,,14,5048,2/25/2019,672.9512195,1253.963415,584.6341463,,,14,p,4/18/2015,407.0259481,805.245509,1047.305389,,14,s,4/17/2015,107.503937,1170.629921,302.9291339,,14,m,4/17/2015,290.1730382,960.3420523,1117.907445
15,1203,3/24/2018,,1191.716599,1911.376518,1278.802,,,15,5050,1/19/2019,258.6796875,393.3984375,253.921875,,,15,p,4/19/2015,405.8436214,540.8230453,969.3333333,,15,s,4/18/2015,98.90835031,772.2199593,565.0753564,,15,m,4/18/2015,314.3811395,1567.210216,454.3732809
16,1206,12/2/2017,,312.7366337,2436.653465,575.786,,,16,5051,1/24/2019,1414.428858,2444.96994,846.6853707,,,16,p,4/20/2015,295.5400411,268.2053388,760.4106776,,16,s,4/19/2015,110.3431953,515.5226824,362.9585799,,16,m,4/19/2015,250.902439,1819.593496,363.8780488
17,1206,3/3/2018,,350.8812665,764.3271768,217.108,,,17,5051,1/30/2019,391.9298246,253.9766082,3515.368421,,,17,p,4/21/2015,297.3809524,224.3571429,481.0238095,,17,s,4/20/2015,265.8461538,1294.043393,578.6035503,,17,m,4/20/2015,189.5028902,696.4547206,340.2312139
18,1206,3/13/2018,,365.1728155,505.3398058,288.885,,,18,5052,2/25/2019,5311.937378,11280.82192,7723.444227,,,18,p,4/22/2015,388.2851638,588.2157996,779.8612717,,18,s,4/21/2015,164.1481481,2774.958848,624.691358,,18,m,4/21/2015,362.5979381,789.5876289,637.9793814
19,1206,3/24/2018,,713.5764706,1548.72549,876.824,,,19,5053,1/23/2019,388.502947,1416.836935,962.0746562,,,19,p,4/23/2015,428.9430894,818.6178862,911.3414634,,19,s,4/22/2015,125.9642147,1388.011928,346.0675944,,19,m,4/22/2015,205.8099174,1222.727273,452.0826446
20,1207,12/6/2017,,402.4180328,713.6680328,177.418,,,20,5054,1/23/2019,4850.416667,16730.4375,3741.75,,,20,p,4/24/2015,263.1578947,208.3040936,487.7192982,,20,s,4/23/2015,147.3061224,1418.77551,470.2040816,,20,m,4/23/2015,219.096,735.6,503.616
21,1209,3/3/2018,,357.3975904,325.4016064,166.843,,,21,5053,1/30/2019,424.9879518,1499.096386,4083.614458,,,21,p,4/25/2015,380.1165049,585.8485437,740.807767,,21,s,4/24/2015,147.2217899,1116.55642,429.5719844,,21,m,4/24/2015,288.675,876.5,661.925
22,1209,3/13/2018,,266.6024096,315.9236948,97.88,,,22,5055,1/23/2019,2129.817444,2333.610548,564.4624746,,,22,p,4/26/2015,407.0020121,702.2535211,667.9678068,,22,s,4/25/2015,159.9378641,1712.23301,653.0097087,,22,m,4/25/2015,214.488,1300.08,407.256
23,1218,3/5/2018,,527.9051383,3793.498024,628.15,,,23,5055,3/7/2019,335.3333333,498.8888889,1562.790123,,,23,p,4/27/2015,331.372549,248.1882353,554.0705882,,23,s,4/26/2015,190.6875,504.0429688,411.421875,,23,m,4/26/2015,253.3517787,766.1857708,400.5296443
24,1218,3/25/2018,,534.2459016,2098.893443,391.918,,,24,5056,1/23/2019,3315.876289,8213.195876,418.556701,,,24,p,4/28/2015,486,471.3765182,884.8906883,,24,s,4/27/2015,123.6739563,1018.548708,202.9502982,,24,m,4/27/2015,188.6970297,734.0792079,393.1485149
25,1218,4/20/2018,,368.0159046,1245.666004,418.521,,,25,5056,2/25/2019,1660.040568,3186.876268,959.5131846,,,25,p,5/1/2015,357.7952756,368.1574803,721.7952756,,25,s,4/28/2015,191.1529412,902.5098039,600.7529412,,25,m,4/28/2015,252.2926829,535.3658537,540.3658537
26,1218,5/16/2018,,164.480315,171.8897638,308.74,,,26,5057,1/24/2019,698.7906977,4086.104651,226.6976744,,,26,p,5/2/2015,532.2645291,1442.452906,1091.735471,,26,s,5/1/2015,98.89494163,301.2451362,278.5680934,,26,m,5/1/2015,228.1878669,1237.651663,405.4637965
27,1218,5/14/2019,,4221.162325,1478.276553,790.076,,,27,5057,1/31/2019,364.2699387,369.3251534,266.993865,,,27,p,5/3/2015,337.2533849,545.377176,863.1876209,,27,s,5/2/2015,149.722334,777.8269618,285.1267606,,27,m,5/2/2015,262.7704918,847.6844262,593.6803279
28,1218,7/10/2019,,725.6571429,937.2244898,602.522,,,28,5057,2/15/2019,1378.732106,1100.613497,648,,,28,p,5/4/2015,332.71875,302.78125,1284.210938,,28,s,5/3/2015,147.8546845,1382.887189,380.0764818,,28,m,5/3/2015,389.8326693,1228.466135,673.4103586
29,1219,9/14/2017,,381.5860735,1218.201161,523.079,,,29,5057,4/18/2019,1411.576846,1464.071856,1068.838323,,,29,p,5/5/2015,344.2774566,281.0250482,1140.693642,,29,s,5/4/2015,121.3436293,705.2123552,357.7992278,,29,m,5/4/2015,354.3614458,458.4337349,750.9638554
30,1219,12/3/2017,,128.7017544,347.5633528,690.082,,,30,5060,1/23/2019,432.2113503,1208.219178,388.0861057,,,30,p,5/6/2015,516.6462168,930.1022495,636.0981595,,30,s,5/5/2015,224.008316,2502.037422,408.6237006,,30,m,5/5/2015,390.4186047,997.4612403,372.2790698
31,1220,3/2/2018,,372.4427184,2256.407767,801.833,,,31,5060,2/7/2019,396.5195876,1537.42268,5341.360825,,,31,p,5/7/2015,733.9837398,1740.430894,1002.317073,,31,s,5/6/2015,110.1525773,801.7319588,383.3072165,,31,m,5/6/2015,237.3496933,586.4212679,605.5460123
32,1220,3/2/2018,,491.6296296,1245.164609,1507.259,,,32,5060,2/15/2019,388.4942085,1207.528958,399.6370656,,,32,p,5/8/2015,442.2035928,516.2315369,951.0179641,,32,s,5/7/2015,118.2256809,682.0428016,322.7159533,,32,m,5/7/2015,282.8769231,950.9807692,504.6
33,1220,4/20/2018,,294.3529412,868.1135903,990.548,,,33,5063,2/1/2019,208.5770751,286.2924901,174.3320158,,,33,p,5/9/2015,481.5503876,892.3178295,866.5348837,,33,s,5/8/2015,205.4074074,705.1234568,444.8148148,,33,m,5/8/2015,531.7615385,2202.884615,.
34,1220,5/17/2018,,1023.388781,1029.052224,566.809,,,34,5063,3/9/2019,440.6798419,717.9841897,8953.754941,,,34,p,5/10/2015,457.0967742,531.25,993.7741935,,34,s,5/9/2015,226.9502982,1329.403579,700.3658052,,34,m,5/9/2015,380.6307692,939.4230769,553.0384615
35,1220,6/18/2019,,1882.634731,1295.748503,1740.575,,,35,5067,2/18/2019,1064.742268,1473.958763,378.7051546,,,35,p,5/11/2015,502.5396825,484.9920635,1246.714286,,35,s,5/10/2015,141.2307692,338.1538462,312.7384615,,35,m,5/10/2015,370.7368421,2360.779727,729.2163743
36,1220,6/18/2019,,3269.82659,1520.809249,662.52,,,36,5067,3/4/2019,2122.886598,1801.670103,481.7319588,,,36,p,5/12/2015,351.3154639,196.1731959,1218.061856,,36,s,5/11/2015,172.1387755,567.8571429,425.9510204,,36,m,5/11/2015,371.3266533,1133.927856,542.741483
37,1220,7/10/2019,,2026.485437,2151.339806,1204.707,,,37,5069,2/27/2019,2291.23506,4215.478088,1052.50996,,,37,p,5/14/2015,405.1097804,438.6906188,864.6227545,,37,s,5/12/2015,269.6866538,1793.945841,787.0096712,,37,m,5/12/2015,370.3153846,1418.903846,660.2538462
38,1225,5/16/2018,,155.4579055,120.6570842,291.179,,,38,5069,3/20/2019,5322.896282,35250.23483,6607.984344,,,38,p,5/15/2015,450.6288032,680.3326572,955.9837728,,38,s,5/14/2015,180.9767442,2729.263566,421.3953488,,38,m,5/14/2015,469.1860465,2151.375969,985.9302326
39,1225,6/18/2018,,1345.593561,2132.655936,1264.95,,,39,5069,4/19/2019,393.6751468,814.109589,711.5459883,,,39,p,5/16/2015,375.4601227,323.2638037,892.4171779,,39,s,5/15/2015,211.1724138,788.7739464,528,,39,m,5/15/2015,282.4401544,995.3281853,329.0501931
40,1225,5/22/2019,,2927.95082,1249.180328,1014.27,,,40,5075,3/9/2019,427.6167665,827.9640719,710.3952096,,,40,p,5/17/2015,377.578125,300.0703125,951.2109375,,40,s,5/16/2015,211.3846154,1410.098619,561.3964497,,40,m,5/16/2015,300.6,1200.708333,1061.175
41,1225,5/22/2019,,2914.112903,1805.645161,564.145,,,41,5076,4/18/2019,328.4453441,609.1700405,223336.0324,,,41,p,5/18/2015,337.2639692,363.1445087,1522.196532,,41,s,5/17/2015,140.4219067,1096.73428,424.7951318,,41,m,5/17/2015,203.0103093,731.0103093,295.2
42,1225,6/18/2019,,745.5438596,940.662768,545.45,,,42,5077,4/18/2019,1227.329193,1761.055901,907.3043478,,,42,p,5/19/2015,428.5265226,505.8939096,1210.32613,,42,s,5/18/2015,165.4615385,1109.653846,344.6769231,,42,m,5/18/2015,279.1566731,1232.978723,602.7852998
43,1225,6/18/2019,,612,599.9175258,345.922,,,43,5092,7/30/2019,1598.412698,2921.071429,808.4285714,,,43,p,5/20/2015,450.867052,153.7649326,1095.375723,,43,s,5/19/2015,140.25,916.7916667,543.95,,43,m,5/19/2015,303.9298246,1755.360624,615.2748538
44,1226,5/29/2018,,2294.361055,2378.701826,1066.588,,,44,5100,6/8/2019,3793.38843,10606.98347,4130.553719,,,44,p,5/21/2015,376.1893491,375.581854,889.6804734,,44,s,5/20/2015,144,692.1289063,471,,44,m,5/20/2015,257,1111.309524,654.5
,,,,,,,,,45,5107,8/7/2019,587.736,1075.5,607.8,,,45,p,5/22/2015,486.3492063,829.8412698,1208.142857,,45,s,5/21/2015,123.8970297,457.8019802,270.5584158,,45,m,5/21/2015,272.3606557,862.2131148,435
,,,,,,,,,46,5110,8/12/2019,2240.490798,2133.128834,837.4969325,,,46,p,5/23/2015,563.3802817,1099.726358,731.8551308,,46,s,5/22/2015,174.8372093,786.996124,268.4418605,,46,m,5/22/2015,283.3165049,774.7572816,697.3747573
,,,,,,,,,47,5113,8/14/2019,1449.275362,507.5776398,1051.875776,,,47,p,5/24/2015,.,1046.928571,1577.380952,,47,s,5/23/2015,241.9453125,608.5546875,462.8203125,,47,m,5/23/2015,352.2162162,1130.852391,588.7484407
,,,,,,,,,,,,,,,,,48,p,5/25/2015,361.8800774,345.0135397,1969.555126,,48,s,5/24/2015,245.3516699,882.4361493,591.3713163,,48,m,5/24/2015,344.015444,1354.169884,621.3359073
,,,,,,,,,,,,,,,,,49,p,5/26/2015,356.039604,448.950495,738.9386139,,49,s,5/25/2015,213.6475248,694.7524752,679.1762376,,49,m,5/25/2015,279.034749,829.7490347,391.042471
,,,,,,,,,,,,,,,,,50,p,5/27/2015,.,1756.54321,1948.469136,,50,s,5/26/2015,216.9378758,667.4549098,304.4008016,,50,m,5/21/2015,300.7145791,970.3696099,813.4620123
,,,,,,,,,,,,,,,,,51,p,5/28/2015,.,375.1673152,1277.649805,,51,s,5/27/2015,104.7017544,404.6978558,401.6842105,,51,m,5/27/2015,300.816,909.5,427.632
,,,,,,,,,,,,,,,,,52,p,5/29/2015,.,510.6885246,937.6229508,,52,s,5/28/2015,117.6092843,343.44294,274.1663443,,52,m,5/28/2015,291.0520231,756.955684,675.3757225
,,,,,,,,,,,,,,,,,53,p,5/30/2015,.,674.2367347,603.844898,,53,s,5/29/2015,292.0714286,1421.507937,687.4761905,,53,m,5/29/2015,190.2142857,497.5396825,392.1190476
,,,,,,,,,,,,,,,,,54,p,5/31/2015,.,513.4140625,730.7578125,,54,s,5/30/2015,177.2138493,1054.826884,329.3279022,,54,m,5/30/2015,199.9148936,697.6595745,503.1411992
,,,,,,,,,,,,,,,,,55,p,6/1/2015,.,844.876494,499.9840637,,55,s,5/31/2015,185.9538462,1024.192308,418.2461538,,55,m,6/1/2015,310.8489796,1403.77551,567.5755102
,,,,,,,,,,,,,,,,,56,p,6/3/2015,.,446.8196721,685.647541,,56,s,6/1/2015,124.1889117,235.523614,179.6550308,,56,m,6/3/2015,216,836.4342629,417.4183267
,,,,,,,,,,,,,,,,,57,p,6/4/2015,.,607.8962076,1274.419162,,57,s,6/3/2015,268.5386139,2446.970297,567.2316832,,57,m,6/4/2015,177.3692308,736.9038462,481.3846154
,,,,,,,,,,,,,,,,,58,p,6/5/2015,.,263.4567901,760.7160494,,58,s,6/4/2015,180.7185629,1179.580838,515.1616766,,58,m,6/5/2015,253.7075099,694.2094862,624.0474308
,,,,,,,,,,,,,,,,,59,p,6/6/2015,.,426.3673469,1057.15102,,59,s,6/5/2015,.,547.3577236,329.8292683,,59,m,6/6/2015,265.3140496,617.5619835,603.3966942
,,,,,,,,,,,,,,,,,60,p,6/7/2015,.,379.81893,920.7407407,,60,s,6/6/2015,116.8408644,446.6797642,280.4086444,,60,m,6/7/2015,485.7865613,1584.940711,.
,,,,,,,,,,,,,,,,,61,p,6/8/2015,324.2519685,440.2755906,946.3228346,,61,s,6/7/2015,214.5433526,1797.321773,718.982659,,61,m,6/8/2015,441.45,2816.6875,961.325
,,,,,,,,,,,,,,,,,62,p,6/9/2015,462.1705426,401.5503876,433.4186047,,62,s,6/8/2015,212.890595,1459.596929,665.3205374,,62,m,6/9/2015,303.8282209,1024.887526,469.2269939
,,,,,,,,,,,,,,,,,63,p,6/10/2015,413.8888889,415.031746,726.6428571,,63,s,6/9/2015,241.6943907,1023.384913,578.8549323,,63,m,6/10/2015,226.425,773.9791667,329.175
,,,,,,,,,,,,,,,,,64,p,6/11/2015,303.8845361,424.1484536,764.1154639,,64,s,6/10/2015,254.1301775,1251.99211,437.7514793,,64,m,6/11/2015,314.757764,1144.099379,449.8881988
,,,,,,,,,,,,,,,,,65,p,6/12/2015,336.627451,242.9019608,596.7058824,,65,s,6/11/2015,154.546875,821.5039063,614.296875,,65,m,6/12/2015,288.1558442,1076.536797,813.3766234
,,,,,,,,,,,,,,,,,66,p,6/13/2015,418.6773547,665.9639279,852.6973948,,66,s,6/12/2015,251.1111111,849.6296296,787.9259259,,66,m,6/13/2015,329.025,750.7708333,383.85
,,,,,,,,,,,,,,,,,67,p,6/14/2015,389.1485149,1322.811881,644.150495,,67,s,6/13/2015,285.12,1214.98,762.336,,67,m,6/14/2015,172.1162791,430.251938,227.0465116
,,,,,,,,,,,,,,,,,68,p,6/15/2015,397.2705882,540.745098,719.5058824,,68,s,6/14/2015,137.0462777,667.6861167,739.0020121,,68,m,6/15/2015,414.6585366,1209.715447,641.8780488
,,,,,,,,,,,,,,,,,69,p,6/16/2015,341.8181818,636.630303,841.7212121,,69,s,6/15/2015,246.7079304,1202.669246,1106.390716,,69,m,6/16/2015,358.7244094,1430.11811,588.8503937
,,,,,,,,,,,,,,,,,70,p,6/17/2015,443.8554217,423.0361446,640.4819277,,70,s,6/16/2015,165.7622951,319.0778689,983.6557377,,70,m,6/17/2015,288.8981289,1308.232848,1196.482328
,,,,,,,,,,,,,,,,,71,p,6/18/2015,471.5831663,816.6412826,822.0601202,,71,s,6/17/2015,200.3414634,566.199187,833.8780488,,71,m,6/18/2015,280.7307692,1456.538462,540.3692308
,,,,,,,,,,,,,,,,,72,p,6/19/2015,.,373.6895874,940.4557957,,72,s,6/18/2015,144.4855491,723.7186898,656.2312139,,72,m,6/19/2015,256.4520256,906.5671642,374.3539446
,,,,,,,,,,,,,,,,,73,p,6/20/2015,474.496124,1007.062016,986.5813953,,73,s,6/19/2015,152.5884692,434.612326,643.2286282,,73,m,6/20/2015,292.6004057,1382.981744,457.8498986
,,,,,,,,,,,,,,,,,74,p,6/21/2015,713.0864198,3377.769547,727.654321,,74,s,6/21/2015,172.0641283,737.8156313,558.4208417,,74,m,6/21/2015,254.88,965.56,324.336
,,,,,,,,,,,,,,,,,75,p,6/21/2015,318.2945736,827.4806202,529.9069767,,75,s,6/21/2015,193.3818182,555.6969697,504.969697,,75,m,6/21/2015,241.7445972,886.5225933,667.2612967
,,,,,,,,,,,,,,,,,76,p,6/22/2015,320.2440945,439.6220472,973.2519685,,76,s,6/22/2015,174.0483871,1101.431452,662.1774194,,76,m,6/22/2015,289.697446,1558.722986,633.5717092
,,,,,,,,,,,,,,,,,77,p,6/23/2015,354.8818898,507.8110236,1843.370079,,77,s,6/23/2015,144.8981289,556.008316,440.6320166,,77,m,6/23/2015,287.4193548,1604.455645,652.233871
,,,,,,,,,,,,,,,,,78,p,6/24/2015,344.526749,892.6584362,1933.530864,,78,s,6/24/2015,.,617.5208333,632.625,,78,m,6/24/2015,233.7380457,892.8066528,468.2494802
,,,,,,,,,,,,,,,,,79,p,6/25/2015,330.9836066,683.5,943.4754098,,79,s,6/25/2015,.,837.7058824,365.5764706,,79,m,6/25/2015,197.4,643.125,550.35
,,,,,,,,,,,,,,,,,80,p,6/26/2015,437.195122,1566.195122,2103.731707,,80,s,6/25/2015,163.1578947,816.1598441,240.5380117,,80,m,6/26/2015,352.8699029,981.4757282,534.8271845
,,,,,,,,,,,,,,,,,81,p,6/27/2015,310.6299213,396.4330709,1021.795276,,81,s,6/26/2015,.,746.0122699,442.6257669,,81,m,6/27/2015,253.5378641,491.0291262,537.6699029
,,,,,,,,,,,,,,,,,82,p,6/28/2015,454.459725,1356.605108,1505.163065,,82,s,6/27/2015,.,573.9183673,141.3795918,,82,m,6/28/2015,223.2982456,944.3664717,565.8479532
,,,,,,,,,,,,,,,,,83,p,6/29/2015,497.28,2492.728,1371.144,,83,s,6/28/2015,254.3510204,963.4897959,598.8,,83,m,6/29/2015,361.5,1248.041667,1585.625
,,,,,,,,,,,,,,,,,,,,,,,,84,s,6/29/2015,176.6627219,962.504931,410.0828402,,84,m,6/30/2015,326.2729124,1617.00611,647.9266802
,,,,,,,,,,,,,,,,,,,,,,,,85,s,6/30/2015,105.4785992,384.4747082,240.4435798,,85,m,7/1/2015,232.9156627,1069.036145,499.3253012
,,,,,,,,,,,,,,,,,,,,,,,,86,s,7/1/2015,110.2282398,882.4758221,310.2823985,,86,m,7/2/2015,414.1082164,788.0160321,503.7354709
,,,,,,,,,,,,,,,,,,,,,,,,87,s,7/2/2015,116.9307692,352.1153846,285.2307692,,87,m,7/3/2015,198.8704062,721.4893617,301.9729207
,,,,,,,,,,,,,,,,,,,,,,,,88,s,7/4/2015,134.0363636,424.4848485,286.1090909,,88,m,7/4/2015,235.4457831,970.9437751,542.8674699
,,,,,,,,,,,,,,,,,,,,,,,,89,s,7/5/2015,116.3346304,482.8988327,258.6536965,,89,m,7/5/2015,162.2535211,386.6197183,280.1287726
,,,,,,,,,,,,,,,,,,,,,,,,90,s,7/6/2015,105.696,413.68,273.6,,90,m,7/6/2015,346.8097166,1270.647773,362.0890688
,,,,,,,,,,,,,,,,,,,,,,,,91,s,7/7/2015,222.7588933,690.5335968,421.1620553,,91,m,7/7/2015,141.1560694,715.6069364,436.6242775
,,,,,,,,,,,,,,,,,,,,,,,,92,s,7/8/2015,111.3609959,593.6307054,413.9253112,,92,m,7/8/2015,138.3083004,457.2529644,465.5573123
,,,,,,,,,,,,,,,,,,,,,,,,93,s,7/9/2015,335.55,1255.125,374.525,,93,m,7/9/2015,279.2470588,584.627451,398.3764706
,,,,,,,,,,,,,,,,,,,,,,,,94,s,7/10/2015,160.6259542,910.3244275,492.5954198,,94,m,7/10/2015,363.5650485,1346.485437,921.4834951
,,,,,,,,,,,,,,,,,,,,,,,,95,s,7/11/2015,310.9727626,2502.529183,1059.945525,,95,m,7/11/2015,295.6985743,943.4419552,568.9368635
,,,,,,,,,,,,,,,,,,,,,,,,96,s,7/12/2015,198.8704062,1121.141199,523.8452611,,96,m,7/12/2015,306,1929.311024,783.7795276
,,,,,,,,,,,,,,,,,,,,,,,,97,s,7/13/2015,206.5846154,1100.75,459.9230769,,97,m,7/13/2015,263.2677165,1307.69685,598.9370079
,,,,,,,,,,,,,,,,,,,,,,,,98,s,7/13/2015,141.0871369,776.6804979,397.0207469,,98,m,7/14/2015,316.368,909.6,737.112
,,,,,,,,,,,,,,,,,,,,,,,,99,s,7/14/2015,118.4538462,804.6346154,506.6538462,,99,m,7/15/2015,270.7080745,878.73706,534.0621118
,,,,,,,,,,,,,,,,,,,,,,,,100,s,7/15/2015,145.2264529,1068.436874,390.3246493,,100,m,7/16/2015,267.4088292,1087.56238,623.5163148
,,,,,,,,,,,,,,,,,,,,,,,,101,s,7/16/2015,230.9182879,1863.463035,668.2412451,,101,m,7/17/2015,265.9591837,1052.959184,1022.595918
,,,,,,,,,,,,,,,,,,,,,,,,102,s,7/17/2015,125.8210736,846.4413519,432.8588469,,102,m,7/18/2015,425.5740365,859.6551724,960.2677485
,,,,,,,,,,,,,,,,,,,,,,,,103,s,7/18/2015,74.75206612,761.1570248,496.0909091,,103,m,7/19/2015,242.1496063,1111.220472,621.2834646
,,,,,,,,,,,,,,,,,,,,,,,,104,s,7/19/2015,195.8951613,891.1491935,604.3064516,,104,m,7/20/2015,284.3927856,985.0701403,764.8016032
,,,,,,,,,,,,,,,,,,,,,,,,105,s,7/20/2015,101.5714286,375.8531746,373.6190476,,105,m,7/21/2015,263.9760956,1112.011952,913.1474104
,,,,,,,,,,,,,,,,,,,,,,,,106,s,7/21/2015,127.0120482,472.248996,446.313253,,106,m,7/22/2015,219.096,1125.96,623.712
,,,,,,,,,,,,,,,,,,,,,,,,107,s,7/22/2015,187.1294118,818.254902,619.4352941,,107,m,7/24/2015,360.809816,873.9263804,1483.141104
,,,,,,,,,,,,,,,,,,,,,,,,108,s,7/23/2015,94.87140115,412.5527831,225.9040307,,108,m,7/25/2015,271.0588235,761.0784314,786.7764706
,,,,,,,,,,,,,,,,,,,,,,,,109,s,7/24/2015,194.3553719,1149.772727,536.107438,,109,m,7/26/2015,175.5449102,1187.245509,682.1796407
,,,,,,,,,,,,,,,,,,,,,,,,110,s,7/25/2015,195.142268,824.185567,467.4309278,,110,m,7/27/2015,337.8886756,668.2341651,907.1861804
,,,,,,,,,,,,,,,,,,,,,,,,111,s,7/26/2015,66.1754386,344.0740741,122.9005848,,111,m,7/28/2015,283.9159664,385.987395,771.8067227
,,,,,,,,,,,,,,,,,,,,,,,,112,s,7/27/2015,127.3846154,625.9038462,310.5,,112,m,7/29/2015,302.4572565,712.2664016,837.5666004
,,,,,,,,,,,,,,,,,,,,,,,,113,s,7/28/2015,86.99396378,350.6639839,77.0945674,,113,m,7/30/2015,283.3454545,1069.010101,917.8424242
,,,,,,,,,,,,,,,,,,,,,,,,114,s,7/29/2015,192.1395349,841.8410853,249.9534884,,114,m,7/31/2015,299.5485149,849.8019802,888.4990099
,,,,,,,,,,,,,,,,,,,,,,,,115,s,7/30/2015,125.044898,611.1632653,851.3877551,,115,m,8/1/2015,217.1929825,964.0545809,740.6081871
,,,,,,,,,,,,,,,,,,,,,,,,116,s,7/31/2015,158.3294118,1250.039216,456.8705882,,116,m,8/2/2015,304.9942197,764.0655106,873.3410405
,,,,,,,,,,,,,,,,,,,,,,,,117,s,8/1/2015,132.8538462,455.8269231,273.7153846,,117,m,8/3/2015,222.825,1242.375,565.8
,,,,,,,,,,,,,,,,,,,,,,,,118,s,8/2/2015,151.6167665,546.506986,240.6706587,,118,m,8/5/2015,169.5,959.8125,739.35
,,,,,,,,,,,,,,,,,,,,,,,,119,s,8/3/2015,125.6792079,421.8019802,172.8712871,,119,m,8/6/2015,217.1020408,1057.081633,589.1020408
,,,,,,,,,,,,,,,,,,,,,,,,120,s,8/4/2015,182.9461078,730.8582834,370.7305389,,120,m,8/7/2015,208.9937888,1006.687371,505.9130435
,,,,,,,,,,,,,,,,,,,,,,,,121,s,8/5/2015,113.8760331,490.4958678,288.446281,,121,m,8/8/2015,261.9408284,809.5069034,738.0591716
,,,,,,,,,,,,,,,,,,,,,,,,122,s,8/6/2015,90.86055777,310.3784861,155.0438247,,122,m,8/9/2015,217.725,992.5833333,329.675
,,,,,,,,,,,,,,,,,,,,,,,,123,s,8/7/2015,174.6036961,711.2936345,341.8644764,,123,m,8/10/2015,67.68292683,1247.743902,524.8536585
,,,,,,,,,,,,,,,,,,,,,,,,124,s,8/8/2015,74.28461538,402.7692308,361.2923077,,124,m,8/11/2015,258.9486653,1061.396304,513.0677618
,,,,,,,,,,,,,,,,,,,,,,,,125,s,8/9/2015,160.3180915,836.0437376,529.2405567,,125,m,8/12/2015,340.255814,909.8837209,.
,,,,,,,,,,,,,,,,,,,,,,,,126,s,8/10/2015,.,250.42,126.624,,126,m,8/13/2015,248.0158103,3923.083004,421.4940711
,,,,,,,,,,,,,,,,,,,,,,,,127,s,8/11/2015,90,405.2788845,148.876494,,127,m,8/14/2015,415.5348837,609.0891473,1010.302326
,,,,,,,,,,,,,,,,,,,,,,,,128,s,8/12/2015,191.448,1001.9,628.704,,128,m,8/15/2015,160.5306122,445.3469388,392.3265306
,,,,,,,,,,,,,,,,,,,,,,,,129,s,8/13/2015,61.35892514,424.3570058,409.8426104,,129,m,8/16/2015,89.60320641,765.9719439,237.8597194
,,,,,,,,,,,,,,,,,,,,,,,,130,s,8/14/2015,166.0527383,502.9614604,498.4989858,,130,m,8/17/2015,252.2987552,1684.045643,512.5643154
,,,,,,,,,,,,,,,,,,,,,,,,131,s,8/15/2015,119.666004,364.2743539,422.1232604,,131,m,8/18/2015,248.4823285,1174.802495,643.3347193
,,,,,,,,,,,,,,,,,,,,,,,,132,s,8/16/2015,145.7821782,511.6633663,657.5762376,,132,m,8/19/2015,331.6941176,624.0588235,910.6352941
,,,,,,,,,,,,,,,,,,,,,,,,133,s,8/17/2015,183.3230769,1543.423077,494.7230769,,133,m,8/20/2015,169.5272727,1060.323232,412.7757576
,,,,,,,,,,,,,,,,,,,,,,,,134,s,8/18/2015,152.2600382,378.9866157,404.2370937,,134,m,8/21/2015,226.3284823,539.95842,462.3866944
,,,,,,,,,,,,,,,,,,,,,,,,135,s,8/19/2015,178.0790514,1201.936759,756.56917,,135,m,8/22/2015,191.4378819,482.2199593,752.5784114
,,,,,,,,,,,,,,,,,,,,,,,,136,s,8/20/2015,116.4790419,521.257485,473.4850299,,136,m,8/23/2015,203.2325581,470.3488372,531.255814
,,,,,,,,,,,,,,,,,,,,,,,,137,s,8/21/2015,190.7368421,1478.732943,540.7017544,,137,m,8/25/2015,122.2857143,687.6190476,519.6666667
,,,,,,,,,,,,,,,,,,,,,,,,138,s,8/22/2015,86.01956947,885.2446184,272.853229,,138,m,8/26/2015,140.0869565,882.6679842,396.4505929
,,,,,,,,,,,,,,,,,,,,,,,,139,s,8/23/2015,159.7142857,1268.154762,411.7380952,,139,m,8/27/2015,209.1252567,801.6632444,439.4414784
,,,,,,,,,,,,,,,,,,,,,,,,140,s,8/24/2015,191.5688623,2650.159681,1641.005988,,140,m,8/28/2015,245.7361377,1114.818356,531.4646272
,,,,,,,,,,,,,,,,,,,,,,,,141,s,8/25/2015,144.6441352,1502.922465,525.6858847,,141,m,8/29/2015,170.0161943,1484.696356,517.3117409
,,,,,,,,,,,,,,,,,,,,,,,,142,s,8/26/2015,145.6465696,794.3866944,453.3804574,,142,m,8/30/2015,172.9145129,2255.884692,410.528827
,,,,,,,,,,,,,,,,,,,,,,,,143,s,8/27/2015,106.7142857,999.5238095,376.7857143,,143,m,8/31/2015,326.4657534,2110.74364,704.3131115
,,,,,,,,,,,,,,,,,,,,,,,,144,s,8/28/2015,165.0661323,1185.571142,374.2364729,,144,m,12/13/2015,337.8461538,815.8230453,677.563786
,,,,,,,,,,,,,,,,,,,,,,,,145,s,8/29/2015,209.4035088,1928.401559,451.7426901,,145,m,12/14/2015,255.1111111,747.6803119,412.6003899
,,,,,,,,,,,,,,,,,,,,,,,,146,s,8/30/2015,.,1378.8,225.696,,146,m,12/15/2015,267.3684211,980.5555556,476.3539095
,,,,,,,,,,,,,,,,,,,,,,,,147,s,8/31/2015,.,1287.582645,161.9752066,,147,m,12/16/2015,326.4657534,845.4526749,.
,,,,,,,,,,,,,,,,,,,,,,,,148,s,1/1/2016,177.8698225,338.9349112,349.0729783,,148,m,12/17/2015,108.3209877,672.9591837,.
,,,,,,,,,,,,,,,,,,,,,,,,149,s,1/2/2016,175.943662,298.6720322,108.5311871,,149,m,12/18/2015,208.4326531,965.48,.
,,,,,,,,,,,,,,,,,,,,,,,,150,s,1/3/2016,304.0727273,1067.232323,648.0969697,,150,m,12/19/2015,393.912,1105.306931,.
,,,,,,,,,,,,,,,,,,,,,,,,151,s,1/4/2016,225.686747,556.3052209,423.9116466,,151,m,1/1/2016,346.0277228,670.3118503,353.995842
,,,,,,,,,,,,,,,,,,,,,,,,152,s,1/5/2016,328.1102362,860.9448819,653.1023622,,152,m,1/2/2016,225.7297297,991.0615711,703.5838641
,,,,,,,,,,,,,,,,,,,,,,,,153,s,1/6/2016,283.7227723,780,429.9881188,,153,m,1/3/2016,379.0318471,883.7860082,492.1399177
,,,,,,,,,,,,,,,,,,,,,,,,154,s,1/7/2016,404.4748491,1097.947686,445.8832998,,154,m,1/4/2016,339.2592593,1340.890269,784.6956522
,,,,,,,,,,,,,,,,,,,,,,,,155,s,1/8/2016,238.902439,540.4268293,335.3495935,,155,m,1/5/2016,315.9503106,1247.252964,655.4782609
,,,,,,,,,,,,,,,,,,,,,,,,156,s,1/9/2016,293.9178082,820.0978474,563.334638,,156,m,1/6/2016,345.5573123,1139.917695,405.0946502
,,,,,,,,,,,,,,,,,,,,,,,,157,s,1/10/2016,202.392,508.88,256.664,,157,m,1/7/2016,144.5679012,987.8163265,453.4367347
,,,,,,,,,,,,,,,,,,,,,,,,158,s,1/11/2016,292.608,972.34,325.536,,158,m,1/8/2016,326.9387755,1155.680473,558.8481262
,,,,,,,,,,,,,,,,,,,,,,,,159,s,1/12/2016,90.14423077,330.9134615,170.4326923,,159,m,1/9/2016,254.0591716,1427.02,539.168
,,,,,,,,,,,,,,,,,,,,,,,,160,s,1/13/2016,225.675,826.4583333,309.875,,160,m,1/10/2016,329.976,1921.461538,565.2769231
,,,,,,,,,,,,,,,,,,,,,,,,161,s,1/14/2016,157.7964072,464.99002,329.0938124,,161,m,1/11/2016,336.3923077,1761.809145,566.6163022
,,,,,,,,,,,,,,,,,,,,,,,,162,s,1/16/2016,318.1935484,753.6491935,612.9112903,,162,m,1/12/2016,367.5149105,1675,649.9
,,,,,,,,,,,,,,,,,,,,,,,,163,s,1/17/2016,319.6948454,1249.072165,1017.05567,,163,m,1/13/2016,258.075,2844.99002,777.1576846
,,,,,,,,,,,,,,,,,,,,,,,,164,s,1/18/2016,307.5923077,654.4615385,791.7923077,,164,m,1/14/2016,434.8023952,719.4011976,339.2095808
,,,,,,,,,,,,,,,,,,,,,,,,165,s,1/19/2016,226.25,478.4027778,320.8333333,,165,m,1/15/2016,214.3473054,712.038835,387.2776699
,,,,,,,,,,,,,,,,,,,,,,,,166,s,1/20/2016,281.9076923,619.1923077,401.8615385,,166,m,1/16/2016,263.6737864,732.0408163,754.922449
,,,,,,,,,,,,,,,,,,,,,,,,167,s,1/21/2016,563.5247525,1447.90099,883.009901,,167,m,1/17/2016,369.1102041,683.7649402,800.0239044
,,,,,,,,,,,,,,,,,,,,,,,,168,s,1/22/2016,176.9538462,337.9038462,300.9692308,,168,m,1/18/2016,312.310757,951.6700201,1046.366197
,,,,,,,,,,,,,,,,,,,,,,,,169,s,1/23/2016,112.6545455,1085.474747,569.2363636,,169,m,1/19/2016,507.0422535,1506.803922,554.4941176
,,,,,,,,,,,,,,,,,,,,,,,,170,s,1/24/2016,329.6205534,844.6245059,431.4940711,,170,m,1/20/2016,446.1176471,1346.605691,438.0894309
,,,,,,,,,,,,,,,,,,,,,,,,171,s,1/25/2016,311.9524752,1070.019802,502.7485149,,171,m,1/21/2016,378.0731707,2155.393939,958.8929293
,,,,,,,,,,,,,,,,,,,,,,,,172,s,1/26/2016,195.2601156,390.982659,252.539499,,172,m,1/22/2016,474.0363636,1305.489022,577.6686627
,,,,,,,,,,,,,,,,,,,,,,,,173,s,1/27/2016,261.7651822,997.9352227,459.0769231,,173,m,1/23/2016,426.6826347,1494.603175,547.5634921
,,,,,,,,,,,,,,,,,,,,,,,,174,s,1/28/2016,199.3188119,516.9306931,347.4772277,,174,m,1/24/2016,259.9285714,699.7368421,338.4777328
,,,,,,,,,,,,,,,,,,,,,,,,175,s,1/29/2016,365.100616,698.0903491,354.5462012,,175,m,1/25/2016,305.708502,886.9685039,376.1574803
,,,,,,,,,,,,,,,,,,,,,,,,176,s,1/30/2016,333.984375,1972.695313,676.609375,,176,m,1/26/2016,306.9212598,1010.909091,412.5656566
,,,,,,,,,,,,,,,,,,,,,,,,177,s,1/31/2016,233.6792079,860.8514851,381.5445545,,177,m,1/27/2016,309.1636364,585.2631579,274.7758285
,,,,,,,,,,,,,,,,,,,,,,,,178,s,2/1/2016,140.7461538,942.6153846,329.1230769,,178,m,1/28/2016,189.0526316,532.0750988,268.1343874
,,,,,,,,,,,,,,,,,,,,,,,,179,s,2/2/2016,323.475,990.5625,404.0583333,,179,m,1/29/2016,192.6640316,776.4848485,399.9111111
,,,,,,,,,,,,,,,,,,,,,,,,180,s,2/3/2016,273.9352227,1158.906883,310.2753036,,180,m,1/30/2016,299.3454545,1925.317919,623.0211946
,,,,,,,,,,,,,,,,,,,,,,,,181,s,2/4/2016,239.5648855,1199.141221,295.259542,,181,m,1/31/2016,582.7976879,988.4241245,372.2801556
,,,,,,,,,,,,,,,,,,,,,,,,182,s,2/5/2016,278.5411765,1289.098039,429.2627451,,182,m,2/1/2016,310.1322957,1568.203125,535.7265625
,,,,,,,,,,,,,,,,,,,,,,,,183,s,2/6/2016,271.7178423,1379.502075,311.1120332,,183,m,2/2/2016,343.6875,1491.284585,332.3715415
,,,,,,,,,,,,,,,,,,,,,,,,184,s,2/7/2016,305.245509,1464.9501,316.0798403,,184,m,2/3/2016,315.4624506,1929.719439,510.501002
,,,,,,,,,,,,,,,,,,,,,,,,185,s,2/8/2016,352.35,1825.645833,390.6666667,,185,m,2/4/2016,330.5651303,1875.964215,573.2962227
,,,,,,,,,,,,,,,,,,,,,,,,186,s,2/9/2016,268.0248447,1113.561077,543.5279503,,186,m,2/5/2016,387.554672,2373.938224,553.4903475
,,,,,,,,,,,,,,,,,,,,,,,,187,s,2/10/2016,297.1417323,1109.311024,352.2519685,,187,m,2/6/2016,311.1428571,545.7746479,251.2354125
,,,,,,,,,,,,,,,,,,,,,,,,188,s,2/11/2016,454.6909091,2653.454545,432.5818182,,188,m,2/7/2016,178.1891348,1295.769981,575.7348928
,,,,,,,,,,,,,,,,,,,,,,,,189,s,2/12/2016,275.7894737,1122.02729,256.0779727,,189,m,2/8/2016,295.5087719,1659.860835,576.0795229
,,,,,,,,,,,,,,,,,,,,,,,,190,s,2/13/2016,156.456,594.1,149.296,,190,m,2/9/2016,360.7157058,2762.811881,582.7564356
,,,,,,,,,,,,,,,,,,,,,,,,191,s,2/14/2016,91.2,250.8571429,84.60408163,,191,m,2/10/2016,422.9465347,2058.585462,464.1493124
,,,,,,,,,,,,,,,,,,,,,,,,192,s,2/15/2016,77.664,215.86,152.776,,192,m,2/11/2016,340.762279,2462.192308,486.7846154
,,,,,,,,,,,,,,,,,,,,,,,,193,s,2/16/2016,270.2125984,1651.633858,316.4251969,,193,m,2/12/2016,279.6923077,1778.31068,515.4640777
,,,,,,,,,,,,,,,,,,,,,,,,194,s,2/17/2016,100.5659656,251.3193117,103.2887189,,194,m,2/13/2016,262.7650485,2588.431772,525.6130346
,,,,,,,,,,,,,,,,,,,,,,,,195,s,2/18/2016,277.6296296,1880.082305,348.526749,,195,m,2/14/2016,336.5376782,857.02,323.256
,,,,,,,,,,,,,,,,,,,,,,,,196,s,2/19/2016,244.7265306,1006.020408,258.4081633,,196,m,2/15/2016,362.376,1532.768031,331.1890838
,,,,,,,,,,,,,,,,,,,,,,,,197,s,2/21/2016,468.8744939,2296.214575,826.097166,,197,m,2/16/2016,163.3684211,2113.727088,416.3340122
,,,,,,,,,,,,,,,,,,,,,,,,198,s,2/22/2016,145.5826772,458.484252,140.4173228,,198,m,2/17/2016,184.5458248,2273.910387,521.7678208
,,,,,,,,,,,,,,,,,,,,,,,,199,s,2/23/2016,324.9581749,1734.543726,341.9163498,,199,m,2/18/2016,181.0264766,951.2851406,470.9076305
,,,,,,,,,,,,,,,,,,,,,,,,200,s,2/24/2016,371.1891892,2618.590734,616.2857143,,200,m,2/19/2016,133.6565657,1472.217742,651.9758065
,,,,,,,,,,,,,,,,,,,,,,,,201,s,2/25/2016,352.621118,1541.428571,510.9565217,,201,m,2/20/2016,380.25,158.5686654,81.0754352
,,,,,,,,,,,,,,,,,,,,,,,,202,s,2/29/2016,321.4285714,715.5918367,380.0571429,,202,m,2/21/2016,73.09090909,1455.898438,461.3125
,,,,,,,,,,,,,,,,,,,,,,,,203,s,3/1/2016,399.2129817,1291.703854,435.148073,,203,m,2/22/2016,271.8984375,1393.722772,526.4079208
,,,,,,,,,,,,,,,,,,,,,,,,204,s,3/2/2016,499.6235294,1570.745098,408.4156863,,204,m,2/23/2016,273.8138614,1310.039216,585.654902
,,,,,,,,,,,,,,,,,,,,,,,,205,s,3/3/2016,469.2730845,2200.314342,442.2789784,,205,m,2/24/2016,379.5529412,1149.787645,453.8841699
,,,,,,,,,,,,,,,,,,,,,,,,206,s,3/4/2016,306.5853659,959.2479675,297.6585366,,206,m,2/25/2016,243.6602317,1068.822314,696.7107438
,,,,,,,,,,,,,,,,,,,,,,,,207,s,3/5/2016,482.3420523,2148.511066,430.0523139,,207,m,2/26/2016,286.7355372,724.6850394,374.5748031
,,,,,,,,,,,,,,,,,,,,,,,,208,s,3/6/2016,428.8383234,1509.94012,369.7884232,,208,m,2/27/2016,261.496063,285.5060729,176.3076923
,,,,,,,,,,,,,,,,,,,,,,,,209,s,3/7/2016,430.2403259,2637.474542,620.2851324,,209,m,2/28/2016,219.8623482,731.9556452,195.0241935
,,,,,,,,,,,,,,,,,,,,,,,,210,s,3/8/2016,421.2,1396.22,332.528,,210,m,2/29/2016,228.5564516,1724.038462,4021.269231
,,,,,,,,,,,,,,,,,,,,,,,,211,s,3/9/2016,347.4037267,1218.985507,444.9358178,,211,m,3/1/2016,254.1686747,466.3600783,4951.726027
,,,,,,,,,,,,,,,,,,,,,,,,212,s,3/10/2016,381.655706,1377.524178,371.9458414,,212,m,3/2/2016,368.8062622,870.1386139,491.3346535
,,,,,,,,,,,,,,,,,,,,,,,,213,s,3/11/2016,399.9432049,1788.235294,300.811359,,213,m,3/3/2016,338.1861386,1016.546906,480.5429142
,,,,,,,,,,,,,,,,,,,,,,,,214,s,3/12/2016,372.2371542,995.1976285,321.1857708,,214,m,3/4/2016,353.1017964,468.5062241,336.3070539
,,,,,,,,,,,,,,,,,,,,,,,,215,s,3/13/2016,265.4912621,807.6893204,322.9980583,,215,m,3/5/2016,244.5311203,1413.034623,406.2729124
,,,,,,,,,,,,,,,,,,,,,,,,216,s,3/14/2016,317.915493,992.555332,364.2736419,,216,m,3/6/2016,430.3869654,1181.040816,530.5061224
,,,,,,,,,,,,,,,,,,,,,,,,217,s,3/15/2016,208.9721116,626.0956175,236.4780876,,217,m,3/7/2016,348.0979592,462.4902724,1895.486381
,,,,,,,,,,,,,,,,,,,,,,,,218,s,3/16/2016,379.016129,1399.83871,362.4274194,,218,m,3/8/2016,307.8910506,626.7184466,128.0621359
,,,,,,,,,,,,,,,,,,,,,,,,219,s,3/17/2016,412.5,1251.309524,517.015873,,219,m,3/9/2016,328.7533981,1319.524752,503.8415842
,,,,,,,,,,,,,,,,,,,,,,,,220,s,3/18/2016,346.8837209,996.1046512,267.8914729,,220,m,3/10/2016,377.1089109,850.0779727,389.0604288
,,,,,,,,,,,,,,,,,,,,,,,,221,s,3/19/2016,411.6705882,1503.333333,444.4862745,,221,m,3/11/2016,334.5964912,433.7449393,167.3036437
,,,,,,,,,,,,,,,,,,,,,,,,222,s,3/21/2016,491.9527559,2382.007874,562.5748031,,222,m,3/12/2016,180.582996,1358.439425,439.8193018
,,,,,,,,,,,,,,,,,,,,,,,,223,s,3/22/2016,501.3831041,2140.019646,545.1709234,,223,m,3/13/2016,349.1334702,822.7360308,372.9325626
,,,,,,,,,,,,,,,,,,,,,,,,224,s,3/23/2016,447.2816327,1701.44898,382.0163265,,224,m,3/14/2016,350.0809249,1296.115385,369.6692308
,,,,,,,,,,,,,,,,,,,,,,,,225,s,3/24/2016,340.0570265,1230.407332,342.2892057,,225,m,3/15/2016,340.7538462,1541.77551,502.3755102
,,,,,,,,,,,,,,,,,,,,,,,,226,s,3/28/2016,255.2392638,726.5439673,165.2377049,,226,m,3/16/2016,359.4857143,1645.613682,480.193159
,,,,,,,,,,,,,,,,,,,,,,,,227,s,3/29/2016,294.9486653,807.9876797,179.6790123,,227,m,3/17/2016,389.8430584,1300.736196,325.4805726
,,,,,,,,,,,,,,,,,,,,,,,,228,s,3/30/2016,138,274.25,50.17142857,,228,m,3/18/2016,275.7791411,1508.49505,965.449505
,,,,,,,,,,,,,,,,,,,,,,,,229,s,3/31/2016,240.3442623,992.2336066,252.675835,,229,m,3/19/2016,309.1722772,1190.838446,373.202454
,,,,,,,,,,,,,,,,,,,,,,,,230,s,3/31/2016,281.7037037,772.9423868,238.2798354,,230,m,3/20/2016,347.9263804,506.3510848,180.8915187
,,,,,,,,,,,,,,,,,,,,,,,,231,s,4/1/2016,265.9591837,847.6122449,239,,231,m,3/21/2016,91.85798817,1962.370062,334.9355509
,,,,,,,,,,,,,,,,,,,,,,,,232,s,4/2/2016,205.2495088,530.1178782,141.2796781,,232,m,3/22/2016,371.002079,890.8436214,970.1234568
,,,,,,,,,,,,,,,,,,,,,,,,233,s,4/3/2016,185.9016393,409.6721311,77.18834951,,233,m,3/23/2016,317.9259259,1446.097561,532.0162602
,,,,,,,,,,,,,,,,,,,,,,,,234,s,4/4/2016,101.372093,266.1046512,73.28063241,,234,m,3/24/2016,336.6585366,1682.18,572.096
,,,,,,,,,,,,,,,,,,,,,,,,235,s,4/5/2016,216.6519115,498.5110664,182.9105058,,235,m,3/25/2016,416.448,776.6336634,470.970297
,,,,,,,,,,,,,,,,,,,,,,,,236,s,4/6/2016,255.7048544,1147.631068,272.2174757,,236,m,3/26/2016,290.2811881,841.1597374,386.7571116
,,,,,,,,,,,,,,,,,,,,,,,,237,s,4/7/2016,255.5573123,906.1660079,281.6284585,,237,m,3/27/2016,300.6827133,916.765873,378.6031746
,,,,,,,,,,,,,,,,,,,,,,,,238,s,4/8/2016,339.3385214,2014.357977,431.0194553,,238,m,3/28/2016,212.4285714,813.2591093,321.4817814
,,,,,,,,,,,,,,,,,,,,,,,,239,s,4/10/2016,290.325,918.75,272.925,,239,m,3/29/2016,282.0242915,632.8543307,273.7637795
,,,,,,,,,,,,,,,,,,,,,,,,240,s,4/10/2016,291.234375,3294.101563,529.9921875,,240,m,3/30/2016,248.2440945,1024.13442,472.9857434
,,,,,,,,,,,,,,,,,,,,,,,,241,s,4/11/2016,365.8040816,1387.346939,331.877551,,241,m,3/31/2016,274.2892057,901.6283525,313.4329502
,,,,,,,,,,,,,,,,,,,,,,,,242,s,4/12/2016,278.3671875,879.6679688,219.7734375,,242,m,4/1/2016,284,946.2680412,301.4845361
,,,,,,,,,,,,,,,,,,,,,,,,243,s,4/13/2016,288.5549133,1230.481696,280,,243,m,4/2/2016,268.1072165,814.194831,391.1093439
,,,,,,,,,,,,,,,,,,,,,,,,244,s,4/14/2016,309.0784708,1817.042254,352.7323944,,244,m,4/3/2016,255.5069583,0,377.6957404
,,,,,,,,,,,,,,,,,,,,,,,,245,s,4/15/2016,354.796875,2272.734375,539.1796875,,245,m,4/4/2016,,708.4156379,1523.061728
,,,,,,,,,,,,,,,,,,,,,,,,246,s,4/17/2016,318.5590062,1491.325052,323.7101449,,246,m,4/5/2016,329.3333333,401.4478114,80.47138047
,,,,,,,,,,,,,,,,,,,,,,,,247,s,4/18/2016,369.7590361,1794.417671,343.5100402,,,,,,,
,,,,,,,,,,,,,,,,,,,,,,,,248,s,4/19/2016,340.9979381,1775.340206,399.8762887,,,,,,,
,,,,,,,,,,,,,,,,,,,,,,,,249,s,4/20/2016,355.1953578,1828.723404,597.7794971,,,,,,,
,,,,,,,,,,,,,,,,,,,,,,,,250,s,4/21/2016,446.4280156,947.3346304,466.3657588,,,,,,,
,,,,,,,,,,,,,,,,,,,,,,,,251,s,4/22/2016,341.7380457,1298.461538,343.7255717,,,,,,,
,,,,,,,,,,,,,,,,,,,,,,,,252,s,4/23/2016,287.15625,1345.976563,326.71875,,,,,,,
,,,,,,,,,,,,,,,,,,,,,,,,253,s,4/24/2016,301.5354331,1770.393701,442.3228346,,,,,,,
,,,,,,,,,,,,,,,,,,,,,,,,254,s,4/25/2016,381.8796117,1584.252427,467.6660194,,,,,,,
,,,,,,,,,,,,,,,,,,,,,,,,255,s,4/26/2016,339.3346856,1339.492901,295.0831643,,,,,,,
,,,,,,,,,,,,,,,,,,,,,,,,256,s,4/27/2016,224.1481481,1096.995885,333.563786,,,,,,,
,,,,,,,,,,,,,,,,,,,,,,,,257,s,4/28/2016,174.5096525,1276.814672,323.1428571,,,,,,,
,,,,,,,,,,,,,,,,,,,,,,,,258,s,4/29/2016,314.4049587,1815.867769,423.7438017,,,,,,,
,,,,,,,,,,,,,,,,,,,,,,,,259,s,4/30/2016,242.4971098,1512.83237,349.8651252,,,,,,,
,,,,,,,,,,,,,,,,,,,,,,,,260,s,5/1/2016,208.8705882,1041.686275,223.1921569,,,,,,,
,,,,,,,,,,,,,,,,,,,,,,,,261,s,5/2/2016,253.8292683,1160.914634,280.9430894,,,,,,,
,,,,,,,,,,,,,,,,,,,,,,,,262,s,5/3/2016,292.9294606,1245.539419,485.0124481,,,,,,,
,,,,,,,,,,,,,,,,,,,,,,,,263,s,5/4/2016,336.0247423,501.1340206,231.6206186,,,,,,,
,,,,,,,,,,,,,,,,,,,,,,,,264,s,5/5/2016,278.1882353,826.4117647,286.0784314,,,,,,,
,,,,,,,,,,,,,,,,,,,,,,,,265,s,5/6/2016,232.1257367,788.3693517,254.1925344,,,,,,,
,,,,,,,,,,,,,,,,,,,,,,,,266,s,5/7/2016,372.4905284,1794.45663,434.1375872,,,,,,,
,,,,,,,,,,,,,,,,,,,,,,,,267,s,5/8/2016,342.1056751,1603.444227,252.8610568,,,,,,,
,,,,,,,,,,,,,,,,,,,,,,,,268,s,5/9/2016,399.6585366,1145.97561,238.3333333,,,,,,,
,,,,,,,,,,,,,,,,,,,,,,,,269,s,5/10/2016,289.40625,1166.855469,210.6796875,,,,,,,
,,,,,,,,,,,,,,,,,,,,,,,,270,s,5/11/2016,310.7667984,1219.189723,202.972332,,,,,,,
,,,,,,,,,,,,,,,,,,,,,,,,271,s,5/12/2016,285.6798337,674.033264,164.8232848,,,,,,,
,,,,,,,,,,,,,,,,,,,,,,,,272,s,5/13/2016,228.2994242,747.6583493,304.9673704,,,,,,,
,,,,,,,,,,,,,,,,,,,,,,,,273,s,5/15/2016,266.3571429,876.5277778,203.7777778,,,,,,,
,,,,,,,,,,,,,,,,,,,,,,,,274,s,5/16/2016,278.7923077,1274.692308,6122.146154,,,,,,,
,,,,,,,,,,,,,,,,,,,,,,,,275,s,5/17/2016,330.0363636,1653.292929,244.0808081,,,,,,,
,,,,,,,,,,,,,,,,,,,,,,,,276,s,5/18/2016,488.6019802,1750.118812,305.2752475,,,,,,,
,,,,,,,,,,,,,,,,,,,,,,,,277,s,5/19/2016,381.22334,1798.672032,302.527163,,,,,,,
,,,,,,,,,,,,,,,,,,,,,,,,278,s,5/23/2016,297.9604743,1153.754941,222.0948617,,,,,,,
,,,,,,,,,,,,,,,,,,,,,,,,279,s,5/24/2016,352.0490798,1711.820041,260.6298569,,,,,,,
,,,,,,,,,,,,,,,,,,,,,,,,280,s,5/25/2016,257.6047904,1320.618762,370.8982036,,,,,,,
,,,,,,,,,,,,,,,,,,,,,,,,281,s,5/26/2016,223.0674847,765.3783231,229.595092,,,,,,,
,,,,,,,,,,,,,,,,,,,,,,,,282,s,5/28/2016,328.9834711,1478.553719,265.0743802,,,,,,,
,,,,,,,,,,,,,,,,,,,,,,,,283,s,5/29/2016,330.492986,1281.523046,320.0480962,,,,,,,
,,,,,,,,,,,,,,,,,,,,,,,,284,s,6/1/2016,279.6244898,1262.755102,215.1591837,,,,,,,
,,,,,,,,,,,,,,,,,,,,,,,,285,s,6/3/2016,292.5957447,2299.381044,3583.009671,,,,,,,
,,,,,,,,,,,,,,,,,,,,,,,,286,s,6/5/2016,237.7933884,1179.524793,379.5123967,,,,,,,
,,,,,,,,,,,,,,,,,,,,,,,,287,s,6/6/2016,307.4457831,988.7751004,430.9076305,,,,,,,
,,,,,,,,,,,,,,,,,,,,,,,,288,s,6/7/2016,272.8897485,2092.205029,587.7833656,,,,,,,
,,,,,,,,,,,,,,,,,,,,,,,,289,s,6/8/2016,297.4390244,1240,542.8536585,,,,,,,
,,,,,,,,,,,,,,,,,,,,,,,,290,s,6/10/2016,219.627907,1620.697674,446.496124,,,,,,,
,,,,,,,,,,,,,,,,,,,,,,,,291,s,6/11/2016,225.7992278,865.9459459,266.8108108,,,,,,,
,,,,,,,,,,,,,,,,,,,,,,,,292,s,6/12/2016,211.0445344,909.1700405,565.5546559,,,,,,,
,,,,,,,,,,,,,,,,,,,,,,,,293,s,6/13/2016,234.8148148,931.9958848,423.5061728,,,,,,,
,,,,,,,,,,,,,,,,,,,,,,,,294,s,6/15/2016,223.9683794,1326.245059,437.1067194,,,,,,,
,,,,,,,,,,,,,,,,,,,,,,,,295,s,6/16/2016,298.5330661,1337.374749,415.3987976,,,,,,,
,,,,,,,,,,,,,,,,,,,,,,,,296,s,6/17/2016,265.0588235,1056.607843,375.6392157,,,,,,,
,,,,,,,,,,,,,,,,,,,,,,,,297,s,6/18/2016,216.5,1336.904762,325.468254,,,,,,,
,,,,,,,,,,,,,,,,,,,,,,,,298,s,6/19/2016,198.3182711,800.8644401,239.2062868,,,,,,,
,,,,,,,,,,,,,,,,,,,,,,,,299,s,6/20/2016,197.2573674,1084.59725,308.0943026,,,,,,,
,,,,,,,,,,,,,,,,,,,,,,,,300,s,6/21/2016,295.2426036,1186.42998,533.6252465,,,,,,,
,,,,,,,,,,,,,,,,,,,,,,,,301,s,6/22/2016,234.2823529,1223.588235,472.854902,,,,,,,
,,,,,,,,,,,,,,,,,,,,,,,,302,s,6/24/2016,159.5184466,679.184466,279.8524272,,,,,,,
,,,,,,,,,,,,,,,,,,,,,,,,303,s,6/25/2016,314.1692308,1785.884615,653.0615385,,,,,,,
,,,,,,,,,,,,,,,,,,,,,,,,304,s,6/29/2016,222.8605108,1721.552063,606.0353635,,,,,,,
,,,,,,,,,,,,,,,,,,,,,,,,305,s,6/30/2016,170.712,378,211.808,,,,,,,
,,,,,,,,,,,,,,,,,,,,,,,,306,s,7/12/2016,315.2177419,2233.245968,544.9596774,,,,,,,
,,,,,,,,,,,,,,,,,,,,,,,,307,s,7/13/2016,326.313253,1813.232932,585.5662651,,,,,,,
,,,,,,,,,,,,,,,,,,,,,,,,308,s,7/14/2016,340.6046512,1539.263566,623.2015504,,,,,,,
,,,,,,,,,,,,,,,,,,,,,,,,309,s,7/17/2016,315.7207392,1351.252567,478.201232,,,,,,,
,,,,,,,,,,,,,,,,,,,,,,,,310,s,7/18/2016,336.0461538,1062.461538,6569.1,,,,,,,
,,,,,,,,,,,,,,,,,,,,,,,,311,s,7/19/2016,314.4684318,1303.360489,539.5845214,,,,,,,
,,,,,,,,,,,,,,,,,,,,,,,,312,s,7/20/2016,290.5263158,885.2046784,543.9610136,,,,,,,
,,,,,,,,,,,,,,,,,,,,,,,,313,s,7/21/2016,458.0963855,2568.915663,10838.38554,,,,,,,
,,,,,,,,,,,,,,,,,,,,,,,,314,s,7/22/2016,297.6602317,1003.436293,744.5328185,,,,,,,
,,,,,,,,,,,,,,,,,,,,,,,,315,s,7/23/2016,454.4824903,1105.038911,566.0389105,,,,,,,
,,,,,,,,,,,,,,,,,,,,,,,,316,s,7/24/2016,279.8709677,868.4879032,568.016129,,,,,,,
,,,,,,,,,,,,,,,,,,,,,,,,317,s,7/25/2016,427.6341948,1064.512922,792.5248509,,,,,,,
,,,,,,,,,,,,,,,,,,,,,,,,318,s,7/26/2016,269.306288,1018.681542,436.6004057,,,,,,,
,,,,,,,,,,,,,,,,,,,,,,,,319,s,7/27/2016,278.3907157,776.4603482,488.1547389,,,,,,,
,,,,,,,,,,,,,,,,,,,,,,,,320,s,7/28/2016,382.2857143,1398.928571,463.8809524,,,,,,,
,,,,,,,,,,,,,,,,,,,,,,,,321,s,7/29/2016,241.1348089,407.5050302,319.2676056,,,,,,,
,,,,,,,,,,,,,,,,,,,,,,,,322,s,7/30/2016,346.5,584.1393443,310.8934426,,,,,,,
,,,,,,,,,,,,,,,,,,,,,,,,323,s,7/31/2016,312.6985447,717.1517672,634.6029106,,,,,,,
,,,,,,,,,,,,,,,,,,,,,,,,324,s,8/1/2016,378.7258065,2656.25,1066.717742,,,,,,,
,,,,,,,,,,,,,,,,,,,,,,,,325,s,8/3/2016,337.8461538,1132.442308,623.1,,,,,,,
,,,,,,,,,,,,,,,,,,,,,,,,326,s,8/4/2016,250.8923077,921.7115385,600.0230769,,,,,,,
,,,,,,,,,,,,,,,,,,,,,,,,327,s,8/5/2016,389.1663405,939.2563601,1099.819961,,,,,,,
,,,,,,,,,,,,,,,,,,,,,,,,328,s,8/6/2016,247.5180723,991.1646586,550.5783133,,,,,,,
,,,,,,,,,,,,,,,,,,,,,,,,329,s,8/7/2016,204.4541833,676.5936255,473.3784861,,,,,,,
,,,,,,,,,,,,,,,,,,,,,,,,330,s,8/8/2016,236.3319838,561.8825911,402.2672065,,,,,,,
,,,,,,,,,,,,,,,,,,,,,,,,331,s,8/9/2016,171.6024341,434.198783,957.4442191,,,,,,,
,,,,,,,,,,,,,,,,,,,,,,,,332,s,8/10/2016,250.360396,782.7920792,474.1782178,,,,,,,
,,,,,,,,,,,,,,,,,,,,,,,,333,s,8/12/2016,192.2459016,382.7868852,345.0163934,,,,,,,
,,,,,,,,,,,,,,,,,,,,,,,,334,s,8/13/2016,182.2978723,477.1760155,528.8355899,,,,,,,
,,,,,,,,,,,,,,,,,,,,,,,,335,s,8/14/2016,388.4247104,923.8030888,443.6293436,,,,,,,
,,,,,,,,,,,,,,,,,,,,,,,,336,s,8/15/2016,252.1414538,784.0667976,490.0196464,,,,,,,
,,,,,,,,,,,,,,,,,,,,,,,,337,s,8/16/2016,186.5714286,386.2896825,349.1746032,,,,,,,
,,,,,,,,,,,,,,,,,,,,,,,,338,s,8/17/2016,181.0391753,678.8247423,448.6762887,,,,,,,
,,,,,,,,,,,,,,,,,,,,,,,,339,s,8/18/2016,267.6461538,773.6923077,850.6384615,,,,,,,
,,,,,,,,,,,,,,,,,,,,,,,,340,s,8/19/2016,270.816568,643.5502959,432.6390533,,,,,,,
,,,,,,,,,,,,,,,,,,,,,,,,341,s,8/20/2016,177.355102,593.4081633,465.6244898,,,,,,,
,,,,,,,,,,,,,,,,,,,,,,,,342,s,8/21/2016,196.6795367,653.976834,474.6254826,,,,,,,
,,,,,,,,,,,,,,,,,,,,,,,,343,s,8/21/2016,399.1907514,1457.302505,714.4971098,,,,,,,
,,,,,,,,,,,,,,,,,,,,,,,,344,s,8/22/2016,312.6666667,802.2016461,486,,,,,,,
,,,,,,,,,,,,,,,,,,,,,,,,345,s,8/23/2016,150.8709677,351.2903226,402.4435484,,,,,,,
,,,,,,,,,,,,,,,,,,,,,,,,346,s,8/24/2016,148.8461538,490.3076923,324.6,,,,,,,
,,,,,,,,,,,,,,,,,,,,,,,,347,s,8/25/2016,181.4968815,628.6902287,443.027027,,,,,,,
,,,,,,,,,,,,,,,,,,,,,,,,348,s,8/26/2016,232.4363636,527.4949495,429.6,,,,,,,
,,,,,,,,,,,,,,,,,,,,,,,,349,s,8/27/2016,212.765625,707.4609375,590.5546875,,,,,,,
,,,,,,,,,,,,,,,,,,,,,,,,350,s,8/28/2016,239.8040816,734.0612245,564.0489796,,,,,,,
,,,,,,,,,,,,,,,,,,,,,,,,351,s,8/29/2016,213.5675676,702.6061776,630.3011583,,,,,,,
,,,,,,,,,,,,,,,,,,,,,,,,352,s,8/30/2016,217.3926499,582.4564797,549.9651838,,,,,,,
,,,,,,,,,,,,,,,,,,,,,,,,353,s,8/31/2016,131.8153846,467.75,367.3615385,,,,,,,
,,,,,,,,,,,,,,,,,,,,,,,,354,s,9/1/2016,224.1245136,788.5214008,463.0505837,,,,,,,
,,,,,,,,,,,,,,,,,,,,,,,,355,s,9/2/2016,287.257732,1150.28866,565.5092784,,,,,,,
,,,,,,,,,,,,,,,,,,,,,,,,356,s,9/3/2016,317.2033195,1056.742739,602.340249,,,,,,,
,,,,,,,,,,,,,,,,,,,,,,,,357,s,9/4/2016,182.8023952,583.0538922,533.3333333,,,,,,,
,,,,,,,,,,,,,,,,,,,,,,,,358,s,9/5/2016,270.3,926.0208333,470.4416667,,,,,,,
,,,,,,,,,,,,,,,,,,,,,,,,359,s,9/6/2016,184.8688525,709.2213115,410.0655738,,,,,,,
,,,,,,,,,,,,,,,,,,,,,,,,360,s,9/7/2016,251.582205,893.5009671,445.8800774,,,,,,,
,,,,,,,,,,,,,,,,,,,,,,,,361,s,9/8/2016,148.030888,872.972973,351.7065637,,,,,,,
,,,,,,,,,,,,,,,,,,,,,,,,362,s,9/9/2016,217.5903614,1137.369478,339.1084337,,,,,,,
,,,,,,,,,,,,,,,,,,,,,,,,363,s,9/10/2016,211.176699,724.5631068,504.768932,,,,,,,
,,,,,,,,,,,,,,,,,,,,,,,,364,s,9/11/2016,277.8728324,1047.7842,572.7013487,,,,,,,
,,,,,,,,,,,,,,,,,,,,,,,,365,s,9/12/2016,269.6779324,811.2127237,381.3518887,,,,,,,
,,,,,,,,,,,,,,,,,,,,,,,,366,s,9/13/2016,227.4545455,1215.516529,496.338843,,,,,,,
,,,,,,,,,,,,,,,,,,,,,,,,367,s,9/14/2016,241.2692308,923.9615385,391.8,,,,,,,
,,,,,,,,,,,,,,,,,,,,,,,,368,s,9/15/2016,306.757515,1706.933868,630.2284569,,,,,,,
,,,,,,,,,,,,,,,,,,,,,,,,369,s,9/16/2016,424.5443787,1443.747535,646.556213,,,,,,,
,,,,,,,,,,,,,,,,,,,,,,,,370,s,9/18/2016,294.1395349,1416.647287,470.1627907,,,,,,,
,,,,,,,,,,,,,,,,,,,,,,,,371,s,9/19/2016,309.1473477,1247.288802,516.589391,,,,,,,
,,,,,,,,,,,,,,,,,,,,,,,,372,s,9/20/2016,183.3454545,702.3865878,338.1333333,,,,,,,
,,,,,,,,,,,,,,,,,,,,,,,,373,s,9/21/2016,224.6921529,1357.267442,528.1609658,,,,,,,
,,,,,,,,,,,,,,,,,,,,,,,,374,s,9/22/2016,300.4479371,1183.280943,586.7111984,,,,,,,
,,,,,,,,,,,,,,,,,,,,,,,,375,s,9/23/2016,186.8363636,652.5252525,387.2161616,,,,,,,
,,,,,,,,,,,,,,,,,,,,,,,,376,s,9/24/2016,264.7484909,1479.71831,621.8028169,,,,,,,
,,,,,,,,,,,,,,,,,,,,,,,,377,s,9/25/2016,233.6511628,1009.089147,292.8604651,,,,,,,
,,,,,,,,,,,,,,,,,,,,,,,,378,s,9/26/2016,241.4469854,816.7983368,253.3970894,,,,,,,
,,,,,,,,,,,,,,,,,,,,,,,,379,s,9/27/2016,230.8359375,984.1796875,495.328125,,,,,,,
,,,,,,,,,,,,,,,,,,,,,,,,380,s,9/28/2016,237.8097087,1221.184466,480.9786408,,,,,,,
,,,,,,,,,,,,,,,,,,,,,,,,381,s,9/29/2016,186.6718147,786.0810811,263.3050193,,,,,,,
,,,,,,,,,,,,,,,,,,,,,,,,382,s,9/30/2016,281.7609562,1158.784861,428.2948207,,,,,,,
,,,,,,,,,,,,,,,,,,,,,,,,383,s,10/1/2016,346.2142857,1552.638889,632.5952381,,,,,,,
,,,,,,,,,,,,,,,,,,,,,,,,384,s,10/2/2016,393.9920319,2022.123016,814.3984064,,,,,,,
,,,,,,,,,,,,,,,,,,,,,,,,385,s,10/3/2016,259.3022312,1046.115538,418.1014199,,,,,,,
,,,,,,,,,,,,,,,,,,,,,,,,386,s,10/5/2016,160.4512428,445.1318458,188.16826,,,,,,,
,,,,,,,,,,,,,,,,,,,,,,,,387,s,10/6/2016,358.0714286,1448.833652,560.2380952,,,,,,,
,,,,,,,,,,,,,,,,,,,,,,,,388,s,10/7/2016,211.843299,837.9166667,350.2268041,,,,,,,
,,,,,,,,,,,,,,,,,,,,,,,,389,s,10/8/2016,275.0310559,2567.525773,751.2298137,,,,,,,
,,,,,,,,,,,,,,,,,,,,,,,,390,s,10/9/2016,302.8439306,1416.480331,485.4566474,,,,,,,
,,,,,,,,,,,,,,,,,,,,,,,,391,s,10/10/2016,263.8596491,1907.880539,394.5497076,,,,,,,
,,,,,,,,,,,,,,,,,,,,,,,,392,s,10/11/2016,157.9919028,838.4795322,224.4291498,,,,,,,
,,,,,,,,,,,,,,,,,,,,,,,,393,s,10/12/2016,198.0740741,806.8825911,333.6296296,,,,,,,
,,,,,,,,,,,,,,,,,,,,,,,,394,s,10/13/2016,212.9302326,1120.534979,482.3953488,,,,,,,
,,,,,,,,,,,,,,,,,,,,,,,,395,s,10/14/2016,373.8428469,1672.189922,878.9491283,,,,,,,
,,,,,,,,,,,,,,,,,,,,,,,,396,s,10/16/2016,287.0564516,991.9035109,312.9677419,,,,,,,
,,,,,,,,,,,,,,,,,,,,,,,,397,s,10/16/2016,219.6573705,725.9072581,223.8884462,,,,,,,
,,,,,,,,,,,,,,,,,,,,,,,,398,s,10/17/2016,287.1129363,1158.187251,545.5687885,,,,,,,
,,,,,,,,,,,,,,,,,,,,,,,,399,s,10/18/2016,188.4872299,655.9958932,300.4243615,,,,,,,
,,,,,,,,,,,,,,,,,,,,,,,,400,s,10/19/2016,281.8770492,917.2336066,329.704918,,,,,,,
,,,,,,,,,,,,,,,,,,,,,,,,401,s,10/20/2016,246.1846154,945.6346154,448.4076923,,,,,,,
,,,,,,,,,,,,,,,,,,,,,,,,402,s,10/21/2016,202.7514451,676.743738,253.0867052,,,,,,,
,,,,,,,,,,,,,,,,,,,,,,,,403,s,10/23/2016,281.5609756,1226.178862,478.3902439,,,,,,,
,,,,,,,,,,,,,,,,,,,,,,,,404,s,10/24/2016,268.8880309,751.9111969,286.6100386,,,,,,,
,,,,,,,,,,,,,,,,,,,,,,,,405,s,10/24/2016,133.1883495,651.3786408,153.9262136,,,,,,,
,,,,,,,,,,,,,,,,,,,,,,,,406,s,10/25/2016,126.4488189,570.019685,245.4330709,,,,,,,
,,,,,,,,,,,,,,,,,,,,,,,,407,s,10/26/2016,206.1312741,726.8918919,295.9227799,,,,,,,
,,,,,,,,,,,,,,,,,,,,,,,,408,s,10/27/2016,252.4970414,1133.668639,496.7337278,,,,,,,
,,,,,,,,,,,,,,,,,,,,,,,,409,s,10/28/2016,109.2277992,410.6949807,267.9150579,,,,,,,
,,,,,,,,,,,,,,,,,,,,,,,,410,s,10/29/2016,238.1264822,1100.355731,345.4387352,,,,,,,
,,,,,,,,,,,,,,,,,,,,,,,,411,s,10/30/2016,140.2204724,580.8070866,274.6062992,,,,,,,
,,,,,,,,,,,,,,,,,,,,,,,,412,s,10/31/2016,320.7857143,1480.714286,431.6428571,,,,,,,
,,,,,,,,,,,,,,,,,,,,,,,,413,s,11/1/2016,164.9706458,795.7729941,440.8062622,,,,,,,
,,,,,,,,,,,,,,,,,,,,,,,,414,s,11/2/2016,208.3255814,1161.085271,343.2790698,,,,,,,
,,,,,,,,,,,,,,,,,,,,,,,,415,s,11/3/2016,233.4330709,849.3897638,242.1732283,,,,,,,
,,,,,,,,,,,,,,,,,,,,,,,,416,s,11/4/2016,320.9302326,1339.108527,495.9069767,,,,,,,
,,,,,,,,,,,,,,,,,,,,,,,,417,s,11/5/2016,199.5230769,788.4807692,175.5692308,,,,,,,
,,,,,,,,,,,,,,,,,,,,,,,,418,s,11/6/2016,240.1395349,1771.472868,651.9069767,,,,,,,
,,,,,,,,,,,,,,,,,,,,,,,,419,s,11/7/2016,246.978389,998.9980354,413.1630648,,,,,,,
,,,,,,,,,,,,,,,,,,,,,,,,420,s,11/8/2016,305.3696498,1621.964981,437.0661479,,,,,,,
,,,,,,,,,,,,,,,,,,,,,,,,421,s,11/9/2016,261.7864078,1532.135922,327.7281553,,,,,,,
,,,,,,,,,,,,,,,,,,,,,,,,422,s,11/10/2016,317.106383,1735.647969,561.4700193,,,,,,,
,,,,,,,,,,,,,,,,,,,,,,,,423,s,11/11/2016,268.5150905,937.0020121,279.6458753,,,,,,,
,,,,,,,,,,,,,,,,,,,,,,,,424,s,11/12/2016,324.5725646,796.8665377,282.0119284,,,,,,,
,,,,,,,,,,,,,,,,,,,,,,,,425,s,11/13/2016,191.2804642,466.861167,265.787234,,,,,,,
,,,,,,,,,,,,,,,,,,,,,,,,426,s,11/14/2016,272.2677165,438.6282306,231.6614173,,,,,,,
,,,,,,,,,,,,,,,,,,,,,,,,427,s,11/15/2016,305.5473888,861.1992263,244,,,,,,,
,,,,,,,,,,,,,,,,,,,,,,,,428,s,11/16/2016,271.9133858,1045.137795,295.1020408,,,,,,,
,,,,,,,,,,,,,,,,,,,,,,,,429,s,11/17/2016,296.9302326,694.9418605,177.1860465,,,,,,,
,,,,,,,,,,,,,,,,,,,,,,,,430,s,11/18/2016,322.5657371,1181.095618,288.3585657,,,,,,,
,,,,,,,,,,,,,,,,,,,,,,,,431,s,11/19/2016,523.9075145,3297.880539,570.4508671,,,,,,,
,,,,,,,,,,,,,,,,,,,,,,,,432,s,11/20/2016,264.5925926,893.7860082,179.8271605,,,,,,,
,,,,,,,,,,,,,,,,,,,,,,,,433,s,11/21/2016,302.3166023,1258.667954,5923.528958,,,,,,,
,,,,,,,,,,,,,,,,,,,,,,,,434,s,11/22/2016,341.7220077,1409.401544,351.3590734,,,,,,,
,,,,,,,,,,,,,,,,,,,,,,,,435,s,11/23/2016,242.1419878,763.5902637,174.6450304,,,,,,,
,,,,,,,,,,,,,,,,,,,,,,,,436,s,11/24/2016,252.8454012,1915.753425,330.739726,,,,,,,
,,,,,,,,,,,,,,,,,,,,,,,,437,s,11/25/2016,300.416185,1447.919075,304.8786127,,,,,,,
,,,,,,,,,,,,,,,,,,,,,,,,438,s,11/26/2016,39.14166667,108.8958333,86.50833333,,,,,,,
,,,,,,,,,,,,,,,,,,,,,,,,439,s,11/28/2016,173.2269939,726.7484663,157.7586912,,,,,,,
,,,,,,,,,,,,,,,,,,,,,,,,440,s,11/28/2016,319.1428571,2800.436508,430.9047619,,,,,,,
,,,,,,,,,,,,,,,,,,,,,,,,441,s,11/29/2016,312.1624758,1716.615087,330.4294004,,,,,,,
,,,,,,,,,,,,,,,,,,,,,,,,442,s,11/30/2016,371.8554217,2436.787149,396.7710843,,,,,,,
,,,,,,,,,,,,,,,,,,,,,,,,443,s,12/1/2016,248.175,1431.145833,330.775,,,,,,,
,,,,,,,,,,,,,,,,,,,,,,,,444,s,12/2/2016,262.0829876,1368.319502,214.6058091,,,,,,,
,,,,,,,,,,,,,,,,,,,,,,,,445,s,12/3/2016,442.6127168,1716.936416,702.982659,,,,,,,
,,,,,,,,,,,,,,,,,,,,,,,,446,s,12/4/2016,267.5076923,2086.269231,420.1846154,,,,,,,
,,,,,,,,,,,,,,,,,,,,,,,,447,s,12/5/2016,652.7258687,4333.899614,1497.498069,,,,,,,
,,,,,,,,,,,,,,,,,,,,,,,,448,s,12/6/2016,414.9278351,2194.886598,566.3257732,,,,,,,
,,,,,,,,,,,,,,,,,,,,,,,,449,s,12/7/2016,272.7054108,2457.234469,338.0921844,,,,,,,
,,,,,,,,,,,,,,,,,,,,,,,,450,s,12/8/2016,256.5560166,1722.427386,225.0871369,,,,,,,
,,,,,,,,,,,,,,,,,,,,,,,,451,s,12/9/2016,202.1052632,563.7426901,113.2475634,,,,,,,
,,,,,,,,,,,,,,,,,,,,,,,,452,s,12/10/2016,165.7933884,659.5247934,177.7190083,,,,,,,
,,,,,,,,,,,,,,,,,,,,,,,,453,s,12/11/2016,149.3852459,622.5819672,180.0819672,,,,,,,
,,,,,,,,,,,,,,,,,,,,,,,,454,s,12/12/2016,152.6257426,682.9306931,148.3722772,,,,,,,
,,,,,,,,,,,,,,,,,,,,,,,,455,s,12/13/2016,152.7407407,523.0452675,256.526749,,,,,,,
,,,,,,,,,,,,,,,,,,,,,,,,456,s,12/14/2016,207.4588235,557,202.5176471,,,,,,,
,,,,,,,,,,,,,,,,,,,,,,,,457,s,12/15/2016,198.1069307,879.960396,210.3920792,,,,,,,
,,,,,,,,,,,,,,,,,,,,,,,,458,s,12/16/2016,175.0062112,680.6004141,153.863354,,,,,,,
,,,,,,,,,,,,,,,,,,,,,,,,459,s,12/17/2016,86.67206478,435.8097166,90.12955466,,,,,,,
,,,,,,,,,,,,,,,,,,,,,,,,460,s,12/18/2016,147.3684211,1137.11501,290.1988304,,,,,,,
,,,,,,,,,,,,,,,,,,,,,,,,461,s,12/19/2016,273.770751,1135.533597,289.8735178,,,,,,,
,,,,,,,,,,,,,,,,,,,,,,,,462,s,12/20/2016,171.0184049,590.2249489,119.4110429,,,,,,,
,,,,,,,,,,,,,,,,,,,,,,,,463,s,12/22/2016,199.6752475,1743.960396,229.8772277,,,,,,,
,,,,,,,,,,,,,,,,,,,,,,,,464,s,12/22/2016,224.6573146,857.0140281,176.5130261,,,,,,,
,,,,,,,,,,,,,,,,,,,,,,,,465,s,12/23/2016,275.2765073,995.3638254,295.6091476,,,,,,,
,,,,,,,,,,,,,,,,,,,,,,,,466,s,12/24/2016,419.1532258,1968.709677,559.7903226,,,,,,,
,,,,,,,,,,,,,,,,,,,,,,,,467,s,12/25/2016,307.3564155,1750.89613,325.4419552,,,,,,,
,,,,,,,,,,,,,,,,,,,,,,,,468,s,12/26/2016,217.5953757,774.6242775,230.982659,,,,,,,
,,,,,,,,,,,,,,,,,,,,,,,,469,s,12/27/2016,268.8096192,925.3907816,262.5330661,,,,,,,
,,,,,,,,,,,,,,,,,,,,,,,,470,s,12/28/2016,248.6011561,952.9094412,231.0982659,,,,,,,
,,,,,,,,,,,,,,,,,,,,,,,,471,s,12/29/2016,184.692607,753.2879377,152.8249027,,,,,,,
,,,,,,,,,,,,,,,,,,,,,,,,472,s,12/30/2016,273.7190083,1048.884298,282.0495868,,,,,,,
,,,,,,,,,,,,,,,,,,,,,,,,473,s,12/31/2016,306.8571429,1041.677019,253.3416149,,,,,,,
,,,,,,,,,,,,,,,,,,,,,,,,474,s,1/1/2017,316.5241935,1585.625,225.9677419,,,,,,,
,,,,,,,,,,,,,,,,,,,,,,,,475,s,1/2/2017,107.0805501,346.0314342,51.98428291,,,,,,,
,,,,,,,,,,,,,,,,,,,,,,,,476,s,1/3/2017,212.1351889,886.2624254,321.7097416,,,,,,,
,,,,,,,,,,,,,,,,,,,,,,,,477,s,1/4/2017,308.1656805,1233.925049,294.1775148,,,,,,,
,,,,,,,,,,,,,,,,,,,,,,,,478,s,1/5/2017,239.3553719,953.3471074,135.5702479,,,,,,,
,,,,,,,,,,,,,,,,,,,,,,,,479,s,1/7/2017,299.7844311,653.2135729,327.4011976,,,,,,,
,,,,,,,,,,,,,,,,,,,,,,,,480,s,1/7/2017,285.2038835,1494.038835,326.1436893,,,,,,,
,,,,,,,,,,,,,,,,,,,,,,,,481,s,1/8/2017,276.3,617.5,115.7538462,,,,,,,
,,,,,,,,,,,,,,,,,,,,,,,,482,s,1/9/2017,172.4701195,402.4701195,136.7649402,,,,,,,
