Animal_ID,Count,Sex,CaptureDate,Time,Age,Repro,Mass,TestisLength,Handler,Season,Location,prog.10,est.10,cort.10,Test.10,Notes
m,,F,4/3/2015,,A,,224,,,Spring,Zoo,27.09960474,67.36561265,46.09565217,na,
p,,F,4/3/2015,,A,,228.3,,,Spring,Zoo,42.74493927,36.33522267,63.96194332,na,
s,,F,4/3/2015,,A,,225.1,,,Spring,Zoo,30.5352,69.174,68.2296,na,
m,,F,4/4/2015,,A,,224,,,Spring,Zoo,17.57192982,35.417154,38.60584795,na,
p,,F,4/4/2015,,A,,228.3,,,Spring,Zoo,38.85483871,57.44435484,64.34032258,na,
s,,F,4/4/2015,,A,,225.1,,,Spring,Zoo,20.10186335,180.5942029,28.35279503,na,
m,,F,4/5/2015,,A,,224,,,Spring,Zoo,20.11509054,64.72635815,43.96539235,na,
p,,F,4/5/2015,,A,,228.3,,,Spring,Zoo,52.12474012,118.0889813,256.5130977,na,
s,,F,4/5/2015,,A,,225.1,,,Spring,Zoo,15.9011583,50.40733591,15.84324324,na,
m,,F,4/6/2015,,A,,224,,,Spring,Zoo,20.68582677,97.93503937,56.02913386,na,
p,,F,4/6/2015,,A,,228.3,,,Spring,Zoo,42.80854369,58.7176699,65.83456311,na,
s,,F,4/6/2015,,A,,225.1,,,Spring,Zoo,20.99758065,78.62298387,34.43951613,na,
m,,F,4/7/2015,,A,,224,,,Spring,Zoo,23.8374502,55.63944223,41.43824701,na,
p,,F,4/7/2015,,A,,228.3,,,Spring,Zoo,38.64271457,39.93772455,63.25748503,na,
s,,F,4/7/2015,,A,,225.1,,,Spring,Zoo,20.11133201,127.0497018,46.16540755,na,
m,,F,4/8/2015,,A,,224,,,Spring,Zoo,23.24912281,71.99805068,88.09590643,na,
p,,F,4/8/2015,,A,,228.3,,,Spring,Zoo,44.88798371,93.73767821,96.70386965,na,
s,,F,4/8/2015,,A,,225.1,,,Spring,Zoo,20.2795082,66.32377049,42.94180328,na,
m,,F,4/9/2015,,A,,224,,,Spring,Zoo,19.8432,49.214,43.4136,na,
p,,F,4/9/2015,,A,,228.3,,,Spring,Zoo,39.38028169,43.76579477,82.57303823,na,
s,,F,4/9/2015,,A,,225.1,,,Spring,Zoo,15.8904,206.784,30.0696,na,
m,,F,4/10/2015,,A,,224,,,Spring,Zoo,15.67741935,36.66532258,52.53387097,na,
p,,F,4/10/2015,,A,,228.3,,,Spring,Zoo,42.87142857,44.06111111,66.03095238,na,
s,,F,4/10/2015,,A,,225.1,,,Spring,Zoo,16.38764479,65.11003861,38.05019305,na,
m,,F,4/11/2015,,A,,224,,,Spring,Zoo,26.87802875,72.79876797,55.23696099,na,
p,,F,4/11/2015,,A,,228.3,,,Spring,Zoo,31.11023622,22.02125984,53.88897638,na,
s,,F,4/11/2015,,A,,225.1,,,Spring,Zoo,12.95130785,40.26760563,23.63299799,na,
m,,F,4/12/2015,,A,,224,,,Spring,Zoo,20.40923077,66.16153846,54.91153846,na,
p,,F,4/12/2015,,A,,228.3,,,Spring,Zoo,36.85889571,43.82985685,65.32515337,na,
s,,F,4/12/2015,,A,,225.1,,,Spring,Zoo,10.02222222,68.82716049,15.38518519,na,
m,,F,4/13/2015,,A,,224,,,Spring,Zoo,26.70583658,79.06809339,54.42723735,na,
p,,F,4/13/2015,,A,,228.3,,,Spring,Zoo,45.72580645,48.73387097,96.09193548,na,
s,,F,4/13/2015,,A,,225.1,,,Spring,Zoo,10.65461538,82.05384615,29.55,na,
m,,F,4/14/2015,,A,,224,,,Spring,Zoo,19.96953908,58.58116232,54.42805611,na,
s,,F,4/14/2015,,A,,225.1,,,Spring,Zoo,15.15435685,98.69917012,30.41825726,na,
m,,F,4/15/2015,,A,,224,,,Spring,Zoo,22.86,80.472,38.9904,na,
p,,F,4/15/2015,,A,,228.3,,,Spring,Zoo,34.55444015,26.203861,70.68185328,na,
s,,F,4/15/2015,,A,,225.1,,,Spring,Zoo,12.64864865,80.13899614,52.51969112,na,
m,,F,4/17/2015,,A,,224,,,Spring,Zoo,29.01730382,96.03420523,111.7907445,na,
p,,F,4/17/2015,,A,,228.3,,,Spring,Zoo,45.07569721,39.1561753,62.90438247,na,
s,,F,4/17/2015,,A,,225.1,,,Spring,Zoo,10.7503937,117.0629921,30.29291339,na,
m,,F,4/18/2015,,A,,224,,,Spring,Zoo,31.43811395,156.7210216,45.43732809,na,
p,,F,4/18/2015,,A,,228.3,,,Spring,Zoo,40.70259481,80.5245509,104.7305389,na,
s,,F,4/18/2015,,A,,225.1,,,Spring,Zoo,9.890835031,77.22199593,56.50753564,na,
m,,F,4/19/2015,,A,,224,,,Spring,Zoo,25.0902439,181.9593496,36.38780488,na,
p,,F,4/19/2015,,A,,228.3,,,Spring,Zoo,40.58436214,54.08230453,96.93333333,na,
s,,F,4/19/2015,,A,,225.1,,,Spring,Zoo,11.03431953,51.55226824,36.29585799,na,
m,,F,4/20/2015,,A,,224,,,Spring,Zoo,18.95028902,69.64547206,34.02312139,na,
p,,F,4/20/2015,,A,,228.3,,,Spring,Zoo,29.55400411,26.82053388,76.04106776,na,
s,,F,4/20/2015,,A,,225.1,,,Spring,Zoo,26.58461538,129.4043393,57.86035503,na,
m,,F,4/21/2015,,A,,224,,,Spring,Zoo,36.25979381,78.95876289,63.79793814,na,
p,,F,4/21/2015,,A,,228.3,,,Spring,Zoo,29.73809524,22.43571429,48.10238095,na,
s,,F,4/21/2015,,A,,225.1,,,Spring,Zoo,16.41481481,277.4958848,62.4691358,na,
m,,F,4/22/2015,,A,,224,,,Spring,Zoo,20.58099174,122.2727273,45.20826446,na,
p,,F,4/22/2015,,A,,228.3,,,Spring,Zoo,38.82851638,58.82157996,77.98612717,na,
s,,F,4/22/2015,,A,,225.1,,,Spring,Zoo,12.59642147,138.8011928,34.60675944,na,
g,,M,4/22/2015,,A,,213.7,,,Spring,Zoo,na,na,23.71640625,132.4453125,
a,,M,4/22/2015,,A,,228.3,,,Spring,Zoo,na,na,31.2746988,132.4453125,
b,,M,4/22/2015,,A,,222.9,,,Spring,Zoo,na,na,10.76300578,114.8516378,
m,,F,4/23/2015,,A,,224,,,Spring,Zoo,21.9096,73.56,50.3616,na,
p,,F,4/23/2015,,A,,228.3,,,Spring,Zoo,42.89430894,81.86178862,91.13414634,na,
s,,F,4/23/2015,,A,,225.1,,,Spring,Zoo,14.73061224,141.877551,47.02040816,na,
m,,F,4/24/2015,,A,,224,,,Spring,Zoo,28.8675,87.65,66.1925,na,
p,,F,4/24/2015,,A,,228.3,,,Spring,Zoo,26.31578947,20.83040936,48.77192982,na,
s,,F,4/24/2015,,A,,225.1,,,Spring,Zoo,14.72217899,111.655642,42.95719844,na,
m,,F,4/25/2015,,A,,224,,,Spring,Zoo,21.4488,130.008,40.7256,na,
p,,F,4/25/2015,,A,,228.3,,,Spring,Zoo,38.01165049,58.58485437,74.0807767,na,
s,,F,4/25/2015,,A,,225.1,,,Spring,Zoo,15.99378641,171.223301,65.30097087,na,
m,,F,4/26/2015,,A,,224,,,Spring,Zoo,25.33517787,76.61857708,40.05296443,na,
p,,F,4/26/2015,,A,,228.3,,,Spring,Zoo,40.70020121,70.22535211,66.79678068,na,
s,,F,4/26/2015,,A,,225.1,,,Spring,Zoo,19.06875,50.40429688,41.1421875,na,
m,,F,4/27/2015,,A,,224,,,Spring,Zoo,18.86970297,73.40792079,39.31485149,na,
p,,F,4/27/2015,,A,,228.3,,,Spring,Zoo,33.1372549,24.81882353,55.40705882,na,
s,,F,4/27/2015,,A,,225.1,,,Spring,Zoo,12.36739563,101.8548708,20.29502982,na,
m,,F,4/28/2015,,A,,224,,,Spring,Zoo,25.22926829,53.53658537,54.03658537,na,
p,,F,4/28/2015,,A,,228.3,,,Spring,Zoo,48.6,47.13765182,88.48906883,na,
s,,F,4/28/2015,,A,,225.1,,,Spring,Zoo,19.11529412,90.25098039,60.07529412,na,
m,,F,5/1/2015,,A,,224,,,Spring,Zoo,22.81878669,123.7651663,40.54637965,na,
p,,F,5/1/2015,,A,,228.3,,,Spring,Zoo,35.77952756,36.81574803,72.17952756,na,
s,,F,5/1/2015,,A,,225.1,,,Spring,Zoo,9.889494163,30.12451362,27.85680934,na,
m,,F,5/2/2015,,A,,224,,,Spring,Zoo,26.27704918,84.76844262,59.36803279,na,
p,,F,5/2/2015,,A,,228.3,,,Spring,Zoo,53.22645291,144.2452906,109.1735471,na,
s,,F,5/2/2015,,A,,225.1,,,Spring,Zoo,14.9722334,77.78269618,28.51267606,na,
m,,F,5/3/2015,,A,,224,,,Spring,Zoo,38.98326693,122.8466135,67.34103586,na,
p,,F,5/3/2015,,A,,228.3,,,Spring,Zoo,33.72533849,54.5377176,86.31876209,na,
s,,F,5/3/2015,,A,,225.1,,,Spring,Zoo,14.78546845,138.2887189,38.00764818,na,
m,,F,5/4/2015,,A,,224,,,Spring,Zoo,35.43614458,45.84337349,75.09638554,na,
p,,F,5/4/2015,,A,,228.3,,,Spring,Zoo,33.271875,30.278125,128.4210938,na,
s,,F,5/4/2015,,A,,225.1,,,Spring,Zoo,12.13436293,70.52123552,35.77992278,na,
m,,F,5/5/2015,,A,,224,,,Spring,Zoo,39.04186047,99.74612403,37.22790698,na,
p,,F,5/5/2015,,A,,228.3,,,Spring,Zoo,34.42774566,28.10250482,114.0693642,na,
s,,F,5/5/2015,,A,,225.1,,,Spring,Zoo,22.4008316,250.2037422,40.86237006,na,
m,,F,5/6/2015,,A,,224,,,Spring,Zoo,23.73496933,58.64212679,60.55460123,na,
p,,F,5/6/2015,,A,,228.3,,,Spring,Zoo,51.66462168,93.01022495,63.60981595,na,
s,,F,5/6/2015,,A,,225.1,,,Spring,Zoo,11.01525773,80.17319588,38.33072165,na,
g,,M,5/6/2015,,A,,213.7,,,Spring,Zoo,na,na,24.12461538,98.34230769,
a,,M,5/6/2015,,A,,228.3,,,Spring,Zoo,na,na,14.98034682,98.34230769,
b,,M,5/6/2015,,A,,222.9,,,Spring,Zoo,na,na,26.21630219,109.7654076,
m,,F,5/7/2015,,A,,224,,,Spring,Zoo,28.28769231,95.09807692,50.46,na,
p,,F,5/7/2015,,A,,228.3,,,Spring,Zoo,73.39837398,174.0430894,100.2317073,na,
s,,F,5/7/2015,,A,,225.1,,,Spring,Zoo,11.82256809,68.20428016,32.27159533,na,
m,,F,5/8/2015,,A,,224,,,Spring,Zoo,53.17615385,220.2884615,na,na,
p,,F,5/8/2015,,A,,228.3,,,Spring,Zoo,44.22035928,51.62315369,95.10179641,na,
s,,F,5/8/2015,,A,,225.1,,,Spring,Zoo,20.54074074,70.51234568,44.48148148,na,
m,,F,5/9/2015,,A,,224,,,Spring,Zoo,38.06307692,93.94230769,55.30384615,na,
p,,F,5/9/2015,,A,,228.3,,,Spring,Zoo,48.15503876,89.23178295,86.65348837,na,
s,,F,5/9/2015,,A,,225.1,,,Spring,Zoo,22.69502982,132.9403579,70.03658052,na,
m,,F,5/10/2015,,A,,224,,,Spring,Zoo,37.07368421,236.0779727,72.92163743,na,
p,,F,5/10/2015,,A,,228.3,,,Spring,Zoo,45.70967742,53.125,99.37741935,na,
s,,F,5/10/2015,,A,,225.1,,,Spring,Zoo,14.12307692,33.81538462,31.27384615,na,
m,,F,5/11/2015,,A,,224,,,Spring,Zoo,37.13266533,113.3927856,54.2741483,na,
p,,F,5/11/2015,,A,,228.3,,,Spring,Zoo,50.25396825,48.49920635,124.6714286,na,
s,,F,5/11/2015,,A,,225.1,,,Spring,Zoo,17.21387755,56.78571429,42.59510204,na,
m,,F,5/12/2015,,A,,224,,,Spring,Zoo,37.03153846,141.8903846,66.02538462,na,
p,,F,5/12/2015,,A,,228.3,,,Spring,Zoo,35.13154639,19.61731959,121.8061856,na,
s,,F,5/12/2015,,A,,225.1,,,Spring,Zoo,26.96866538,179.3945841,78.70096712,na,
m,,F,5/14/2015,,A,,224,,,Spring,Zoo,46.91860465,215.1375969,98.59302326,na,
p,,F,5/14/2015,,A,,228.3,,,Spring,Zoo,40.51097804,43.86906188,86.46227545,na,
s,,F,5/14/2015,,A,,225.1,,,Spring,Zoo,18.09767442,272.9263566,42.13953488,na,
m,,F,5/15/2015,,A,,224,,,Spring,Zoo,28.24401544,99.53281853,32.90501931,na,
p,,F,5/15/2015,,A,,228.3,,,Spring,Zoo,45.06288032,68.03326572,95.59837728,na,
s,,F,5/15/2015,,A,,225.1,,,Spring,Zoo,21.11724138,78.87739464,52.8,na,
m,,F,5/16/2015,,A,,224,,,Spring,Zoo,30.06,120.0708333,106.1175,na,
p,,F,5/16/2015,,A,,228.3,,,Spring,Zoo,37.54601227,32.32638037,89.24171779,na,
s,,F,5/16/2015,,A,,225.1,,,Spring,Zoo,21.13846154,141.0098619,56.13964497,na,
m,,F,5/17/2015,,A,,224,,,Spring,Zoo,20.30103093,73.10103093,29.52,na,
p,,F,5/17/2015,,A,,228.3,,,Spring,Zoo,37.7578125,30.00703125,95.12109375,na,
s,,F,5/17/2015,,A,,225.1,,,Spring,Zoo,14.04219067,109.673428,42.47951318,na,
m,,F,5/18/2015,,A,,224,,,Spring,Zoo,27.91566731,123.2978723,60.27852998,na,
p,,F,5/18/2015,,A,,228.3,,,Spring,Zoo,33.72639692,36.31445087,152.2196532,na,
s,,F,5/18/2015,,A,,225.1,,,Spring,Zoo,16.54615385,110.9653846,34.46769231,na,
m,,F,5/19/2015,,A,,224,,,Spring,Zoo,30.39298246,175.5360624,61.52748538,na,
p,,F,5/19/2015,,A,,228.3,,,Spring,Zoo,42.85265226,50.58939096,121.032613,na,
s,,F,5/19/2015,,A,,225.1,,,Spring,Zoo,14.025,91.67916667,54.395,na,
m,,F,5/20/2015,,A,,224,,,Spring,Zoo,25.7,111.1309524,65.45,na,
p,,F,5/20/2015,,A,,228.3,,,Spring,Zoo,45.0867052,15.37649326,109.5375723,na,
s,,F,5/20/2015,,A,,225.1,,,Spring,Zoo,14.4,69.21289063,47.1,na,
g,,M,5/20/2015,,A,,213.7,,,Spring,Zoo,na,na,31.42729124,99.70264766,
a,,M,5/20/2015,,A,,228.3,,,Spring,Zoo,na,na,15.33795918,99.70264766,
b,,M,5/20/2015,,A,,222.9,,,Spring,Zoo,na,na,30.46190476,138.7222222,
m,,F,5/21/2015,,A,,224,,,Spring,Zoo,27.23606557,86.22131148,43.5,na,
m,,F,5/21/2015,,A,,224,,,Spring,Zoo,30.07145791,97.03696099,81.34620123,na,
p,,F,5/21/2015,,A,,228.3,,,Spring,Zoo,37.61893491,37.5581854,88.96804734,na,
s,,F,5/21/2015,,A,,225.1,,,Spring,Zoo,12.38970297,45.78019802,27.05584158,na,
m,,F,5/22/2015,,A,,224,,,Spring,Zoo,28.33165049,77.47572816,69.73747573,na,
p,,F,5/22/2015,,A,,228.3,,,Spring,Zoo,48.63492063,82.98412698,120.8142857,na,
s,,F,5/22/2015,,A,,225.1,,,Spring,Zoo,17.48372093,78.6996124,26.84418605,na,
m,,F,5/23/2015,,A,,224,,,Spring,Zoo,35.22162162,113.0852391,58.87484407,na,
p,,F,5/23/2015,,A,,228.3,,,Spring,Zoo,56.33802817,109.9726358,73.18551308,na,
s,,F,5/23/2015,,A,,225.1,,,Spring,Zoo,24.19453125,60.85546875,46.28203125,na,
m,,F,5/24/2015,,A,,224,,,Spring,Zoo,34.4015444,135.4169884,62.13359073,na,
p,,F,5/24/2015,,A,,228.3,,,Spring,Zoo,na,104.6928571,157.7380952,na,
s,,F,5/24/2015,,A,,225.1,,,Spring,Zoo,24.53516699,88.24361493,59.13713163,na,
m,,F,5/25/2015,,A,,224,,,Spring,Zoo,27.9034749,82.97490347,39.1042471,na,
p,,F,5/25/2015,,A,,228.3,,,Spring,Zoo,36.18800774,34.50135397,196.9555126,na,
s,,F,5/25/2015,,A,,225.1,,,Spring,Zoo,21.36475248,69.47524752,67.91762376,na,
p,,F,5/26/2015,,A,,228.3,,,Spring,Zoo,35.6039604,44.8950495,73.89386139,na,
s,,F,5/26/2015,,A,,225.1,,,Spring,Zoo,21.69378758,66.74549098,30.44008016,na,
m,,F,5/27/2015,,A,,224,,,Spring,Zoo,30.0816,90.95,42.7632,na,
p,,F,5/27/2015,,A,,228.3,,,Spring,Zoo,na,175.654321,194.8469136,na,
s,,F,5/27/2015,,A,,225.1,,,Spring,Zoo,10.47017544,40.46978558,40.16842105,na,
g,,M,5/27/2015,,A,,213.7,,,Spring,Zoo,na,na,33.78672199,125.2448133,
a,,M,5/27/2015,,A,,228.3,,,Spring,Zoo,na,na,7.754226804,125.2448133,
b,,M,5/27/2015,,A,,222.9,,,Spring,Zoo,na,na,13.01338583,60.54724409,
m,,F,5/28/2015,,A,,224,,,Spring,Zoo,29.10520231,75.6955684,67.53757225,na,
p,,F,5/28/2015,,A,,228.3,,,Spring,Zoo,na,37.51673152,127.7649805,na,
s,,F,5/28/2015,,A,,225.1,,,Spring,Zoo,11.76092843,34.344294,27.41663443,na,
m,,F,5/29/2015,,A,,224,,,Spring,Zoo,19.02142857,49.75396825,39.21190476,na,
p,,F,5/29/2015,,A,,228.3,,,Spring,Zoo,na,51.06885246,93.76229508,na,
s,,F,5/29/2015,,A,,225.1,,,Spring,Zoo,29.20714286,142.1507937,68.74761905,na,
m,,F,5/30/2015,,A,,224,,,Spring,Zoo,19.99148936,69.76595745,50.31411992,na,
p,,F,5/30/2015,,A,,228.3,,,Spring,Zoo,na,67.42367347,60.3844898,na,
s,,F,5/30/2015,,A,,225.1,,,Spring,Zoo,17.72138493,105.4826884,32.93279022,na,
p,,F,5/31/2015,,A,,228.3,,,Spring,Zoo,na,51.34140625,73.07578125,na,
s,,F,5/31/2015,,A,,225.1,,,Spring,Zoo,18.59538462,102.4192308,41.82461538,na,
m,,F,6/1/2015,,A,,224,,,Spring,Zoo,31.08489796,140.377551,56.75755102,na,
p,,F,6/1/2015,,A,,228.3,,,Spring,Zoo,na,84.4876494,49.99840637,na,
s,,F,6/1/2015,,A,,225.1,,,Spring,Zoo,12.41889117,23.5523614,17.96550308,na,
m,,F,6/3/2015,,A,,224,,,Spring,Zoo,21.6,83.64342629,41.74183267,na,
p,,F,6/3/2015,,A,,228.3,,,Spring,Zoo,na,44.68196721,68.5647541,na,
s,,F,6/3/2015,,A,,225.1,,,Spring,Zoo,26.85386139,244.6970297,56.72316832,na,
g,,M,6/3/2015,,A,,213.7,,,Spring,Zoo,na,na,15.59751553,110.8530021,
a,,M,6/3/2015,,A,,228.3,,,Spring,Zoo,na,na,3.404819277,110.8530021,
b,,M,6/3/2015,,A,,222.9,,,Spring,Zoo,na,na,28.98461538,235.6356275,
m,,F,6/4/2015,,A,,224,,,Spring,Zoo,17.73692308,73.69038462,48.13846154,na,
p,,F,6/4/2015,,A,,228.3,,,Spring,Zoo,na,60.78962076,127.4419162,na,
s,,F,6/4/2015,,A,,225.1,,,Spring,Zoo,18.07185629,117.9580838,51.51616766,na,
m,,F,6/5/2015,,A,,224,,,Spring,Zoo,25.37075099,69.42094862,62.40474308,na,
p,,F,6/5/2015,,A,,228.3,,,Spring,Zoo,na,26.34567901,76.07160494,na,
s,,F,6/5/2015,,A,,225.1,,,Spring,Zoo,na,54.73577236,32.98292683,na,
m,,F,6/6/2015,,A,,224,,,Spring,Zoo,26.53140496,61.75619835,60.33966942,na,
p,,F,6/6/2015,,A,,228.3,,,Spring,Zoo,na,42.63673469,105.715102,na,
s,,F,6/6/2015,,A,,225.1,,,Spring,Zoo,11.68408644,44.66797642,28.04086444,na,
m,,F,6/7/2015,,A,,224,,,Spring,Zoo,48.57865613,158.4940711,na,na,
p,,F,6/7/2015,,A,,228.3,,,Spring,Zoo,na,37.981893,92.07407407,na,
s,,F,6/7/2015,,A,,225.1,,,Spring,Zoo,21.45433526,179.7321773,71.8982659,na,
m,,F,6/8/2015,,A,,224,,,Spring,Zoo,44.145,281.66875,96.1325,na,
p,,F,6/8/2015,,A,,228.3,,,Spring,Zoo,32.42519685,44.02755906,94.63228346,na,
s,,F,6/8/2015,,A,,225.1,,,Spring,Zoo,21.2890595,145.9596929,66.53205374,na,
m,,F,6/9/2015,,A,,224,,,Spring,Zoo,30.38282209,102.4887526,46.92269939,na,
p,,F,6/9/2015,,A,,228.3,,,Spring,Zoo,46.21705426,40.15503876,43.34186047,na,
s,,F,6/9/2015,,A,,225.1,,,Spring,Zoo,24.16943907,102.3384913,57.88549323,na,
m,,F,6/10/2015,,A,,224,,,Spring,Zoo,22.6425,77.39791667,32.9175,na,
p,,F,6/10/2015,,A,,228.3,,,Spring,Zoo,41.38888889,41.5031746,72.66428571,na,
s,,F,6/10/2015,,A,,225.1,,,Spring,Zoo,25.41301775,125.199211,43.77514793,na,
g,,M,6/10/2015,,A,,213.7,,,Spring,Zoo,na,na,28.14,82.99230769,
a,,M,6/10/2015,,A,,228.3,,,Spring,Zoo,na,na,7.666135458,82.99230769,
b,,M,6/10/2015,,A,,222.9,,,Spring,Zoo,na,na,18.62093023,98.74031008,
m,,F,6/11/2015,,A,,224,,,Spring,Zoo,31.4757764,114.4099379,44.98881988,na,
p,,F,6/11/2015,,A,,228.3,,,Spring,Zoo,30.38845361,42.41484536,76.41154639,na,
s,,F,6/11/2015,,A,,225.1,,,Spring,Zoo,15.4546875,82.15039063,61.4296875,na,
m,,F,6/12/2015,,A,,224,,,Spring,Zoo,28.81558442,107.6536797,81.33766234,na,
p,,F,6/12/2015,,A,,228.3,,,Spring,Zoo,33.6627451,24.29019608,59.67058824,na,
s,,F,6/12/2015,,A,,225.1,,,Spring,Zoo,25.11111111,84.96296296,78.79259259,na,
m,,F,6/13/2015,,A,,224,,,Spring,Zoo,32.9025,75.07708333,38.385,na,
p,,F,6/13/2015,,A,,228.3,,,Spring,Zoo,41.86773547,66.59639279,85.26973948,na,
s,,F,6/13/2015,,A,,225.1,,,Spring,Zoo,28.512,121.498,76.2336,na,
m,,F,6/14/2015,,A,,224,,,Spring,Zoo,17.21162791,43.0251938,22.70465116,na,
p,,F,6/14/2015,,A,,228.3,,,Spring,Zoo,38.91485149,132.2811881,64.4150495,na,
s,,F,6/14/2015,,A,,225.1,,,Spring,Zoo,13.70462777,66.76861167,73.90020121,na,
m,,F,6/15/2015,,A,,224,,,Spring,Zoo,41.46585366,120.9715447,64.18780488,na,
p,,F,6/15/2015,,A,,228.3,,,Spring,Zoo,39.72705882,54.0745098,71.95058824,na,
s,,F,6/15/2015,,A,,225.1,,,Spring,Zoo,24.67079304,120.2669246,110.6390716,na,
m,,F,6/16/2015,,A,,224,,,Spring,Zoo,35.87244094,143.011811,58.88503937,na,
p,,F,6/16/2015,,A,,228.3,,,Spring,Zoo,34.18181818,63.6630303,84.17212121,na,
s,,F,6/16/2015,,A,,225.1,,,Spring,Zoo,16.57622951,31.90778689,98.36557377,na,
m,,F,6/17/2015,,A,,224,,,Spring,Zoo,28.88981289,130.8232848,119.6482328,na,
p,,F,6/17/2015,,A,,228.3,,,Spring,Zoo,44.38554217,42.30361446,64.04819277,na,
s,,F,6/17/2015,,A,,225.1,,,Spring,Zoo,20.03414634,56.6199187,83.38780488,na,
g,,M,6/17/2015,,A,,213.7,,,Spring,Zoo,na,na,32.63121387,87.10211946,
a,,M,6/17/2015,,A,,228.3,,,Spring,Zoo,na,na,20.81219512,87.10211946,
b,,M,6/17/2015,,A,,222.9,,,Spring,Zoo,na,na,11.76913828,74.00400802,
m,,F,6/18/2015,,A,,224,,,Spring,Zoo,28.07307692,145.6538462,54.03692308,na,
p,,F,6/18/2015,,A,,228.3,,,Spring,Zoo,47.15831663,81.66412826,82.20601202,na,
s,,F,6/18/2015,,A,,225.1,,,Spring,Zoo,14.44855491,72.37186898,65.62312139,na,
m,,F,6/19/2015,,A,,224,,,Spring,Zoo,25.64520256,90.65671642,37.43539446,na,
p,,F,6/19/2015,,A,,228.3,,,Spring,Zoo,na,37.36895874,94.04557957,na,
s,,F,6/19/2015,,A,,225.1,,,Spring,Zoo,15.25884692,43.4612326,64.32286282,na,
m,,F,6/20/2015,,A,,224,,,Summer,Zoo,29.26004057,138.2981744,45.78498986,na,
p,,F,6/20/2015,,A,,228.3,,,Summer,Zoo,47.4496124,100.7062016,98.65813953,na,
m,,F,6/21/2015,,A,,224,,,Summer,Zoo,24.17445972,88.65225933,66.72612967,na,
m,,F,6/21/2015,,A,,224,,,Summer,Zoo,25.488,96.556,32.4336,na,
p,,F,6/21/2015,,A,,228.3,,,Summer,Zoo,31.82945736,82.74806202,52.99069767,na,
p,,F,6/21/2015,,A,,228.3,,,Summer,Zoo,71.30864198,337.7769547,72.7654321,na,
s,,F,6/21/2015,,A,,225.1,,,Summer,Zoo,17.20641283,73.78156313,55.84208417,na,
s,,F,6/21/2015,,A,,225.1,,,Summer,Zoo,19.33818182,55.56969697,50.4969697,na,
m,,F,6/22/2015,,A,,224,,,Summer,Zoo,28.9697446,155.8722986,63.35717092,na,
p,,F,6/22/2015,,A,,228.3,,,Summer,Zoo,32.02440945,43.96220472,97.32519685,na,
s,,F,6/22/2015,,A,,225.1,,,Summer,Zoo,17.40483871,110.1431452,66.21774194,na,
m,,F,6/23/2015,,A,,224,,,Summer,Zoo,28.74193548,160.4455645,65.2233871,na,
p,,F,6/23/2015,,A,,228.3,,,Summer,Zoo,35.48818898,50.78110236,184.3370079,na,
s,,F,6/23/2015,,A,,225.1,,,Summer,Zoo,14.48981289,55.6008316,44.06320166,na,
m,,F,6/24/2015,,A,,224,,,Summer,Zoo,23.37380457,89.28066528,46.82494802,na,
p,,F,6/24/2015,,A,,228.3,,,Summer,Zoo,34.4526749,89.26584362,193.3530864,na,
s,,F,6/24/2015,,A,,225.1,,,Summer,Zoo,na,61.75208333,63.2625,na,
g,,M,6/24/2015,,A,,213.7,,,Summer,Zoo,na,na,29.96725146,111.0604288,
a,,M,6/24/2015,,A,,228.3,,,Summer,Zoo,na,na,16.8,111.0604288,
b,,M,6/24/2015,,A,,222.9,,,Summer,Zoo,na,na,8.501538462,68.01153846,
m,,F,6/25/2015,,A,,224,,,Summer,Zoo,19.74,64.3125,55.035,na,
p,,F,6/25/2015,,A,,228.3,,,Summer,Zoo,33.09836066,68.35,94.34754098,na,
s,,F,6/25/2015,,A,,225.1,,,Summer,Zoo,16.31578947,81.61598441,24.05380117,na,
s,,F,6/25/2015,,A,,225.1,,,Summer,Zoo,na,83.77058824,36.55764706,na,
m,,F,6/26/2015,,A,,224,,,Summer,Zoo,35.28699029,98.14757282,53.48271845,na,
p,,F,6/26/2015,,A,,228.3,,,Summer,Zoo,43.7195122,156.6195122,210.3731707,na,
s,,F,6/26/2015,,A,,225.1,,,Summer,Zoo,na,74.60122699,44.26257669,na,
m,,F,6/27/2015,,A,,224,,,Summer,Zoo,25.35378641,49.10291262,53.76699029,na,
p,,F,6/27/2015,,A,,228.3,,,Summer,Zoo,31.06299213,39.64330709,102.1795276,na,
s,,F,6/27/2015,,A,,225.1,,,Summer,Zoo,na,57.39183673,14.13795918,na,
m,,F,6/28/2015,,A,,224,,,Summer,Zoo,22.32982456,94.43664717,56.58479532,na,
p,,F,6/28/2015,,A,,228.3,,,Summer,Zoo,45.4459725,135.6605108,150.5163065,na,
s,,F,6/28/2015,,A,,225.1,,,Summer,Zoo,25.43510204,96.34897959,59.88,na,
m,,F,6/29/2015,,A,,224,,,Summer,Zoo,36.15,124.8041667,158.5625,na,
p,,F,6/29/2015,,A,,228.3,,,Summer,Zoo,49.728,249.2728,137.1144,na,
s,,F,6/29/2015,,A,,225.1,,,Summer,Zoo,17.66627219,96.2504931,41.00828402,na,
m,,F,6/30/2015,,A,,224,,,Summer,Zoo,32.62729124,161.700611,64.79266802,na,
s,,F,6/30/2015,,A,,225.1,,,Summer,Zoo,10.54785992,38.44747082,24.04435798,na,
m,,F,7/1/2015,,A,,224,,,Summer,Zoo,23.29156627,106.9036145,49.93253012,na,
s,,F,7/1/2015,,A,,225.1,,,Summer,Zoo,11.02282398,88.24758221,31.02823985,na,
g,,M,7/1/2015,,A,,213.7,,,Summer,Zoo,na,na,21.63478261,99.0310559,
a,,M,7/1/2015,,A,,228.3,,,Summer,Zoo,na,na,9.286530612,99.0310559,
b,,M,7/1/2015,,A,,222.9,,,Summer,Zoo,na,na,33.01127349,116.1210856,
m,,F,7/2/2015,,A,,224,,,Summer,Zoo,41.41082164,78.80160321,50.37354709,na,
s,,F,7/2/2015,,A,,225.1,,,Summer,Zoo,11.69307692,35.21153846,28.52307692,na,
m,,F,7/3/2015,,A,,224,,,Summer,Zoo,19.88704062,72.14893617,30.19729207,na,
m,,F,7/4/2015,,A,,224,,,Summer,Zoo,23.54457831,97.09437751,54.28674699,na,
s,,F,7/4/2015,,A,,225.1,,,Summer,Zoo,13.40363636,42.44848485,28.61090909,na,
m,,F,7/5/2015,,A,,224,,,Summer,Zoo,16.22535211,38.66197183,28.01287726,na,
s,,F,7/5/2015,,A,,225.1,,,Summer,Zoo,11.63346304,48.28988327,25.86536965,na,
m,,F,7/6/2015,,A,,224,,,Summer,Zoo,34.68097166,127.0647773,36.20890688,na,
s,,F,7/6/2015,,A,,225.1,,,Summer,Zoo,10.5696,41.368,27.36,na,
m,,F,7/7/2015,,A,,224,,,Summer,Zoo,14.11560694,71.56069364,43.66242775,na,
s,,F,7/7/2015,,A,,225.1,,,Summer,Zoo,22.27588933,69.05335968,42.11620553,na,
m,,F,7/8/2015,,A,,224,,,Summer,Zoo,13.83083004,45.72529644,46.55573123,na,
s,,F,7/8/2015,,A,,225.1,,,Summer,Zoo,11.13609959,59.36307054,41.39253112,na,
g,,M,7/8/2015,,A,,213.7,,,Summer,Zoo,na,na,23.46023166,78.22007722,
b,,M,7/8/2015,,A,,222.9,,,Summer,Zoo,na,na,18.27160494,69.99176955,
m,,F,7/9/2015,,A,,224,,,Summer,Zoo,27.92470588,58.4627451,39.83764706,na,
s,,F,7/9/2015,,A,,225.1,,,Summer,Zoo,33.555,125.5125,37.4525,na,
m,,F,7/10/2015,,A,,224,,,Summer,Zoo,36.35650485,134.6485437,92.14834951,na,
s,,F,7/10/2015,,A,,225.1,,,Summer,Zoo,16.06259542,91.03244275,49.25954198,na,
m,,F,7/11/2015,,A,,224,,,Summer,Zoo,29.56985743,94.34419552,56.89368635,na,
s,,F,7/11/2015,,A,,225.1,,,Summer,Zoo,31.09727626,250.2529183,105.9945525,na,
m,,F,7/12/2015,,A,,224,,,Summer,Zoo,30.6,192.9311024,78.37795276,na,
s,,F,7/12/2015,,A,,225.1,,,Summer,Zoo,19.88704062,112.1141199,52.38452611,na,
m,,F,7/13/2015,,A,,224,,,Summer,Zoo,26.32677165,130.769685,59.89370079,na,
s,,F,7/13/2015,,A,,225.1,,,Summer,Zoo,14.10871369,77.66804979,39.70207469,na,
s,,F,7/13/2015,,A,,225.1,,,Summer,Zoo,20.65846154,110.075,45.99230769,na,
m,,F,7/14/2015,,A,,224,,,Summer,Zoo,31.6368,90.96,73.7112,na,
s,,F,7/14/2015,,A,,225.1,,,Summer,Zoo,11.84538462,80.46346154,50.66538462,na,
m,,F,7/15/2015,,A,,224,,,Summer,Zoo,27.07080745,87.873706,53.40621118,na,
s,,F,7/15/2015,,A,,225.1,,,Summer,Zoo,14.52264529,106.8436874,39.03246493,na,
g,,M,7/15/2015,,A,,213.7,,,Summer,Zoo,na,na,31.51399594,85.87829615,
a,,M,7/15/2015,,A,,228.3,,,Summer,Zoo,na,na,47.15780933,78.22007722,
b,,M,7/15/2015,,A,,222.9,,,Summer,Zoo,na,na,14.90965251,61.71042471,
m,,F,7/16/2015,,A,,224,,,Summer,Zoo,26.74088292,108.756238,62.35163148,na,
s,,F,7/16/2015,,A,,225.1,,,Summer,Zoo,23.09182879,186.3463035,66.82412451,na,
m,,F,7/17/2015,,A,,224,,,Summer,Zoo,26.59591837,105.2959184,102.2595918,na,
s,,F,7/17/2015,,A,,225.1,,,Summer,Zoo,12.58210736,84.64413519,43.28588469,na,
m,,F,7/18/2015,,A,,224,,,Summer,Zoo,42.55740365,85.96551724,96.02677485,na,
s,,F,7/18/2015,,A,,225.1,,,Summer,Zoo,7.475206612,76.11570248,49.60909091,na,
m,,F,7/19/2015,,A,,224,,,Summer,Zoo,24.21496063,111.1220472,62.12834646,na,
s,,F,7/19/2015,,A,,225.1,,,Summer,Zoo,19.58951613,89.11491935,60.43064516,na,
m,,F,7/20/2015,,A,,224,,,Summer,Zoo,28.43927856,98.50701403,76.48016032,na,
s,,F,7/20/2015,,A,,225.1,,,Summer,Zoo,10.15714286,37.58531746,37.36190476,na,
m,,F,7/21/2015,,A,,224,,,Summer,Zoo,26.39760956,111.2011952,91.31474104,na,
s,,F,7/21/2015,,A,,225.1,,,Summer,Zoo,12.70120482,47.2248996,44.6313253,na,
m,,F,7/22/2015,,A,,224,,,Summer,Zoo,21.9096,112.596,62.3712,na,
s,,F,7/22/2015,,A,,225.1,,,Summer,Zoo,18.71294118,81.8254902,61.94352941,na,
g,,M,7/22/2015,,A,,213.7,,,Summer,Zoo,na,na,40.09298597,98.66533066,
a,,M,7/22/2015,,A,,228.3,,,Summer,Zoo,na,na,7.372762646,85.87829615,
b,,M,7/22/2015,,A,,222.9,,,Summer,Zoo,na,na,21.0225,90.40416667,
s,,F,7/23/2015,,A,,225.1,,,Summer,Zoo,9.487140115,41.25527831,22.59040307,na,
m,,F,7/24/2015,,A,,224,,,Summer,Zoo,36.0809816,87.39263804,148.3141104,na,
s,,F,7/24/2015,,A,,225.1,,,Summer,Zoo,19.43553719,114.9772727,53.6107438,na,
m,,F,7/25/2015,,A,,224,,,Summer,Zoo,27.10588235,76.10784314,78.67764706,na,
s,,F,7/25/2015,,A,,225.1,,,Summer,Zoo,19.5142268,82.4185567,46.74309278,na,
m,,F,7/26/2015,,A,,224,,,Summer,Zoo,17.55449102,118.7245509,68.21796407,na,
s,,F,7/26/2015,,A,,225.1,,,Summer,Zoo,6.61754386,34.40740741,12.29005848,na,
m,,F,7/27/2015,,A,,224,,,Summer,Zoo,33.78886756,66.82341651,90.71861804,na,
s,,F,7/27/2015,,A,,225.1,,,Summer,Zoo,12.73846154,62.59038462,31.05,na,
m,,F,7/28/2015,,A,,224,,,Summer,Zoo,28.39159664,38.5987395,77.18067227,na,
s,,F,7/28/2015,,A,,225.1,,,Summer,Zoo,8.699396378,35.06639839,7.70945674,na,
m,,F,7/29/2015,,A,,224,,,Summer,Zoo,30.24572565,71.22664016,83.75666004,na,
s,,F,7/29/2015,,A,,225.1,,,Summer,Zoo,19.21395349,84.18410853,24.99534884,na,
g,,M,7/29/2015,,A,,213.7,,,Summer,Zoo,na,na,27.78997996,79.06613226,
a,,M,7/29/2015,,A,,228.3,,,Summer,Zoo,na,na,14.97444219,98.66533066,
b,,M,7/29/2015,,A,,222.9,,,Summer,Zoo,na,na,18.0912,60.36,
m,,F,7/30/2015,,A,,224,,,Summer,Zoo,28.33454545,106.9010101,91.78424242,na,
s,,F,7/30/2015,,A,,225.1,,,Summer,Zoo,12.5044898,61.11632653,85.13877551,na,
m,,F,7/31/2015,,A,,224,,,Summer,Zoo,29.95485149,84.98019802,88.84990099,na,
s,,F,7/31/2015,,A,,225.1,,,Summer,Zoo,15.83294118,125.0039216,45.68705882,na,
m,,F,8/1/2015,,A,,224,,,Summer,Zoo,21.71929825,96.40545809,74.06081871,na,
s,,F,8/1/2015,,A,,225.1,,,Summer,Zoo,13.28538462,45.58269231,27.37153846,na,
m,,F,8/2/2015,,A,,224,,,Summer,Zoo,30.49942197,76.40655106,87.33410405,na,
s,,F,8/2/2015,,A,,225.1,,,Summer,Zoo,15.16167665,54.6506986,24.06706587,na,
m,,F,8/3/2015,,A,,224,,,Summer,Zoo,22.2825,124.2375,56.58,na,
s,,F,8/3/2015,,A,,225.1,,,Summer,Zoo,12.56792079,42.18019802,17.28712871,na,
s,,F,8/4/2015,,A,,225.1,,,Summer,Zoo,18.29461078,73.08582834,37.07305389,na,
m,,F,8/5/2015,,A,,224,,,Summer,Zoo,16.95,95.98125,73.935,na,
s,,F,8/5/2015,,A,,225.1,,,Summer,Zoo,11.38760331,49.04958678,28.8446281,na,
g,,M,8/5/2015,,A,,213.7,,,Summer,Zoo,na,na,27.91384615,80.31923077,
a,,M,8/5/2015,,A,,228.3,,,Summer,Zoo,na,na,36.85250965,79.06613226,
b,,M,8/5/2015,,A,,222.9,,,Summer,Zoo,na,na,21.85371429,62.92571429,
m,,F,8/6/2015,,A,,224,,,Summer,Zoo,21.71020408,105.7081633,58.91020408,na,
s,,F,8/6/2015,,A,,225.1,,,Summer,Zoo,9.086055777,31.03784861,15.50438247,na,
m,,F,8/7/2015,,A,,224,,,Summer,Zoo,20.89937888,100.6687371,50.59130435,na,
s,,F,8/7/2015,,A,,225.1,,,Summer,Zoo,17.46036961,71.12936345,34.18644764,na,
m,,F,8/8/2015,,A,,224,,,Summer,Zoo,26.19408284,80.95069034,73.80591716,na,
s,,F,8/8/2015,,A,,225.1,,,Summer,Zoo,7.428461538,40.27692308,36.12923077,na,
m,,F,8/9/2015,,A,,224,,,Summer,Zoo,21.7725,99.25833333,32.9675,na,
s,,F,8/9/2015,,A,,225.1,,,Summer,Zoo,16.03180915,83.60437376,52.92405567,na,
m,,F,8/10/2015,,A,,224,,,Summer,Zoo,6.768292683,124.7743902,52.48536585,na,
s,,F,8/10/2015,,A,,225.1,,,Summer,Zoo,na,25.042,12.6624,na,
m,,F,8/11/2015,,A,,224,,,Summer,Zoo,25.89486653,106.1396304,51.30677618,na,
s,,F,8/11/2015,,A,,225.1,,,Summer,Zoo,9,40.52788845,14.8876494,na,
m,,F,8/12/2015,,A,,224,,,Summer,Zoo,34.0255814,90.98837209,na,na,
s,,F,8/12/2015,,A,,225.1,,,Summer,Zoo,19.1448,100.19,62.8704,na,
g,,M,8/12/2015,,A,,213.7,,,Summer,Zoo,na,na,29.35294118,94.51372549,
a,,M,8/12/2015,,A,,228.3,,,Summer,Zoo,na,na,29.51533981,80.31923077,
b,,M,8/12/2015,,A,,222.9,,,Summer,Zoo,na,na,15.40427184,63.00582524,
m,,F,8/13/2015,,A,,224,,,Summer,Zoo,24.80158103,392.3083004,42.14940711,na,
s,,F,8/13/2015,,A,,225.1,,,Summer,Zoo,6.135892514,42.43570058,40.98426104,na,
m,,F,8/14/2015,,A,,224,,,Summer,Zoo,41.55348837,60.90891473,101.0302326,na,
s,,F,8/14/2015,,A,,225.1,,,Summer,Zoo,16.60527383,50.29614604,49.84989858,na,
m,,F,8/15/2015,,A,,224,,,Summer,Zoo,16.05306122,44.53469388,39.23265306,na,
s,,F,8/15/2015,,A,,225.1,,,Summer,Zoo,11.9666004,36.42743539,42.21232604,na,
m,,F,8/16/2015,,A,,224,,,Summer,Zoo,8.960320641,76.59719439,23.78597194,na,
s,,F,8/16/2015,,A,,225.1,,,Summer,Zoo,14.57821782,51.16633663,65.75762376,na,
m,,F,8/17/2015,,A,,224,,,Summer,Zoo,25.22987552,168.4045643,51.25643154,na,
s,,F,8/17/2015,,A,,225.1,,,Summer,Zoo,18.33230769,154.3423077,49.47230769,na,
m,,F,8/18/2015,,A,,224,,,Summer,Zoo,24.84823285,117.4802495,64.33347193,na,
s,,F,8/18/2015,,A,,225.1,,,Summer,Zoo,15.22600382,37.89866157,40.42370937,na,
m,,F,8/19/2015,,A,,224,,,Summer,Zoo,33.16941176,62.40588235,91.06352941,na,
s,,F,8/19/2015,,A,,225.1,,,Summer,Zoo,17.80790514,120.1936759,75.656917,na,
g,,M,8/19/2015,,A,,213.7,,,Summer,Zoo,na,na,16.79269777,58.82352941,
a,,M,8/19/2015,,A,,228.3,,,Summer,Zoo,na,na,29.30815109,94.51372549,
b,,M,8/19/2015,,A,,222.9,,,Summer,Zoo,na,na,12.18772277,58.23762376,
m,,F,8/20/2015,,A,,224,,,Summer,Zoo,16.95272727,106.0323232,41.27757576,na,
s,,F,8/20/2015,,A,,225.1,,,Summer,Zoo,11.64790419,52.1257485,47.34850299,na,
m,,F,8/21/2015,,A,,224,,,Summer,Zoo,22.63284823,53.995842,46.23866944,na,
s,,F,8/21/2015,,A,,225.1,,,Summer,Zoo,19.07368421,147.8732943,54.07017544,na,
m,,F,8/22/2015,,A,,224,,,Summer,Zoo,19.14378819,48.22199593,75.25784114,na,
s,,F,8/22/2015,,A,,225.1,,,Summer,Zoo,8.601956947,88.52446184,27.2853229,na,
m,,F,8/23/2015,,A,,224,,,Summer,Zoo,20.32325581,47.03488372,53.1255814,na,
s,,F,8/23/2015,,A,,225.1,,,Summer,Zoo,15.97142857,126.8154762,41.17380952,na,
s,,F,8/24/2015,,A,,225.1,,,Summer,Zoo,19.15688623,265.0159681,164.1005988,na,
m,,F,8/25/2015,,A,,224,,,Summer,Zoo,12.22857143,68.76190476,51.96666667,na,
s,,F,8/25/2015,,A,,225.1,,,Summer,Zoo,14.46441352,150.2922465,52.56858847,na,
m,,F,8/26/2015,,A,,224,,,Summer,Zoo,14.00869565,88.26679842,39.64505929,na,
s,,F,8/26/2015,,A,,225.1,,,Summer,Zoo,14.56465696,79.43866944,45.33804574,na,
g,,M,8/26/2015,,A,,213.7,,,Summer,Zoo,na,na,19.81428571,47.49603175,
a,,M,8/26/2015,,A,,228.3,,,Summer,Zoo,na,na,19.67953668,58.82352941,
b,,M,8/26/2015,,A,,222.9,,,Summer,Zoo,na,na,16.93846154,80.07692308,
m,,F,8/27/2015,,A,,224,,,Summer,Zoo,20.91252567,80.16632444,43.94414784,na,
s,,F,8/27/2015,,A,,225.1,,,Summer,Zoo,10.67142857,99.95238095,37.67857143,na,
m,,F,8/28/2015,,A,,224,,,Summer,Zoo,24.57361377,111.4818356,53.14646272,na,
s,,F,8/28/2015,,A,,225.1,,,Summer,Zoo,16.50661323,118.5571142,37.42364729,na,
m,,F,8/29/2015,,A,,224,,,Summer,Zoo,17.00161943,148.4696356,51.73117409,na,
s,,F,8/29/2015,,A,,225.1,,,Summer,Zoo,20.94035088,192.8401559,45.17426901,na,
m,,F,8/30/2015,,A,,224,,,Summer,Zoo,17.29145129,225.5884692,41.0528827,na,
s,,F,8/30/2015,,A,,225.1,,,Summer,Zoo,na,137.88,22.5696,na,
m,,F,8/31/2015,,A,,224,,,Summer,Zoo,32.64657534,211.074364,70.43131115,na,
s,,F,8/31/2015,,A,,225.1,,,Summer,Zoo,na,128.7582645,16.19752066,na,
m,,F,12/13/2015,,A,,,,,Fall,Zoo,33.78461538,81.58230453,67.7563786,na,
m,,F,12/14/2015,,A,,,,,Fall,Zoo,25.51111111,74.76803119,41.26003899,na,
m,,F,12/15/2015,,A,,,,,Fall,Zoo,26.73684211,98.05555556,47.63539095,na,
m,,F,12/16/2015,,A,,,,,Fall,Zoo,32.64657534,84.54526749,na,na,
m,,F,12/17/2015,,A,,,,,Fall,Zoo,10.83209877,67.29591837,na,na,
m,,F,12/18/2015,,A,,,,,Fall,Zoo,20.84326531,96.548,na,na,
m,,F,12/19/2015,,A,,,,,Fall,Zoo,39.3912,110.5306931,na,na,
m,,F,1/1/2016,,A,,232.3,,,Winter,Zoo,34.60277228,67.03118503,35.3995842,na,
s,,F,1/1/2016,,A,,225.3,,,Winter,Zoo,17.78698225,33.89349112,34.90729783,na,
m,,F,1/2/2016,,A,,232.3,,,Winter,Zoo,22.57297297,99.10615711,70.35838641,na,
s,,F,1/2/2016,,A,,225.3,,,Winter,Zoo,17.5943662,29.86720322,10.85311871,na,
m,,F,1/3/2016,,A,,232.3,,,Winter,Zoo,37.90318471,88.37860082,49.21399177,na,
s,,F,1/3/2016,,A,,225.3,,,Winter,Zoo,30.40727273,106.7232323,64.80969697,na,
m,,F,1/4/2016,,A,,232.3,,,Winter,Zoo,33.92592593,134.0890269,78.46956522,na,
s,,F,1/4/2016,,A,,225.3,,,Winter,Zoo,22.5686747,55.63052209,42.39116466,na,
m,,F,1/5/2016,,A,,232.3,,,Winter,Zoo,31.59503106,124.7252964,65.54782609,na,
s,,F,1/5/2016,,A,,225.3,,,Winter,Zoo,32.81102362,86.09448819,65.31023622,na,
m,,F,1/6/2016,,A,,232.3,,,Winter,Zoo,34.55573123,113.9917695,40.50946502,na,
s,,F,1/6/2016,,A,,225.3,,,Winter,Zoo,28.37227723,78,42.99881188,na,
m,,F,1/7/2016,,A,,232.3,,,Winter,Zoo,14.45679012,98.78163265,45.34367347,na,
s,,F,1/7/2016,,A,,225.3,,,Winter,Zoo,40.44748491,109.7947686,44.58832998,na,
m,,F,1/8/2016,,A,,232.3,,,Winter,Zoo,32.69387755,115.5680473,55.88481262,na,
s,,F,1/8/2016,,A,,225.3,,,Winter,Zoo,23.8902439,54.04268293,33.53495935,na,
m,,F,1/9/2016,,A,,232.3,,,Winter,Zoo,25.40591716,142.702,53.9168,na,
s,,F,1/9/2016,,A,,225.3,,,Winter,Zoo,29.39178082,82.00978474,56.3334638,na,
m,,F,1/10/2016,,A,,232.3,,,Winter,Zoo,32.9976,192.1461538,56.52769231,na,
s,,F,1/10/2016,,A,,225.3,,,Winter,Zoo,20.2392,50.888,25.6664,na,
m,,F,1/11/2016,,A,,232.3,,,Winter,Zoo,33.63923077,176.1809145,56.66163022,na,
s,,F,1/11/2016,,A,,225.3,,,Winter,Zoo,29.2608,97.234,32.5536,na,
m,,F,1/12/2016,,A,,232.3,,,Winter,Zoo,36.75149105,167.5,64.99,na,
s,,F,1/12/2016,,A,,225.3,,,Winter,Zoo,9.014423077,33.09134615,17.04326923,na,
m,,F,1/13/2016,,A,,232.3,,,Winter,Zoo,25.8075,284.499002,77.71576846,na,
s,,F,1/13/2016,,A,,225.3,,,Winter,Zoo,22.5675,82.64583333,30.9875,na,
m,,F,1/14/2016,,A,,232.3,,,Winter,Zoo,43.48023952,71.94011976,33.92095808,na,
s,,F,1/14/2016,,A,,225.3,,,Winter,Zoo,15.77964072,46.499002,32.90938124,na,
m,,F,1/15/2016,,A,,232.3,,,Winter,Zoo,21.43473054,71.2038835,38.72776699,na,
m,,F,1/16/2016,,A,,232.3,,,Winter,Zoo,26.36737864,73.20408163,75.4922449,na,
s,,F,1/16/2016,,A,,225.3,,,Winter,Zoo,31.81935484,75.36491935,61.29112903,na,
m,,F,1/17/2016,,A,,232.3,,,Winter,Zoo,36.91102041,68.37649402,80.00239044,na,
s,,F,1/17/2016,,A,,225.3,,,Winter,Zoo,31.96948454,124.9072165,101.705567,na,
m,,F,1/18/2016,,A,,232.3,,,Winter,Zoo,31.2310757,95.16700201,104.6366197,na,
s,,F,1/18/2016,,A,,225.3,,,Winter,Zoo,30.75923077,65.44615385,79.17923077,na,
m,,F,1/19/2016,,A,,232.3,,,Winter,Zoo,50.70422535,150.6803922,55.44941176,na,
s,,F,1/19/2016,,A,,225.3,,,Winter,Zoo,22.625,47.84027778,32.08333333,na,
m,,F,1/20/2016,,A,,232.3,,,Winter,Zoo,44.61176471,134.6605691,43.80894309,na,
s,,F,1/20/2016,,A,,225.3,,,Winter,Zoo,28.19076923,61.91923077,40.18615385,na,
m,,F,1/21/2016,,A,,232.3,,,Winter,Zoo,37.80731707,215.5393939,95.88929293,na,
s,,F,1/21/2016,,A,,225.3,,,Winter,Zoo,56.35247525,144.790099,88.3009901,na,
m,,F,1/22/2016,,A,,232.3,,,Winter,Zoo,47.40363636,130.5489022,57.76686627,na,
s,,F,1/22/2016,,A,,225.3,,,Winter,Zoo,17.69538462,33.79038462,30.09692308,na,
m,,F,1/23/2016,,A,,232.3,,,Winter,Zoo,42.66826347,149.4603175,54.75634921,na,
s,,F,1/23/2016,,A,,225.3,,,Winter,Zoo,11.26545455,108.5474747,56.92363636,na,
m,,F,1/24/2016,,A,,232.3,,,Winter,Zoo,25.99285714,69.97368421,33.84777328,na,
s,,F,1/24/2016,,A,,225.3,,,Winter,Zoo,32.96205534,84.46245059,43.14940711,na,
m,,F,1/25/2016,,A,,232.3,,,Winter,Zoo,30.5708502,88.69685039,37.61574803,na,
s,,F,1/25/2016,,A,,225.3,,,Winter,Zoo,31.19524752,107.0019802,50.27485149,na,
m,,F,1/26/2016,,A,,232.3,,,Winter,Zoo,30.69212598,101.0909091,41.25656566,na,
s,,F,1/26/2016,,A,,225.3,,,Winter,Zoo,19.52601156,39.0982659,25.2539499,na,
m,,F,1/27/2016,,A,,232.3,,,Winter,Zoo,30.91636364,58.52631579,27.47758285,na,
s,,F,1/27/2016,,A,,225.3,,,Winter,Zoo,26.17651822,99.79352227,45.90769231,na,
m,,F,1/28/2016,,A,,232.3,,,Winter,Zoo,18.90526316,53.20750988,26.81343874,na,
s,,F,1/28/2016,,A,,225.3,,,Winter,Zoo,19.93188119,51.69306931,34.74772277,na,
m,,F,1/29/2016,,A,,232.3,,,Winter,Zoo,19.26640316,77.64848485,39.99111111,na,
s,,F,1/29/2016,,A,,225.3,,,Winter,Zoo,36.5100616,69.80903491,35.45462012,na,
m,,F,1/30/2016,,A,,232.3,,,Winter,Zoo,29.93454545,192.5317919,62.30211946,na,
s,,F,1/30/2016,,A,,225.3,,,Winter,Zoo,33.3984375,197.2695313,67.6609375,na,
m,,F,1/31/2016,,A,,232.3,,,Winter,Zoo,58.27976879,98.84241245,37.22801556,na,
s,,F,1/31/2016,,A,,225.3,,,Winter,Zoo,23.36792079,86.08514851,38.15445545,na,
m,,F,2/1/2016,,A,,232.3,,,Winter,Zoo,31.01322957,156.8203125,53.57265625,na,
s,,F,2/1/2016,,A,,225.3,,,Winter,Zoo,14.07461538,94.26153846,32.91230769,na,
m,,F,2/2/2016,,A,,232.3,,,Winter,Zoo,34.36875,149.1284585,33.23715415,na,
s,,F,2/2/2016,,A,,225.3,,,Winter,Zoo,32.3475,99.05625,40.40583333,na,
m,,F,2/3/2016,,A,,232.3,,,Winter,Zoo,31.54624506,192.9719439,51.0501002,na,
s,,F,2/3/2016,,A,,225.3,,,Winter,Zoo,27.39352227,115.8906883,31.02753036,na,
m,,F,2/4/2016,,A,,232.3,,,Winter,Zoo,33.05651303,187.5964215,57.32962227,na,
s,,F,2/4/2016,,A,,225.3,,,Winter,Zoo,23.95648855,119.9141221,29.5259542,na,
m,,F,2/5/2016,,A,,232.3,,,Winter,Zoo,38.7554672,237.3938224,55.34903475,na,
s,,F,2/5/2016,,A,,225.3,,,Winter,Zoo,27.85411765,128.9098039,42.92627451,na,
m,,F,2/6/2016,,A,,232.3,,,Winter,Zoo,31.11428571,54.57746479,25.12354125,na,
s,,F,2/6/2016,,A,,225.3,,,Winter,Zoo,27.17178423,137.9502075,31.11120332,na,
m,,F,2/7/2016,,A,,232.3,,,Winter,Zoo,17.81891348,129.5769981,57.57348928,na,
s,,F,2/7/2016,,A,,225.3,,,Winter,Zoo,30.5245509,146.49501,31.60798403,na,
m,,F,2/8/2016,,A,,232.3,,,Winter,Zoo,29.55087719,165.9860835,57.60795229,na,
s,,F,2/8/2016,,A,,225.3,,,Winter,Zoo,35.235,182.5645833,39.06666667,na,
m,,F,2/9/2016,,A,,232.3,,,Winter,Zoo,36.07157058,276.2811881,58.27564356,na,
s,,F,2/9/2016,,A,,225.3,,,Winter,Zoo,26.80248447,111.3561077,54.35279503,na,
m,,F,2/10/2016,,A,,232.3,,,Winter,Zoo,42.29465347,205.8585462,46.41493124,na,
s,,F,2/10/2016,,A,,225.3,,,Winter,Zoo,29.71417323,110.9311024,35.22519685,na,
m,,F,2/11/2016,,A,,232.3,,,Winter,Zoo,34.0762279,246.2192308,48.67846154,na,
s,,F,2/11/2016,,A,,225.3,,,Winter,Zoo,45.46909091,265.3454545,43.25818182,na,
m,,F,2/12/2016,,A,,232.3,,,Winter,Zoo,27.96923077,177.831068,51.54640777,na,
s,,F,2/12/2016,,A,,225.3,,,Winter,Zoo,27.57894737,112.202729,25.60779727,na,
m,,F,2/13/2016,,A,,232.3,,,Winter,Zoo,26.27650485,258.8431772,52.56130346,na,
s,,F,2/13/2016,,A,,225.3,,,Winter,Zoo,15.6456,59.41,14.9296,na,
m,,F,2/14/2016,,A,,232.3,,,Winter,Zoo,33.65376782,85.702,32.3256,na,
s,,F,2/14/2016,,A,,225.3,,,Winter,Zoo,9.12,25.08571429,8.460408163,na,
m,,F,2/15/2016,,A,,232.3,,,Winter,Zoo,36.2376,153.2768031,33.11890838,na,
s,,F,2/15/2016,,A,,225.3,,,Winter,Zoo,7.7664,21.586,15.2776,na,
m,,F,2/16/2016,,A,,232.3,,,Winter,Zoo,16.33684211,211.3727088,41.63340122,na,
s,,F,2/16/2016,,A,,225.3,,,Winter,Zoo,27.02125984,165.1633858,31.64251969,na,
m,,F,2/17/2016,,A,,232.3,,,Winter,Zoo,18.45458248,227.3910387,52.17678208,na,
s,,F,2/17/2016,,A,,225.3,,,Winter,Zoo,10.05659656,25.13193117,10.32887189,na,
m,,F,2/18/2016,,A,,232.3,,,Winter,Zoo,18.10264766,95.12851406,47.09076305,na,
s,,F,2/18/2016,,A,,225.3,,,Winter,Zoo,27.76296296,188.0082305,34.8526749,na,
m,,F,2/19/2016,,A,,232.3,,,Winter,Zoo,13.36565657,147.2217742,65.19758065,na,
s,,F,2/19/2016,,A,,225.3,,,Winter,Zoo,24.47265306,100.6020408,25.84081633,na,
m,,F,2/20/2016,,A,,232.3,,,Winter,Zoo,38.025,15.85686654,8.10754352,na,
m,,F,2/21/2016,,A,,232.3,,,Winter,Zoo,7.309090909,145.5898438,46.13125,na,
s,,F,2/21/2016,,A,,225.3,,,Winter,Zoo,46.88744939,229.6214575,82.6097166,na,
m,,F,2/22/2016,,A,,232.3,,,Winter,Zoo,27.18984375,139.3722772,52.64079208,na,
s,,F,2/22/2016,,A,,225.3,,,Winter,Zoo,14.55826772,45.8484252,14.04173228,na,
m,,F,2/23/2016,,A,,232.3,,,Winter,Zoo,27.38138614,131.0039216,58.5654902,na,
s,,F,2/23/2016,,A,,225.3,,,Winter,Zoo,32.49581749,173.4543726,34.19163498,na,
m,,F,2/24/2016,,A,,232.3,,,Winter,Zoo,37.95529412,114.9787645,45.38841699,na,
s,,F,2/24/2016,,A,,225.3,,,Winter,Zoo,37.11891892,261.8590734,61.62857143,na,
m,,F,2/25/2016,,A,,232.3,,,Winter,Zoo,24.36602317,106.8822314,69.67107438,na,
s,,F,2/25/2016,,A,,225.3,,,Winter,Zoo,35.2621118,154.1428571,51.09565217,na,
m,,F,2/26/2016,,A,,232.3,,,Winter,Zoo,28.67355372,72.46850394,37.45748031,na,
m,,F,2/27/2016,,A,,232.3,,,Winter,Zoo,26.1496063,28.55060729,17.63076923,na,
m,,F,2/28/2016,,A,,232.3,,,Winter,Zoo,21.98623482,73.19556452,19.50241935,na,
m,,F,2/29/2016,,A,,232.3,,,Winter,Zoo,22.85564516,172.4038462,402.1269231,na,
s,,F,2/29/2016,,A,,225.3,,,Winter,Zoo,32.14285714,71.55918367,38.00571429,na,
m,,F,3/1/2016,,A,,232.3,,,Winter,Zoo,25.41686747,46.63600783,495.1726027,na,
s,,F,3/1/2016,,A,,225.3,,,Winter,Zoo,39.92129817,129.1703854,43.5148073,na,
m,,F,3/2/2016,,A,,232.3,,,Winter,Zoo,36.88062622,87.01386139,49.13346535,na,
s,,F,3/2/2016,,A,,225.3,,,Winter,Zoo,49.96235294,157.0745098,40.84156863,na,
m,,F,3/3/2016,,A,,232.3,,,Winter,Zoo,33.81861386,101.6546906,48.05429142,na,
s,,F,3/3/2016,,A,,225.3,,,Winter,Zoo,46.92730845,220.0314342,44.22789784,na,
m,,F,3/4/2016,,A,,232.3,,,Winter,Zoo,35.31017964,46.85062241,33.63070539,na,
s,,F,3/4/2016,,A,,225.3,,,Winter,Zoo,30.65853659,95.92479675,29.76585366,na,
m,,F,3/5/2016,,A,,232.3,,,Winter,Zoo,24.45311203,141.3034623,40.62729124,na,
s,,F,3/5/2016,,A,,225.3,,,Winter,Zoo,48.23420523,214.8511066,43.00523139,na,
m,,F,3/6/2016,,A,,232.3,,,Winter,Zoo,43.03869654,118.1040816,53.05061224,na,
s,,F,3/6/2016,,A,,225.3,,,Winter,Zoo,42.88383234,150.994012,36.97884232,na,
m,,F,3/7/2016,,A,,232.3,,,Winter,Zoo,34.80979592,46.24902724,189.5486381,na,
s,,F,3/7/2016,,A,,225.3,,,Winter,Zoo,43.02403259,263.7474542,62.02851324,na,
m,,F,3/8/2016,,A,,232.3,,,Winter,Zoo,30.78910506,62.67184466,12.80621359,na,
s,,F,3/8/2016,,A,,225.3,,,Winter,Zoo,42.12,139.622,33.2528,na,
m,,F,3/9/2016,,A,,232.3,,,Winter,Zoo,32.87533981,131.9524752,50.38415842,na,
s,,F,3/9/2016,,A,,225.3,,,Winter,Zoo,34.74037267,121.8985507,44.49358178,na,
m,,F,3/10/2016,,A,,232.3,,,Winter,Zoo,37.71089109,85.00779727,38.90604288,na,
s,,F,3/10/2016,,A,,225.3,,,Winter,Zoo,38.1655706,137.7524178,37.19458414,na,
m,,F,3/11/2016,,A,,232.3,,,Winter,Zoo,33.45964912,43.37449393,16.73036437,na,
s,,F,3/11/2016,,A,,225.3,,,Winter,Zoo,39.99432049,178.8235294,30.0811359,na,
m,,F,3/12/2016,,A,,232.3,,,Winter,Zoo,18.0582996,135.8439425,43.98193018,na,
s,,F,3/12/2016,,A,,225.3,,,Winter,Zoo,37.22371542,99.51976285,32.11857708,na,
m,,F,3/13/2016,,A,,232.3,,,Winter,Zoo,34.91334702,82.27360308,37.29325626,na,
s,,F,3/13/2016,,A,,225.3,,,Winter,Zoo,26.54912621,80.76893204,32.29980583,na,
m,,F,3/14/2016,,A,,232.3,,,Winter,Zoo,35.00809249,129.6115385,36.96692308,na,
s,,F,3/14/2016,,A,,225.3,,,Winter,Zoo,31.7915493,99.2555332,36.42736419,na,
m,,F,3/15/2016,,A,,232.3,,,Winter,Zoo,34.07538462,154.177551,50.23755102,na,
s,,F,3/15/2016,,A,,225.3,,,Winter,Zoo,20.89721116,62.60956175,23.64780876,na,
m,,F,3/16/2016,,A,,232.3,,,Winter,Zoo,35.94857143,164.5613682,48.0193159,na,
s,,F,3/16/2016,,A,,225.3,,,Winter,Zoo,37.9016129,139.983871,36.24274194,na,
m,,F,3/17/2016,,A,,232.3,,,Winter,Zoo,38.98430584,130.0736196,32.54805726,na,
s,,F,3/17/2016,,A,,225.3,,,Winter,Zoo,41.25,125.1309524,51.7015873,na,
m,,F,3/18/2016,,A,,232.3,,,Winter,Zoo,27.57791411,150.849505,96.5449505,na,
s,,F,3/18/2016,,A,,225.3,,,Winter,Zoo,34.68837209,99.61046512,26.78914729,na,
m,,F,3/19/2016,,A,,232.3,,,Winter,Zoo,30.91722772,119.0838446,37.3202454,na,
s,,F,3/19/2016,,A,,225.3,,,Winter,Zoo,41.16705882,150.3333333,44.44862745,na,
m,,F,3/20/2016,,A,,232.3,,,Winter,Zoo,34.79263804,50.63510848,18.08915187,na,
m,,F,3/21/2016,,A,,232.3,,,Winter,Zoo,9.185798817,196.2370062,33.49355509,na,
s,,F,3/21/2016,,A,,225.3,,,Spring,Zoo,49.19527559,238.2007874,56.25748031,na,
m,,F,3/22/2016,,A,,232.3,,,Spring,Zoo,37.1002079,89.08436214,97.01234568,na,
s,,F,3/22/2016,,A,,225.3,,,Spring,Zoo,50.13831041,214.0019646,54.51709234,na,
m,,F,3/23/2016,,A,,232.3,,,Spring,Zoo,31.79259259,144.6097561,53.20162602,na,
s,,F,3/23/2016,,A,,225.3,,,Spring,Zoo,44.72816327,170.144898,38.20163265,na,
m,,F,3/24/2016,,A,,232.3,,,Spring,Zoo,33.66585366,168.218,57.2096,na,
s,,F,3/24/2016,,A,,225.3,,,Spring,Zoo,34.00570265,123.0407332,34.22892057,na,
m,,F,3/25/2016,,A,,232.3,,,Spring,Zoo,41.6448,77.66336634,47.0970297,na,
m,,F,3/26/2016,,A,,232.3,,,Spring,Zoo,29.02811881,84.11597374,38.67571116,na,
m,,F,3/27/2016,,A,,232.3,,,Spring,Zoo,30.06827133,91.6765873,37.86031746,na,
m,,F,3/28/2016,,A,,232.3,,,Spring,Zoo,21.24285714,81.32591093,32.14817814,na,
s,,F,3/28/2016,,A,,225.3,,,Spring,Zoo,25.52392638,72.65439673,16.52377049,na,
m,,F,3/29/2016,,A,,232.3,,,Spring,Zoo,28.20242915,63.28543307,27.37637795,na,
s,,F,3/29/2016,,A,,225.3,,,Spring,Zoo,29.49486653,80.79876797,17.96790123,na,
m,,F,3/30/2016,,A,,232.3,,,Spring,Zoo,24.82440945,102.413442,47.29857434,na,
s,,F,3/30/2016,,A,,225.3,,,Spring,Zoo,13.8,27.425,5.017142857,na,
m,,F,3/31/2016,,A,,232.3,,,Spring,Zoo,27.42892057,90.16283525,31.34329502,na,
s,,F,3/31/2016,,A,,225.3,,,Spring,Zoo,24.03442623,99.22336066,25.2675835,na,
s,,F,3/31/2016,,A,,225.3,,,Spring,Zoo,28.17037037,77.29423868,23.82798354,na,
m,,F,4/1/2016,,A,,232.3,,,Spring,Zoo,28.4,94.62680412,30.14845361,na,
s,,F,4/1/2016,,A,,225.3,,,Spring,Zoo,26.59591837,84.76122449,23.9,na,
m,,F,4/2/2016,,A,,232.3,,,Spring,Zoo,26.81072165,81.4194831,39.11093439,na,
s,,F,4/2/2016,,A,,225.3,,,Spring,Zoo,20.52495088,53.01178782,14.12796781,na,
m,,F,4/3/2016,,A,,232.3,,,Spring,Zoo,25.55069583,na,37.76957404,na,
s,,F,4/3/2016,,A,,225.3,,,Spring,Zoo,18.59016393,40.96721311,7.718834951,na,
m,,F,4/4/2016,,A,,232.3,,,Spring,Zoo,na,70.84156379,152.3061728,na,
s,,F,4/4/2016,,A,,225.3,,,Spring,Zoo,10.1372093,26.61046512,7.328063241,na,
m,,F,4/5/2016,,A,,232.3,,,Spring,Zoo,32.93333333,40.14478114,8.047138047,na,
s,,F,4/5/2016,,A,,225.3,,,Spring,Zoo,21.66519115,49.85110664,18.29105058,na,
s,,F,4/6/2016,,A,,225.3,,,Spring,Zoo,25.57048544,114.7631068,27.22174757,na,
s,,F,4/7/2016,,A,,225.3,,,Spring,Zoo,25.55573123,90.61660079,28.16284585,na,
s,,F,4/8/2016,,A,,225.3,,,Spring,Zoo,33.93385214,201.4357977,43.10194553,na,
s,,F,4/10/2016,,A,,225.3,,,Spring,Zoo,29.0325,91.875,27.2925,na,
s,,F,4/10/2016,,A,,225.3,,,Spring,Zoo,29.1234375,329.4101563,52.99921875,na,
s,,F,4/11/2016,,A,,225.3,,,Spring,Zoo,36.58040816,138.7346939,33.1877551,na,
s,,F,4/12/2016,,A,,225.3,,,Spring,Zoo,27.83671875,87.96679688,21.97734375,na,
s,,F,4/13/2016,,A,,225.3,,,Spring,Zoo,28.85549133,123.0481696,28,na,
s,,F,4/14/2016,,A,,225.3,,,Spring,Zoo,30.90784708,181.7042254,35.27323944,na,
s,,F,4/15/2016,,A,,225.3,,,Spring,Zoo,35.4796875,227.2734375,53.91796875,na,
s,,F,4/17/2016,,A,,225.3,,,Spring,Zoo,31.85590062,149.1325052,32.37101449,na,
s,,F,4/18/2016,,A,,225.3,,,Spring,Zoo,36.97590361,179.4417671,34.35100402,na,
s,,F,4/19/2016,,A,,225.3,,,Spring,Zoo,34.09979381,177.5340206,39.98762887,na,
s,,F,4/20/2016,,A,,225.3,,,Spring,Zoo,35.51953578,182.8723404,59.77794971,na,
s,,F,4/21/2016,,A,,225.3,,,Spring,Zoo,44.64280156,94.73346304,46.63657588,na,
s,,F,4/22/2016,,A,,225.3,,,Spring,Zoo,34.17380457,129.8461538,34.37255717,na,
s,,F,4/23/2016,,A,,225.3,,,Spring,Zoo,28.715625,134.5976563,32.671875,na,
s,,F,4/24/2016,,A,,225.3,,,Spring,Zoo,30.15354331,177.0393701,44.23228346,na,
s,,F,4/25/2016,,A,,225.3,,,Spring,Zoo,38.18796117,158.4252427,46.76660194,na,
s,,F,4/26/2016,,A,,225.3,,,Spring,Zoo,33.93346856,133.9492901,29.50831643,na,
s,,F,4/27/2016,,A,,225.3,,,Spring,Zoo,22.41481481,109.6995885,33.3563786,na,
s,,F,4/28/2016,,A,,225.3,,,Spring,Zoo,17.45096525,127.6814672,32.31428571,na,
s,,F,4/29/2016,,A,,225.3,,,Spring,Zoo,31.44049587,181.5867769,42.37438017,na,
s,,F,4/30/2016,,A,,225.3,,,Spring,Zoo,24.24971098,151.283237,34.98651252,na,
s,,F,5/1/2016,,A,,225.3,,,Spring,Zoo,20.88705882,104.1686275,22.31921569,na,
s,,F,5/2/2016,,A,,225.3,,,Spring,Zoo,25.38292683,116.0914634,28.09430894,na,
s,,F,5/3/2016,,A,,225.3,,,Spring,Zoo,29.29294606,124.5539419,48.50124481,na,
s,,F,5/4/2016,,A,,225.3,,,Spring,Zoo,33.60247423,50.11340206,23.16206186,na,
s,,F,5/5/2016,,A,,225.3,,,Spring,Zoo,27.81882353,82.64117647,28.60784314,na,
s,,F,5/6/2016,,A,,225.3,,,Spring,Zoo,23.21257367,78.83693517,25.41925344,na,
s,,F,5/7/2016,,A,,225.3,,,Spring,Zoo,37.24905284,179.445663,43.41375872,na,
s,,F,5/8/2016,,A,,225.3,,,Spring,Zoo,34.21056751,160.3444227,25.28610568,na,
s,,F,5/9/2016,,A,,225.3,,,Spring,Zoo,39.96585366,114.597561,23.83333333,na,
s,,F,5/10/2016,,A,,225.3,,,Spring,Zoo,28.940625,116.6855469,21.06796875,na,
s,,F,5/11/2016,,A,,225.3,,,Spring,Zoo,31.07667984,121.9189723,20.2972332,na,
s,,F,5/12/2016,,A,,225.3,,,Spring,Zoo,28.56798337,67.4033264,16.48232848,na,
s,,F,5/13/2016,,A,,225.3,,,Spring,Zoo,22.82994242,74.76583493,30.49673704,na,
s,,F,5/15/2016,,A,,225.3,,,Spring,Zoo,26.63571429,87.65277778,20.37777778,na,
s,,F,5/16/2016,,A,,225.3,,,Spring,Zoo,27.87923077,127.4692308,612.2146154,na,
s,,F,5/17/2016,,A,,225.3,,,Spring,Zoo,33.00363636,165.3292929,24.40808081,na,
s,,F,5/18/2016,,A,,225.3,,,Spring,Zoo,48.86019802,175.0118812,30.52752475,na,
s,,F,5/19/2016,,A,,225.3,,,Spring,Zoo,38.122334,179.8672032,30.2527163,na,
s,,F,5/23/2016,,A,,225.3,,,Spring,Zoo,29.79604743,115.3754941,22.20948617,na,
s,,F,5/24/2016,,A,,225.3,,,Spring,Zoo,35.20490798,171.1820041,26.06298569,na,
s,,F,5/25/2016,,A,,225.3,,,Spring,Zoo,25.76047904,132.0618762,37.08982036,na,
s,,F,5/26/2016,,A,,225.3,,,Spring,Zoo,22.30674847,76.53783231,22.9595092,na,
s,,F,5/28/2016,,A,,225.3,,,Spring,Zoo,32.89834711,147.8553719,26.50743802,na,
s,,F,5/29/2016,,A,,225.3,,,Spring,Zoo,33.0492986,128.1523046,32.00480962,na,
s,,F,6/1/2016,,A,,225.3,,,Spring,Zoo,27.96244898,126.2755102,21.51591837,na,
s,,F,6/3/2016,,A,,225.3,,,Spring,Zoo,29.25957447,229.9381044,358.3009671,na,
s,,F,6/5/2016,,A,,225.3,,,Spring,Zoo,23.77933884,117.9524793,37.95123967,na,
s,,F,6/6/2016,,A,,225.3,,,Spring,Zoo,30.74457831,98.87751004,43.09076305,na,
s,,F,6/7/2016,,A,,225.3,,,Spring,Zoo,27.28897485,209.2205029,58.77833656,na,
s,,F,6/8/2016,,A,,225.3,,,Spring,Zoo,29.74390244,124,54.28536585,na,
s,,F,6/10/2016,,A,,225.3,,,Spring,Zoo,21.9627907,162.0697674,44.6496124,na,
s,,F,6/11/2016,,A,,225.3,,,Spring,Zoo,22.57992278,86.59459459,26.68108108,na,
s,,F,6/12/2016,,A,,225.3,,,Spring,Zoo,21.10445344,90.91700405,56.55546559,na,
s,,F,6/13/2016,,A,,225.3,,,Spring,Zoo,23.48148148,93.19958848,42.35061728,na,
s,,F,6/15/2016,,A,,225.3,,,Spring,Zoo,22.39683794,132.6245059,43.71067194,na,
s,,F,6/16/2016,,A,,225.3,,,Spring,Zoo,29.85330661,133.7374749,41.53987976,na,
s,,F,6/17/2016,,A,,225.3,,,Spring,Zoo,26.50588235,105.6607843,37.56392157,na,
s,,F,6/18/2016,,A,,225.3,,,Spring,Zoo,21.65,133.6904762,32.5468254,na,
s,,F,6/19/2016,,A,,225.3,,,Spring,Zoo,19.83182711,80.08644401,23.92062868,na,
s,,F,6/20/2016,,A,,225.3,,,Spring,Zoo,19.72573674,108.459725,30.80943026,na,
s,,F,6/21/2016,,A,,225.3,,,Summer,Zoo,29.52426036,118.642998,53.36252465,na,
s,,F,6/22/2016,,A,,225.3,,,Summer,Zoo,23.42823529,122.3588235,47.2854902,na,
s,,F,6/24/2016,,A,,225.3,,,Summer,Zoo,15.95184466,67.9184466,27.98524272,na,
s,,F,6/25/2016,,A,,225.3,,,Summer,Zoo,31.41692308,178.5884615,65.30615385,na,
s,,F,6/29/2016,,A,,225.3,,,Summer,Zoo,22.28605108,172.1552063,60.60353635,na,
s,,F,6/30/2016,,A,,225.3,,,Summer,Zoo,17.0712,37.8,21.1808,na,
s,,F,7/12/2016,,A,,225.3,,,Summer,Zoo,31.52177419,223.3245968,54.49596774,na,
s,,F,7/13/2016,,A,,225.3,,,Summer,Zoo,32.6313253,181.3232932,58.55662651,na,
s,,F,7/14/2016,,A,,225.3,,,Summer,Zoo,34.06046512,153.9263566,62.32015504,na,
s,,F,7/17/2016,,A,,225.3,,,Summer,Zoo,31.57207392,135.1252567,47.8201232,na,
s,,F,7/18/2016,,A,,225.3,,,Summer,Zoo,33.60461538,106.2461538,656.91,na,
s,,F,7/19/2016,,A,,225.3,,,Summer,Zoo,31.44684318,130.3360489,53.95845214,na,
s,,F,7/20/2016,,A,,225.3,,,Summer,Zoo,29.05263158,88.52046784,54.39610136,na,
s,,F,7/21/2016,,A,,225.3,,,Summer,Zoo,45.80963855,256.8915663,1083.838554,na,
s,,F,7/22/2016,,A,,225.3,,,Summer,Zoo,29.76602317,100.3436293,74.45328185,na,
s,,F,7/23/2016,,A,,225.3,,,Summer,Zoo,45.44824903,110.5038911,56.60389105,na,
s,,F,7/24/2016,,A,,225.3,,,Summer,Zoo,27.98709677,86.84879032,56.8016129,na,
s,,F,7/25/2016,,A,,225.3,,,Summer,Zoo,42.76341948,106.4512922,79.25248509,na,
s,,F,7/26/2016,,A,,225.3,,,Summer,Zoo,26.9306288,101.8681542,43.66004057,na,
s,,F,7/27/2016,,A,,225.3,,,Summer,Zoo,27.83907157,77.64603482,48.81547389,na,
s,,F,7/28/2016,,A,,225.3,,,Summer,Zoo,38.22857143,139.8928571,46.38809524,na,
s,,F,7/29/2016,,A,,225.3,,,Summer,Zoo,24.11348089,40.75050302,31.92676056,na,
s,,F,7/30/2016,,A,,225.3,,,Summer,Zoo,34.65,58.41393443,31.08934426,na,
s,,F,7/31/2016,,A,,225.3,,,Summer,Zoo,31.26985447,71.71517672,63.46029106,na,
s,,F,8/1/2016,,A,,225.3,,,Summer,Zoo,37.87258065,265.625,106.6717742,na,
s,,F,8/3/2016,,A,,225.3,,,Summer,Zoo,33.78461538,113.2442308,62.31,na,
s,,F,8/4/2016,,A,,225.3,,,Summer,Zoo,25.08923077,92.17115385,60.00230769,na,
s,,F,8/5/2016,,A,,225.3,,,Summer,Zoo,38.91663405,93.92563601,109.9819961,na,
s,,F,8/6/2016,,A,,225.3,,,Summer,Zoo,24.75180723,99.11646586,55.05783133,na,
s,,F,8/7/2016,,A,,225.3,,,Summer,Zoo,20.44541833,67.65936255,47.33784861,na,
s,,F,8/8/2016,,A,,225.3,,,Summer,Zoo,23.63319838,56.18825911,40.22672065,na,
s,,F,8/9/2016,,A,,225.3,,,Summer,Zoo,17.16024341,43.4198783,95.74442191,na,
s,,F,8/10/2016,,A,,225.3,,,Summer,Zoo,25.0360396,78.27920792,47.41782178,na,
s,,F,8/12/2016,,A,,225.3,,,Summer,Zoo,19.22459016,38.27868852,34.50163934,na,
s,,F,8/13/2016,,A,,225.3,,,Summer,Zoo,18.22978723,47.71760155,52.88355899,na,
s,,F,8/14/2016,,A,,225.3,,,Summer,Zoo,38.84247104,92.38030888,44.36293436,na,
s,,F,8/15/2016,,A,,225.3,,,Summer,Zoo,25.21414538,78.40667976,49.00196464,na,
s,,F,8/16/2016,,A,,225.3,,,Summer,Zoo,18.65714286,38.62896825,34.91746032,na,
s,,F,8/17/2016,,A,,225.3,,,Summer,Zoo,18.10391753,67.88247423,44.86762887,na,
s,,F,8/18/2016,,A,,225.3,,,Summer,Zoo,26.76461538,77.36923077,85.06384615,na,
s,,F,8/19/2016,,A,,225.3,,,Summer,Zoo,27.0816568,64.35502959,43.26390533,na,
s,,F,8/20/2016,,A,,225.3,,,Summer,Zoo,17.7355102,59.34081633,46.56244898,na,
s,,F,8/21/2016,,A,,225.3,,,Fall,Zoo,19.66795367,65.3976834,47.46254826,na,
s,,F,8/21/2016,,A,,225.3,,,Fall,Zoo,39.91907514,145.7302505,71.44971098,na,
s,,F,8/22/2016,,A,,225.3,,,Fall,Zoo,31.26666667,80.22016461,48.6,na,
s,,F,8/23/2016,,A,,225.3,,,Fall,Zoo,15.08709677,35.12903226,40.24435484,na,
s,,F,8/24/2016,,A,,225.3,,,Fall,Zoo,14.88461538,49.03076923,32.46,na,
s,,F,8/25/2016,,A,,225.3,,,Fall,Zoo,18.14968815,62.86902287,44.3027027,na,
s,,F,8/26/2016,,A,,225.3,,,Fall,Zoo,23.24363636,52.74949495,42.96,na,
s,,F,8/27/2016,,A,,225.3,,,Fall,Zoo,21.2765625,70.74609375,59.05546875,na,
s,,F,8/28/2016,,A,,225.3,,,Fall,Zoo,23.98040816,73.40612245,56.40489796,na,
s,,F,8/29/2016,,A,,225.3,,,Fall,Zoo,21.35675676,70.26061776,63.03011583,na,
s,,F,8/30/2016,,A,,225.3,,,Fall,Zoo,21.73926499,58.24564797,54.99651838,na,
s,,F,8/31/2016,,A,,225.3,,,Fall,Zoo,13.18153846,46.775,36.73615385,na,
s,,F,9/1/2016,,A,,225.3,,,Fall,Zoo,22.41245136,78.85214008,46.30505837,na,
s,,F,9/2/2016,,A,,225.3,,,Fall,Zoo,28.7257732,115.028866,56.55092784,na,
s,,F,9/3/2016,,A,,225.3,,,Fall,Zoo,31.72033195,105.6742739,60.2340249,na,
s,,F,9/4/2016,,A,,225.3,,,Fall,Zoo,18.28023952,58.30538922,53.33333333,na,
s,,F,9/5/2016,,A,,225.3,,,Fall,Zoo,27.03,92.60208333,47.04416667,na,
s,,F,9/6/2016,,A,,225.3,,,Fall,Zoo,18.48688525,70.92213115,41.00655738,na,
s,,F,9/7/2016,,A,,225.3,,,Fall,Zoo,25.1582205,89.35009671,44.58800774,na,
s,,F,9/8/2016,,A,,225.3,,,Fall,Zoo,14.8030888,87.2972973,35.17065637,na,
s,,F,9/9/2016,,A,,225.3,,,Fall,Zoo,21.75903614,113.7369478,33.91084337,na,
s,,F,9/10/2016,,A,,225.3,,,Fall,Zoo,21.1176699,72.45631068,50.4768932,na,
s,,F,9/11/2016,,A,,225.3,,,Fall,Zoo,27.78728324,104.77842,57.27013487,na,
s,,F,9/12/2016,,A,,225.3,,,Fall,Zoo,26.96779324,81.12127237,38.13518887,na,
s,,F,9/13/2016,,A,,225.3,,,Fall,Zoo,22.74545455,121.5516529,49.6338843,na,
s,,F,9/14/2016,,A,,225.3,,,Fall,Zoo,24.12692308,92.39615385,39.18,na,
s,,F,9/15/2016,,A,,225.3,,,Fall,Zoo,30.6757515,170.6933868,63.02284569,na,
s,,F,9/16/2016,,A,,225.3,,,Fall,Zoo,42.45443787,144.3747535,64.6556213,na,
s,,F,9/18/2016,,A,,225.3,,,Fall,Zoo,29.41395349,141.6647287,47.01627907,na,
s,,F,9/19/2016,,A,,225.3,,,Fall,Zoo,30.91473477,124.7288802,51.6589391,na,
s,,F,9/20/2016,,A,,225.3,,,Fall,Zoo,18.33454545,70.23865878,33.81333333,na,
s,,F,9/21/2016,,A,,225.3,,,Fall,Zoo,22.46921529,135.7267442,52.81609658,na,
s,,F,9/22/2016,,A,,225.3,,,Fall,Zoo,30.04479371,118.3280943,58.67111984,na,
s,,F,9/23/2016,,A,,225.3,,,Fall,Zoo,18.68363636,65.25252525,38.72161616,na,
s,,F,9/24/2016,,A,,225.3,,,Fall,Zoo,26.47484909,147.971831,62.18028169,na,
s,,F,9/25/2016,,A,,225.3,,,Fall,Zoo,23.36511628,100.9089147,29.28604651,na,
s,,F,9/26/2016,,A,,225.3,,,Fall,Zoo,24.14469854,81.67983368,25.33970894,na,
s,,F,9/27/2016,,A,,225.3,,,Fall,Zoo,23.08359375,98.41796875,49.5328125,na,
s,,F,9/28/2016,,A,,225.3,,,Fall,Zoo,23.78097087,122.1184466,48.09786408,na,
s,,F,9/29/2016,,A,,225.3,,,Fall,Zoo,18.66718147,78.60810811,26.33050193,na,
s,,F,9/30/2016,,A,,225.3,,,Fall,Zoo,28.17609562,115.8784861,42.82948207,na,
s,,F,10/1/2016,,A,,225.3,,,Fall,Zoo,34.62142857,155.2638889,63.25952381,na,
s,,F,10/2/2016,,A,,225.3,,,Fall,Zoo,39.39920319,202.2123016,81.43984064,na,
s,,F,10/3/2016,,A,,225.3,,,Fall,Zoo,25.93022312,104.6115538,41.81014199,na,
s,,F,10/5/2016,,A,,225.3,,,Fall,Zoo,16.04512428,44.51318458,18.816826,na,
s,,F,10/6/2016,,A,,225.3,,,Fall,Zoo,35.80714286,144.8833652,56.02380952,na,
s,,F,10/7/2016,,A,,225.3,,,Fall,Zoo,21.1843299,83.79166667,35.02268041,na,
s,,F,10/8/2016,,A,,225.3,,,Fall,Zoo,27.50310559,256.7525773,75.12298137,na,
s,,F,10/9/2016,,A,,225.3,,,Fall,Zoo,30.28439306,141.6480331,48.54566474,na,
s,,F,10/10/2016,,A,,225.3,,,Fall,Zoo,26.38596491,190.7880539,39.45497076,na,
s,,F,10/11/2016,,A,,225.3,,,Fall,Zoo,15.79919028,83.84795322,22.44291498,na,
s,,F,10/12/2016,,A,,225.3,,,Fall,Zoo,19.80740741,80.68825911,33.36296296,na,
s,,F,10/13/2016,,A,,225.3,,,Fall,Zoo,21.29302326,112.0534979,48.23953488,na,
s,,F,10/14/2016,,A,,225.3,,,Fall,Zoo,37.38428469,167.2189922,87.89491283,na,
s,,F,10/16/2016,,A,,225.3,,,Fall,Zoo,21.96573705,72.59072581,22.38884462,na,
s,,F,10/16/2016,,A,,225.3,,,Fall,Zoo,28.70564516,99.19035109,31.29677419,na,
s,,F,10/17/2016,,A,,225.3,,,Fall,Zoo,28.71129363,115.8187251,54.55687885,na,
s,,F,10/18/2016,,A,,225.3,,,Fall,Zoo,18.84872299,65.59958932,30.04243615,na,
s,,F,10/19/2016,,A,,225.3,,,Fall,Zoo,28.18770492,91.72336066,32.9704918,na,
s,,F,10/20/2016,,A,,225.3,,,Fall,Zoo,24.61846154,94.56346154,44.84076923,na,
s,,F,10/21/2016,,A,,225.3,,,Fall,Zoo,20.27514451,67.6743738,25.30867052,na,
s,,F,10/23/2016,,A,,225.3,,,Fall,Zoo,28.15609756,122.6178862,47.83902439,na,
s,,F,10/24/2016,,A,,225.3,,,Fall,Zoo,13.31883495,65.13786408,15.39262136,na,
s,,F,10/24/2016,,A,,225.3,,,Fall,Zoo,26.88880309,75.19111969,28.66100386,na,
s,,F,10/25/2016,,A,,225.3,,,Fall,Zoo,12.64488189,57.0019685,24.54330709,na,
s,,F,10/26/2016,,A,,225.3,,,Fall,Zoo,20.61312741,72.68918919,29.59227799,na,
s,,F,10/27/2016,,A,,225.3,,,Fall,Zoo,25.24970414,113.3668639,49.67337278,na,
s,,F,10/28/2016,,A,,225.3,,,Fall,Zoo,10.92277992,41.06949807,26.79150579,na,
s,,F,10/29/2016,,A,,225.3,,,Fall,Zoo,23.81264822,110.0355731,34.54387352,na,
s,,F,10/30/2016,,A,,225.3,,,Fall,Zoo,14.02204724,58.08070866,27.46062992,na,
s,,F,10/31/2016,,A,,225.3,,,Fall,Zoo,32.07857143,148.0714286,43.16428571,na,
s,,F,11/1/2016,,A,,225.3,,,Fall,Zoo,16.49706458,79.57729941,44.08062622,na,
s,,F,11/2/2016,,A,,225.3,,,Fall,Zoo,20.83255814,116.1085271,34.32790698,na,
s,,F,11/3/2016,,A,,225.3,,,Fall,Zoo,23.34330709,84.93897638,24.21732283,na,
s,,F,11/4/2016,,A,,225.3,,,Fall,Zoo,32.09302326,133.9108527,49.59069767,na,
s,,F,11/5/2016,,A,,225.3,,,Fall,Zoo,19.95230769,78.84807692,17.55692308,na,
s,,F,11/6/2016,,A,,225.3,,,Fall,Zoo,24.01395349,177.1472868,65.19069767,na,
s,,F,11/7/2016,,A,,225.3,,,Fall,Zoo,24.6978389,99.89980354,41.31630648,na,
s,,F,11/8/2016,,A,,225.3,,,Fall,Zoo,30.53696498,162.1964981,43.70661479,na,
s,,F,11/9/2016,,A,,225.3,,,Fall,Zoo,26.17864078,153.2135922,32.77281553,na,
s,,F,11/10/2016,,A,,225.3,,,Fall,Zoo,31.7106383,173.5647969,56.14700193,na,
s,,F,11/11/2016,,A,,225.3,,,Fall,Zoo,26.85150905,93.70020121,27.96458753,na,
s,,F,11/12/2016,,A,,225.3,,,Fall,Zoo,32.45725646,79.68665377,28.20119284,na,
s,,F,11/13/2016,,A,,225.3,,,Fall,Zoo,19.12804642,46.6861167,26.5787234,na,
s,,F,11/14/2016,,A,,225.3,,,Fall,Zoo,27.22677165,43.86282306,23.16614173,na,
s,,F,11/15/2016,,A,,225.3,,,Fall,Zoo,30.55473888,86.11992263,24.4,na,
s,,F,11/16/2016,,A,,225.3,,,Fall,Zoo,27.19133858,104.5137795,29.51020408,na,
s,,F,11/17/2016,,A,,225.3,,,Fall,Zoo,29.69302326,69.49418605,17.71860465,na,
s,,F,11/18/2016,,A,,225.3,,,Fall,Zoo,32.25657371,118.1095618,28.83585657,na,
s,,F,11/19/2016,,A,,225.3,,,Fall,Zoo,52.39075145,329.7880539,57.04508671,na,
s,,F,11/20/2016,,A,,225.3,,,Fall,Zoo,26.45925926,89.37860082,17.98271605,na,
s,,F,11/21/2016,,A,,225.3,,,Fall,Zoo,30.23166023,125.8667954,592.3528958,na,
s,,F,11/22/2016,,A,,225.3,,,Fall,Zoo,34.17220077,140.9401544,35.13590734,na,
s,,F,11/23/2016,,A,,225.3,,,Fall,Zoo,24.21419878,76.35902637,17.46450304,na,
s,,F,11/24/2016,,A,,225.3,,,Fall,Zoo,25.28454012,191.5753425,33.0739726,na,
s,,F,11/25/2016,,A,,225.3,,,Fall,Zoo,30.0416185,144.7919075,30.48786127,na,
s,,F,11/26/2016,,A,,225.3,,,Fall,Zoo,3.914166667,10.88958333,8.650833333,na,
s,,F,11/28/2016,,A,,225.3,,,Fall,Zoo,17.32269939,72.67484663,15.77586912,na,
s,,F,11/28/2016,,A,,225.3,,,Fall,Zoo,31.91428571,280.0436508,43.09047619,na,
s,,F,11/29/2016,,A,,225.3,,,Fall,Zoo,31.21624758,171.6615087,33.04294004,na,
s,,F,11/30/2016,,A,,225.3,,,Fall,Zoo,37.18554217,243.6787149,39.67710843,na,
s,,F,12/1/2016,,A,,225.3,,,Fall,Zoo,24.8175,143.1145833,33.0775,na,
s,,F,12/2/2016,,A,,225.3,,,Fall,Zoo,26.20829876,136.8319502,21.46058091,na,
s,,F,12/3/2016,,A,,225.3,,,Fall,Zoo,44.26127168,171.6936416,70.2982659,na,
s,,F,12/4/2016,,A,,225.3,,,Fall,Zoo,26.75076923,208.6269231,42.01846154,na,
s,,F,12/5/2016,,A,,225.3,,,Fall,Zoo,65.27258687,433.3899614,149.7498069,na,
s,,F,12/6/2016,,A,,225.3,,,Fall,Zoo,41.49278351,219.4886598,56.63257732,na,
s,,F,12/7/2016,,A,,225.3,,,Fall,Zoo,27.27054108,245.7234469,33.80921844,na,
s,,F,12/8/2016,,A,,225.3,,,Fall,Zoo,25.65560166,172.2427386,22.50871369,na,
s,,F,12/9/2016,,A,,225.3,,,Fall,Zoo,20.21052632,56.37426901,11.32475634,na,
s,,F,12/10/2016,,A,,225.3,,,Fall,Zoo,16.57933884,65.95247934,17.77190083,na,
s,,F,12/11/2016,,A,,225.3,,,Fall,Zoo,14.93852459,62.25819672,18.00819672,na,
s,,F,12/12/2016,,A,,225.3,,,Fall,Zoo,15.26257426,68.29306931,14.83722772,na,
s,,F,12/13/2016,,A,,225.3,,,Fall,Zoo,15.27407407,52.30452675,25.6526749,na,
s,,F,12/14/2016,,A,,225.3,,,Fall,Zoo,20.74588235,55.7,20.25176471,na,
s,,F,12/15/2016,,A,,225.3,,,Fall,Zoo,19.81069307,87.9960396,21.03920792,na,
s,,F,12/16/2016,,A,,225.3,,,Fall,Zoo,17.50062112,68.06004141,15.3863354,na,
s,,F,12/17/2016,,A,,225.3,,,Fall,Zoo,8.667206478,43.58097166,9.012955466,na,
s,,F,12/18/2016,,A,,225.3,,,Fall,Zoo,14.73684211,113.711501,29.01988304,na,
s,,F,12/19/2016,,A,,225.3,,,Fall,Zoo,27.3770751,113.5533597,28.98735178,na,
s,,F,12/20/2016,,A,,225.3,,,Fall,Zoo,17.10184049,59.02249489,11.94110429,na,
s,,F,12/22/2016,,A,,225.3,,,Winter,Zoo,19.96752475,174.3960396,22.98772277,na,
s,,F,12/22/2016,,A,,225.3,,,Winter,Zoo,22.46573146,85.70140281,17.65130261,na,
s,,F,12/23/2016,,A,,225.3,,,Winter,Zoo,27.52765073,99.53638254,29.56091476,na,
s,,F,12/24/2016,,A,,225.3,,,Winter,Zoo,41.91532258,196.8709677,55.97903226,na,
s,,F,12/25/2016,,A,,225.3,,,Winter,Zoo,30.73564155,175.089613,32.54419552,na,
s,,F,12/26/2016,,A,,225.3,,,Winter,Zoo,21.75953757,77.46242775,23.0982659,na,
s,,F,12/27/2016,,A,,225.3,,,Winter,Zoo,26.88096192,92.53907816,26.25330661,na,
s,,F,12/28/2016,,A,,225.3,,,Winter,Zoo,24.86011561,95.29094412,23.10982659,na,
s,,F,12/29/2016,,A,,225.3,,,Winter,Zoo,18.4692607,75.32879377,15.28249027,na,
s,,F,12/30/2016,,A,,225.3,,,Winter,Zoo,27.37190083,104.8884298,28.20495868,na,
s,,F,12/31/2016,,A,,225.3,,,Winter,Zoo,30.68571429,104.1677019,25.33416149,na,
m,,F,1/1/2017,,A,,na,,,Winter,Zoo,na,na,52.82969072,na,
s,,F,1/1/2017,,A,,,,,Winter,Zoo,31.65241935,158.5625,22.59677419,na,
m,,F,1/2/2017,,A,,na,,,Winter,Zoo,na,na,115.760161,na,
s,,F,1/2/2017,,A,,,,,Winter,Zoo,10.70805501,34.60314342,5.198428291,na,
m,,F,1/3/2017,,A,,na,,,Winter,Zoo,na,na,22.54698795,na,
s,,F,1/3/2017,,A,,,,,Winter,Zoo,21.21351889,88.62624254,32.17097416,na,
m,,F,1/4/2017,,A,,na,,,Winter,Zoo,na,na,26.61353965,na,
s,,F,1/4/2017,,A,,,,,Winter,Zoo,30.81656805,123.3925049,29.41775148,na,
m,,F,1/5/2017,,A,,na,,,Winter,Zoo,na,na,53.12876712,na,
s,,F,1/5/2017,,A,,,,,Winter,Zoo,23.93553719,95.33471074,13.55702479,na,
m,,F,1/6/2017,,A,,na,,,Winter,Zoo,na,na,56.83930636,na,
m,,F,1/7/2017,,A,,na,,,Winter,Zoo,na,na,69.64294235,na,
s,,F,1/7/2017,,A,,,,,Winter,Zoo,28.52038835,149.4038835,32.61436893,na,
s,,F,1/7/2017,,A,,,,,Winter,Zoo,29.97844311,65.32135729,32.74011976,na,
m,,F,1/8/2017,,A,,na,,,Winter,Zoo,na,na,26.89243028,na,
s,,F,1/8/2017,,A,,,,,Winter,Zoo,27.63,61.75,11.57538462,na,
m,,F,1/9/2017,,A,,na,,,Winter,Zoo,na,na,34.77431907,na,
s,,F,1/9/2017,,A,,,,,Winter,Zoo,17.24701195,40.24701195,13.67649402,na,
m,,F,1/10/2017,,A,,na,,,Winter,Zoo,na,na,24.14698795,na,
m,,F,1/11/2017,,A,,na,,,Winter,Zoo,na,na,13.03700787,na,
s,,F,1/11/2017,,A,,,,,Winter,Zoo,na,na,61.15357834,na,
m,,F,1/12/2017,,A,,na,,,Winter,Zoo,na,na,32.67923077,na,
s,,F,1/12/2017,,A,,,,,Winter,Zoo,na,na,14.68888889,na,
m,,F,1/13/2017,,A,,na,,,Winter,Zoo,na,na,45.03902439,na,
s,,F,1/13/2017,,A,,,,,Winter,Zoo,na,na,1.748995984,na,
s,,F,1/14/2017,,A,,,,,Winter,Zoo,na,na,16.02,na,
m,,F,1/15/2017,,A,,na,,,Winter,Zoo,na,na,43.18024691,na,
m,,F,1/16/2017,,A,,na,,,Winter,Zoo,na,na,33.9215534,na,
m,,F,1/17/2017,,A,,na,,,Winter,Zoo,na,na,42.07,na,
s,,F,1/17/2017,,A,,,,,Winter,Zoo,na,na,22.92098765,na,
s,,F,1/18/2017,,A,,,,,Winter,Zoo,na,na,15.384375,na,
m,,F,1/19/2017,,A,,na,,,Winter,Zoo,na,na,20.78757764,na,
s,,F,1/19/2017,,A,,,,,Winter,Zoo,na,na,38.58997996,na,
m,,F,1/20/2017,,A,,na,,,Winter,Zoo,na,na,17.37087379,na,
m,,F,1/21/2017,,A,,na,,,Winter,Zoo,na,na,15.51201629,na,
m,,F,1/22/2017,,A,,na,,,Winter,Zoo,na,na,16.05818182,na,
m,,F,1/23/2017,,A,,na,,,Winter,Zoo,na,na,20.00316832,na,
m,,F,1/25/2017,,A,,na,,,Winter,Zoo,na,na,19.07407407,na,
m,,F,1/26/2017,,A,,na,,,Winter,Zoo,na,na,19.27836735,na,
s,,F,1/26/2017,,A,,,,,Winter,Zoo,na,na,15.83252033,na,
m,,F,1/27/2017,,A,,na,,,Winter,Zoo,na,na,21.96626506,na,
s,,F,1/27/2017,,A,,,,,Winter,Zoo,na,na,11.52969697,na,
m,,F,1/28/2017,,A,,na,,,Winter,Zoo,na,na,31.8373444,na,
s,,F,1/28/2017,,A,,,,,Winter,Zoo,na,na,14.79226306,na,
m,,F,1/29/2017,,A,,na,,,Winter,Zoo,na,na,26.98881988,na,
s,,F,1/29/2017,,A,,,,,Winter,Zoo,na,na,11.31017964,na,
m,,F,1/30/2017,,A,,na,,,Winter,Zoo,na,na,41.96737864,na,
m,,F,2/1/2017,,A,,na,,,Winter,Zoo,na,na,21.13902439,na,
m,,F,2/2/2017,,A,,na,,,Winter,Zoo,na,na,20.71042471,na,
m,,F,2/3/2017,,A,,na,,,Winter,Zoo,na,na,100.15,na,
s,,F,2/3/2017,,A,,,,,Winter,Zoo,na,na,15.68803089,na,
m,,F,2/4/2017,,A,,na,,,Winter,Zoo,na,na,38.05244618,na,
s,,F,2/4/2017,,A,,,,,Winter,Zoo,na,na,21.41226216,na,
m,,F,2/5/2017,,A,,na,,,Winter,Zoo,na,na,26.88772636,na,
m,,F,2/6/2017,,A,,na,,,Winter,Zoo,na,na,15.93939394,na,
s,,F,2/6/2017,,A,,,,,Winter,Zoo,na,na,36.3592955,na,
m,,F,2/7/2017,,A,,na,,,Winter,Zoo,na,na,19.62910603,na,
m,,F,2/8/2017,,A,,na,,,Winter,Zoo,na,na,26.57346535,na,
m,,F,2/9/2017,,A,,na,,,Winter,Zoo,na,na,16.7821501,na,
m,,F,2/10/2017,,A,,na,,,Winter,Zoo,na,na,29.75465587,na,
s,,F,2/10/2017,,A,,,,,Winter,Zoo,na,na,27.1147929,na,
m,,F,2/11/2017,,A,,na,,,Winter,Zoo,na,na,36.38899804,na,
s,,F,2/11/2017,,A,,,,,Winter,Zoo,na,na,22.58356713,na,
m,,F,2/12/2017,,A,,na,,,Winter,Zoo,na,na,67.62074689,na,
m,,F,2/13/2017,,A,,na,,,Winter,Zoo,na,na,34.60122699,na,
s,,F,2/14/2017,,A,,,,,Winter,Zoo,na,na,24.45609756,na,
m,,F,2/16/2017,,A,,na,,,Winter,Zoo,na,na,16.56143141,na,
m,,F,2/17/2017,,A,,na,,,Winter,Zoo,na,na,38.04426877,na,
m,,F,2/18/2017,,A,,na,,,Winter,Zoo,na,na,26.35087719,na,
s,,F,2/18/2017,,A,,,,,Winter,Zoo,na,na,18.63170732,na,
m,,F,2/19/2017,,A,,na,,,Winter,Zoo,na,na,18.05498008,na,
m,,F,2/20/2017,,A,,na,,,Winter,Zoo,na,na,18.22696177,na,
m,,F,2/21/2017,,A,,na,,,Winter,Zoo,na,na,17.2128,na,
m,,F,2/23/2017,,A,,na,,,Winter,Zoo,na,na,28.3032,na,
s,,F,2/23/2017,,A,,,,,Winter,Zoo,na,na,15.00348162,na,
s,,F,2/24/2017,,A,,,,,Winter,Zoo,na,na,18.95577299,na,
m,,F,2/25/2017,,A,,na,,,Winter,Zoo,na,na,30.41964637,na,
s,,F,2/25/2017,,A,,,,,Winter,Zoo,na,na,13.29492901,na,
m,,F,2/26/2017,,A,,na,,,Winter,Zoo,na,na,87.36516634,na,
s,,F,2/26/2017,,A,,,,,Winter,Zoo,na,na,41.80115607,na,
m,,F,2/27/2017,,A,,na,,,Winter,Zoo,na,na,70.75813953,na,
s,,F,2/27/2017,,A,,,,,Winter,Zoo,na,na,22.27389831,na,
m,,F,2/28/2017,,A,,na,,,Winter,Zoo,na,na,31.45581395,na,
1172,6,F,9/12/2017,,A,PostLact,233,,MJM,Fall,MtGraham,53.80580913,62.01659751,33.812,na,"Location is new midden behind rockpiles in ST area.  Collar, antenna, and signal all OK"
1219,1,F,9/14/2017,,A,RecentLact,215,,MJM,Fall,MtGraham,38.15860735,121.8201161,52.308,na,"New animal, resident at midden 2211.  Frequency comes in best at 3645B."
1203,9,F,12/2/2017,,A,NoRepro,239,,MM,Fall,MtGraham,126.3143451,215.4012474,49.013,na,Grant Hill study area.  Collar and antenna look OK.
1206,5,F,12/2/2017,,A,NoRepro,218,,MM,Fall,MtGraham,31.27366337,243.6653465,57.579,na,Grant Hill study area.  Collar and antenna look OK.
1219,2,F,12/3/2017,,A,NoRepro,227,,MM,Fall,MtGraham,12.87017544,34.75633528,69.008,na,Location is midden 2211.  Collar and antenna look OK.
1172,5,F,12/6/2017,,A,PostLact,218,,MJM,Fall,MtGraham,317.0322581,324.0241935,52.79,na,Collar and antenna look OK.  Signal OK.
1207,,M,12/6/2017,,A,Scrotal,240,7,MM,Fall,MtGraham,40.24180328,71.36680328,17.742,na,Grant Hill study area.  Male is resident at 8623 shift.
1172,12,F,3/2/2018,,A,NoRepro,220,,MM,Winter,MtGraham,30.64883721,108.5773256,30.623,na,
1203,10,F,3/3/2018,,A,Estrus,238,,MM,Winter,MtGraham,232.9651822,1012.651822,84.806,na,"Repro check, vulva very big"
1206,7,F,3/3/2018,,A,NoRepro,221,,MM,Winter,MtGraham,35.08812665,76.43271768,21.711,na,
1209,3,F,3/3/2018,,A,NoRepro,231,,MM,Winter,MtGraham,35.73975904,32.54016064,16.684,na,"Repro check, Vulva small, does not appear pregnant.  A male squirrel was seen in her midden, but no chases observed."
1218,5,F,3/5/2018,,A,PostLact,220,,MJM,Winter,MtGraham,52.79051383,379.3498024,62.815,na,"Location is old HS-13.  Female went MIA after the Frye Fire, her old collar is gone.  Repro notes, vulva small and pale, barely visible.  Added new collar today 395A"
1172,13,F,3/13/2018,,A,NoRepro,248,,MM,Winter,MtGraham,17.23278689,38.17827869,11.469,na,
1203,11,F,3/13/2018,,A,Estrus,242,,MM,Winter,MtGraham,313.8328125,233.2617188,140.871,na,"Repro check.  Vulva is a little swollen, not obvious.  Female was for sure in estrus 10 days ago.  She is perhaps post-estrus now."
1206,8,F,3/13/2018,,A,NoRepro,226,,MM,Winter,MtGraham,36.51728155,50.53398058,28.889,na,"Repro check, still no sign of estrus."
1209,4,F,3/13/2018,,A,NoRepro,223,,MM,Winter,MtGraham,26.66024096,31.59236948,9.788,na,"Repro check, still no sign of estrus."
1203,12,F,3/24/2018,,A,Pregnant,253,,MM,Spring,MtGraham,119.1716599,191.1376518,127.88,na,"Weight is increased from last capture, believe she is now pregnant."
1206,9,F,3/24/2018,,A,Estrus,235,,MM,Spring,MtGraham,71.35764706,154.872549,87.682,na,"Repro check, female now appears to be in estrus."
1172,14,F,3/25/2018,,A,NoRepro,245,,MM,Spring,MtGraham,32.62368932,60.84854369,18.855,na,
1218,6,F,3/25/2018,,A,NoRepro,223,,MM,Spring,MtGraham,53.42459016,209.8893443,39.192,na,"Repro check, still no sign of estrus."
1172,9,F,4/16/2018,,A,UNK,238,,MM,Spring,MtGraham,38.40950495,180.9861386,87.372,na,"Animal might be pregnant, as 4 days ago appeared to be post-estrus"
1172,10,F,4/20/2018,,A,Estrus,248,,MM,Spring,MtGraham,46.20995851,191.9771784,40.693,na,Animal may be post-estrus.
1218,7,F,4/20/2018,,A,NoRepro,228,,MM,Spring,MtGraham,36.80159046,124.5666004,41.852,na,
1220,5,F,4/20/2018,,A,NoRepro,223,,MM,Spring,MtGraham,29.43529412,86.81135903,99.055,na,
1172,15,F,5/16/2018,,A,Pregnant,263,,MJM,Spring,MtGraham,51.13306452,36.48387097,16.65,na,"Repro check.  Nipples still small with black tips.  Abdomen enlarged, could not definitively palpate fetuses."
1203,13,F,5/16/2018,,A,Lact,248,,MJM,Spring,MtGraham,229.4511066,64.63380282,52.542,na,"Nipples pink and enlarged, small amount of milk expressed from 2 teats.  "
1218,8,F,5/16/2018,,A,UNK,243,,MJM,Spring,MtGraham,16.4480315,17.18897638,30.874,na,"Repro check.  Nipples small with black tips, vulva slightly enlarged.  Could not definitively palpate fetuses, but weight suggests she could be pregnant."
1225,4,F,5/16/2018,,A,NoRepro,230,,MJM,Spring,MtGraham,15.54579055,12.06570842,29.118,na,"Location is near 8050, a small scale pile 20m 85deg from nest 18385.  Vulva is small, nipples extremely small, she has not reproduced before, probably born in 2017.  Think she is the animal that has been hanging out in the 8050 area, between there and the rocks."
1220,6,F,5/17/2018,,A,UNK,208,,MJM,Spring,MtGraham,102.3388781,102.9052224,56.681,na,"Repro check.  Status difficult to say.  She looks early lactation, nipples elongated, dark tips, with some fur worn, but no swelling, no milk.  Her abdomen is slightly rounded.  Last capture 1 month ago indicated she was non-repro.  Is she pregnant or early lact?  Looks like something may be going on, she is in a new nest far from her usual location.  New nest is NE of midden 1195 on the edge of the burn/meadow."
1226,5,F,5/29/2018,,A,Lact,236,,MM,Spring,MtGraham,229.4361055,237.8701826,106.659,na,"Female is early lactation, was able to express milk."
1203,2,F,6/7/2018,,A,Lact,246,,MM,Spring,MtGraham,48.52948454,43.0556701,33.432,na,"Repro check:  Not able to express milk, but pink nipples with fur worn around them."
1225,,M,6/11/2018,,A,,,,,Spring,MtGraham,,,44.7,82.7,
1225,,M,6/12/2018,,A,,,,,Spring,MtGraham,,,102.6,101.18,
1228,,M,6/16/2018,,A,,,,,Spring,MtGraham,,,53.02,33.98,
1229,,M,6/17/2018,,A,,,,,Spring,MtGraham,,,46.36,54,
1225,1,F,6/18/2018,,A,RecentLact,212,,MM,Spring,MtGraham,134.5593561,213.2655936,126.495,na,"Nipples darkened, fur regrowing."
1230,,M,6/19/2018,,A,,,,,Spring,MtGraham,,,151.4,74.94,
1230,,M,6/23/2018,,A,,,,,Summer,MtGraham,,,171.16,176.74,
1233,,M,6/24/2018,,A,,,,,Summer,MtGraham,,,61.01,59.07,
1233,,M,6/26/2018,,A,,,,,Summer,MtGraham,,,184.3,177.79,
1235,,M,6/28/2018,,A,,,,,Summer,MtGraham,,,88.51,89.21,
1236,,M,7/1/2018,,A,,,,,Summer,MtGraham,,,106.56,187.75,
1236,,M,7/4/2018,,A,,,,,Summer,MtGraham,,,107.49,169.88,
1236,,M,7/7/2018,,A,,,,,Summer,MtGraham,,,62.39,95.55,
1236,,M,7/8/2018,,A,,,,,Summer,MtGraham,,,49.9,83.4,
1238,,M,7/10/2018,,A,,,,,Summer,MtGraham,,,92.58,115.42,
1238,,M,7/12/2018,,A,,,,,Summer,MtGraham,,,96,135.25,
1241,,M,7/15/2018,,A,,,,,Summer,MtGraham,,,108.32,269.93,
1241,,M,7/17/2018,,A,,,,,Summer,MtGraham,,,111.93,189.37,
5043,,M,7/19/2018,,A,,,,,Summer,WhiteMountains,,,71.42,112.69,
1,,M,7/21/2018,,A,,,,MM,Summer,WhiteMountains,,,181.99,232.52,
4,,M,7/22/2018,,A,,,,MM,Summer,WhiteMountains,,,82.26,60.41,
5,,M,7/24/2018,,A,,,,MM,Summer,WhiteMountains,,,209.04,278.58,
6,,M,7/28/2018,,A,,,,MM,Summer,WhiteMountains,,,63.6,67.42,
7,,M,7/29/2018,,A,,,,MM,Summer,WhiteMountains,,,174.81,175.19,
8,,M,7/30/2018,,A,,,,MM,Summer,WhiteMountains,,,116.29,181.79,
9,,M,7/31/2018,,A,,,,MM,Summer,WhiteMountains,,,36.95,63.25,
5000,,F,8/2/2018,9:30,A,Lact,263,,MM,Summer,WhiteMountains,48.6291498,95.19230769,75.97651822,na,"Black tips, swallon nipple, milk express"
5003,,F,8/2/2018,8:35,A,Lact,243,,MM,Summer,WhiteMountains,219.3638171,498.72167,101.582505,na,"Black tips, swallon nipple, milk express"
10,,M,8/2/2018,,A,,,,MM,Summer,WhiteMountains,,,477.36,326.87,
5004,,F,8/3/2018,9:33,A,PostLact,263,,MM,Summer,WhiteMountains,124.679089,107.7018634,92.19875776,na,"Black tips, not swallon nipple, milk not express"
5008,,F,8/3/2018,9:07,A,NoRepro,243,,MM,Summer,WhiteMountains,67.15862069,199.6612576,53.61298174,na,"Pink tips, nipple not swallen"
5010,,F,8/4/2018,13:54,A,PostLact,253,,MM,Summer,WhiteMountains,485.4368932,1188.297087,388.2174757,na,"Black tips, nipple a little swallon, milk not express"
5023,,F,8/4/2018,8:12,A,PostLact,248,,MM,Summer,WhiteMountains,246.7479675,334.2439024,140.9512195,na,"Black tips, not swallon nipple"
5100,,M,8/5/2018,,A,,,,MM,Summer,WhiteMountains,,,93.96,46.64,
5098,,M,8/7/2018,,A,,,,MM,Summer,WhiteMountains,,,27,17.61,
5007,,F,8/9/2018,14:09,A,Lact,,,MM,Summer,WhiteMountains,200,350.906639,127.1452282,na,
5003,,F,8/12/2018,9:57,A,Lact,240,,MM,Summer,WhiteMountains,48.6291498,95.19230769,75.97651822,na,"Tips a little dark, nipple swallon, milk not express"
5102,,M,8/12/2018,,A,,,,MM,Summer,WhiteMountains,,,54.18,27.7,
5103,,M,8/17/2018,,A,,,,MM,Summer,WhiteMountains,,,69.32,21.76,
5105,,M,8/18/2018,,A,,,,MM,Summer,WhiteMountains,,,96.99,47.29,
5106,,M,8/19/2018,,A,,,,MM,Summer,WhiteMountains,,,110.01,69.47,
5107,,M,8/23/2018,,A,,,,MM,Summer,WhiteMountains,,,56.49,43.66,
5110,,M,8/25/2018,,A,,,,MM,Summer,WhiteMountains,,,74.79,98.64,
5110,,M,8/26/2018,,A,,,,MM,Summer,WhiteMountains,,,33.52,18.66,
5111,,M,9/2/2018,,A,,,,MM,Summer,WhiteMountains,,,163.85,303.46,
5112,,M,9/4/2018,,A,,,,MM,Summer,WhiteMountains,,,39.23,6.94,
5113,,M,9/6/2018,,A,,,,MM,Summer,WhiteMountains,,,85.46,73.35,
5007,,F,9/7/2018,14:34,A,PostLact,240,,MM,Summer,WhiteMountains,42.17640232,92.01934236,106.8348162,na,???? Check if collar removed
5004,,F,9/14/2018,17:04,A,NoRepro,270,,MM,Summer,WhiteMountains,93.22957198,114.7937743,27.41789883,na,
5048,,F,1/17/2019,14:23,A,NoRepro,270,,MM,Winter,WhiteMountains,239.8343685,730.8819876,169.9602484,na, place nest box
5050,,F,1/19/2019,12:50,A,NoRepro,235,,MM,Winter,WhiteMountains,25.86796875,39.33984375,25.3921875,na,
5053,,F,1/23/2019,14:22,A,NoRepro,227,,MM,Winter,WhiteMountains,38.8502947,141.6836935,96.20746562,na,
5054,,F,1/23/2019,14:53,A,NoRepro,238,,MM,Winter,WhiteMountains,485.0416667,1673.04375,374.175,na,
5055,,F,1/23/2019,16:01,A,NoRepro,221,,MM,Winter,WhiteMountains,212.9817444,233.3610548,56.44624746,na,"Not her midden, she run away"
5056,,F,1/23/2019,16:27,A,NoRepro,215,,MM,Winter,WhiteMountains,331.5876289,821.3195876,41.8556701,na,
5051,,F,1/24/2019,15:00,A,NoRepro,235,,MM,Winter,WhiteMountains,141.4428858,244.496994,84.66853707,na,
5057,,F,1/24/2019,12:57,A,NoRepro,230,,MM,Winter,WhiteMountains,69.87906977,408.6104651,22.66976744,na,
5060,,F,1/28/2019,11:05,A,NoRepro,254,,MM,Winter,WhiteMountains,43.22113503,120.8219178,38.80861057,na,
5051,,F,1/30/2019,13:37,A,NoRepro,236,,MM,Winter,WhiteMountains,39.19298246,25.39766082,351.5368421,na,Translocate to 7709
5053,,F,1/30/2019,14:10,A,NoRepro,228,,MM,Winter,WhiteMountains,42.49879518,149.9096386,408.3614458,na,Translocate to 7712
5057,,F,1/31/2019,10:18,A,NoRepro,236,,MM,Winter,WhiteMountains,36.42699387,36.93251534,26.6993865,na,
5063,,F,2/1/2019,13:44,A,NoRepro,232,,MM,Winter,WhiteMountains,20.85770751,28.62924901,17.43320158,na,"Natural rip on the left,previous lactation"
5060,,F,2/7/2019,14:23,A,NoRepro,254,,MM,Winter,WhiteMountains,39.65195876,153.742268,534.1360825,na,14:28:53
5057,,F,2/15/2019,14:40,A,NoRepro,,,MM,Winter,WhiteMountains,137.8732106,110.0613497,64.8,na,Translocate to 7724
5060,,F,2/15/2019,16:20,A,NoRepro,258,,MM,Winter,WhiteMountains,38.84942085,120.7528958,39.96370656,na,Translocate to 7711
5067,,F,2/18/2019,10:05,A,NoRepro,212,,MM,Winter,WhiteMountains,106.4742268,147.3958763,37.87051546,na,
5048,,F,2/25/2019,13:30,A,NoRepro,208,,MM,Winter,WhiteMountains,67.29512195,125.3963415,58.46341463,na,Move to 7713
5052,,F,2/25/2019,17:17,A,NoRepro,205,,MM,Winter,WhiteMountains,531.1937378,1128.082192,772.3444227,na,Move to 7725
5056,,F,2/25/2019,16:47,A,NoRepro,230,,MM,Winter,WhiteMountains,166.0040568,318.6876268,95.95131846,na,Move to 7702
5069,,F,2/27/2019,10:50,A,NoRepro,200,,MM,Winter,WhiteMountains,229.123506,421.5478088,105.250996,na,
5067,,F,3/4/2019,10:28,A,NoRepro,215,,MM,Winter,WhiteMountains,212.2886598,180.1670103,48.17319588,na,Collar not replacable
5055,,F,3/7/2019,11:13,A,NA,NA,,MM,Winter,WhiteMountains,33.53333333,49.88888889,156.2790123,na,
5063,,F,3/9/2019,13:36,A,NoRepro,225,,MM,Winter,WhiteMountains,44.06798419,71.79841897,895.3754941,na,
5075,,F,3/9/2019,13:00,A,NoRepro,203,,MM,Winter,WhiteMountains,42.76167665,82.79640719,71.03952096,na,
5069,,F,3/20/2019,10:12,A,NoRepro,215,,MM,Winter,WhiteMountains,532.2896282,3525.023483,660.7984344,na,
5057,,F,4/18/2019,10:05,A,NoRepro,258,,MM,Spring,WhiteMountains,141.1576846,146.4071856,106.8838323,na,
5076,,F,4/18/2019,10:30,A,NoRepro,210,,MM,Spring,WhiteMountains,32.84453441,60.91700405,223.3360324,na,
5077,,F,4/18/2019,11:15,A,NoRepro,240,,MM,Spring,WhiteMountains,122.7329193,176.1055901,90.73043478,na,
5069,,F,4/19/2019,9:30,A,NoRepro,215,,MM,Spring,WhiteMountains,39.36751468,81.4109589,71.15459883,na,
5003,,F,7/30/2019,13:55,A,NA,255,,MM,Summer,WhiteMountains,183.359375,253.96875,68.73046875,na,
5092,,F,7/30/2019,9:42,A,Lact,269,,MM,Summer,WhiteMountains,159.8412698,292.1071429,80.84285714,na,
5019,,F,8/6/2019,9:35,A,Lact,260,,MM,Summer,WhiteMountains,416.500994,1063.431412,333.3184891,na,
5100,,F,8/6/2019,17:30,A,NoRepro,245,,MM,Summer,WhiteMountains,379.338843,1060.698347,413.0553719,na,translocate to Secret Valley 
5107,,F,8/7/2019,9:47,J,NoRepro,180,,MM,Summer,WhiteMountains,58.7736,107.55,60.78,na,
5110,,F,8/12/2019,8:38,A,Lact,272,,MM,Summer,WhiteMountains,224.0490798,213.3128834,83.74969325,na,
5102,,M,8/14/2019,8:50,A,NoRepro,248,,MM,Summer,WhiteMountains,,,51.67,49.83,
5113,,F,8/14/2019,8:15,A,Lact,245,,MM,Summer,WhiteMountains,144.9275362,50.75776398,105.1875776,na,
5114,,M,8/30/2019,,A,,,,MM,Summer,WhiteMountains,,,78.31,47.53,
