p_date,p_est,p_cort,p_pro,,s_date,s_est,s_cort,s_pro,,m_date,m_est,m_cort,m_pro
3-Apr-15,363.3522267,639.6194332,427.4493927,,3-Apr-15,691.74,682.296,305.352,,3-Apr-15,673.6561265,460.9565217,270.9960474
4-Apr-15,574.4435484,643.4032258,388.5483871,,4-Apr-15,1805.942029,283.5279503,201.0186335,,4-Apr-15,354.17154,386.0584795,175.7192982
5-Apr-15,1180.889813,2565.130977,521.2474012,,5-Apr-15,504.0733591,158.4324324,159.011583,,5-Apr-15,647.2635815,439.6539235,201.1509054
6-Apr-15,587.176699,658.3456311,428.0854369,,6-Apr-15,786.2298387,344.3951613,209.9758065,,6-Apr-15,979.3503937,560.2913386,206.8582677
7-Apr-15,399.3772455,632.5748503,386.4271457,,7-Apr-15,1270.497018,461.6540755,201.1133201,,7-Apr-15,556.3944223,414.3824701,238.374502
8-Apr-15,937.3767821,967.0386965,448.8798371,,8-Apr-15,663.2377049,429.4180328,202.795082,,8-Apr-15,719.9805068,880.9590643,232.4912281
9-Apr-15,437.6579477,825.7303823,393.8028169,,9-Apr-15,2067.84,300.696,158.904,,9-Apr-15,492.14,434.136,198.432
10-Apr-15,440.6111111,660.3095238,428.7142857,,10-Apr-15,651.1003861,380.5019305,163.8764479,,10-Apr-15,366.6532258,525.3387097,156.7741935
11-Apr-15,220.2125984,538.8897638,311.1023622,,11-Apr-15,402.6760563,236.3299799,129.5130785,,11-Apr-15,727.9876797,552.3696099,268.7802875
12-Apr-15,438.2985685,653.2515337,368.5889571,,12-Apr-15,688.2716049,153.8518519,100.2222222,,12-Apr-15,661.6153846,549.1153846,204.0923077
13-Apr-15,487.3387097,960.9193548,457.2580645,,13-Apr-15,820.5384615,295.5,106.5461538,,13-Apr-15,790.6809339,544.2723735,267.0583658
15-Apr-15,262.03861,706.8185328,345.5444015,,14-Apr-15,986.9917012,304.1825726,151.5435685,,14-Apr-15,585.8116232,544.2805611,199.6953908
17-Apr-15,391.561753,629.0438247,450.7569721,,15-Apr-15,801.3899614,525.1969112,126.4864865,,15-Apr-15,804.72,389.904,228.6
18-Apr-15,805.245509,1047.305389,407.0259481,,17-Apr-15,1170.629921,302.9291339,107.503937,,17-Apr-15,960.3420523,1117.907445,290.1730382
19-Apr-15,540.8230453,969.3333333,405.8436214,,18-Apr-15,772.2199593,565.0753564,98.90835031,,18-Apr-15,1567.210216,454.3732809,314.3811395
20-Apr-15,268.2053388,760.4106776,295.5400411,,19-Apr-15,515.5226824,362.9585799,110.3431953,,19-Apr-15,1819.593496,363.8780488,250.902439
21-Apr-15,224.3571429,481.0238095,297.3809524,,20-Apr-15,1294.043393,578.6035503,265.8461538,,20-Apr-15,696.4547206,340.2312139,189.5028902
22-Apr-15,588.2157996,779.8612717,388.2851638,,21-Apr-15,2774.958848,624.691358,164.1481481,,21-Apr-15,789.5876289,637.9793814,362.5979381
23-Apr-15,818.6178862,911.3414634,428.9430894,,22-Apr-15,1388.011928,346.0675944,125.9642147,,22-Apr-15,1222.727273,452.0826446,205.8099174
24-Apr-15,208.3040936,487.7192982,263.1578947,,23-Apr-15,1418.77551,470.2040816,147.3061224,,23-Apr-15,735.6,503.616,219.096
25-Apr-15,585.8485437,740.807767,380.1165049,,24-Apr-15,1116.55642,429.5719844,147.2217899,,24-Apr-15,876.5,661.925,288.675
26-Apr-15,702.2535211,667.9678068,407.0020121,,25-Apr-15,1712.23301,653.0097087,159.9378641,,25-Apr-15,1300.08,407.256,214.488
27-Apr-15,248.1882353,554.0705882,331.372549,,26-Apr-15,504.0429688,411.421875,190.6875,,26-Apr-15,766.1857708,400.5296443,253.3517787
28-Apr-15,471.3765182,884.8906883,486,,27-Apr-15,1018.548708,202.9502982,123.6739563,,27-Apr-15,734.0792079,393.1485149,188.6970297
1-May-15,368.1574803,721.7952756,357.7952756,,28-Apr-15,902.5098039,600.7529412,191.1529412,,28-Apr-15,535.3658537,540.3658537,252.2926829
2-May-15,1442.452906,1091.735471,532.2645291,,1-May-15,301.2451362,278.5680934,98.89494163,,1-May-15,1237.651663,405.4637965,228.1878669
3-May-15,545.377176,863.1876209,337.2533849,,2-May-15,777.8269618,285.1267606,149.722334,,2-May-15,847.6844262,593.6803279,262.7704918
4-May-15,302.78125,1284.210938,332.71875,,3-May-15,1382.887189,380.0764818,147.8546845,,3-May-15,1228.466135,673.4103586,389.8326693
5-May-15,281.0250482,1140.693642,344.2774566,,4-May-15,705.2123552,357.7992278,121.3436293,,4-May-15,458.4337349,750.9638554,354.3614458
6-May-15,930.1022495,636.0981595,516.6462168,,5-May-15,2502.037422,408.6237006,224.008316,,5-May-15,997.4612403,372.2790698,390.4186047
7-May-15,1740.430894,1002.317073,733.9837398,,6-May-15,801.7319588,383.3072165,110.1525773,,6-May-15,586.4212679,605.5460123,237.3496933
8-May-15,516.2315369,951.0179641,442.2035928,,7-May-15,682.0428016,322.7159533,118.2256809,,7-May-15,950.9807692,504.6,282.8769231
9-May-15,892.3178295,866.5348837,481.5503876,,8-May-15,705.1234568,444.8148148,205.4074074,,8-May-15,2202.884615,.,531.7615385
10-May-15,531.25,993.7741935,457.0967742,,9-May-15,1329.403579,700.3658052,226.9502982,,9-May-15,939.4230769,553.0384615,380.6307692
11-May-15,484.9920635,1246.714286,502.5396825,,10-May-15,338.1538462,312.7384615,141.2307692,,10-May-15,2360.779727,729.2163743,370.7368421
12-May-15,196.1731959,1218.061856,351.3154639,,11-May-15,567.8571429,425.9510204,172.1387755,,11-May-15,1133.927856,542.741483,371.3266533
14-May-15,438.6906188,864.6227545,405.1097804,,12-May-15,1793.945841,787.0096712,269.6866538,,12-May-15,1418.903846,660.2538462,370.3153846
15-May-15,680.3326572,955.9837728,450.6288032,,14-May-15,2729.263566,421.3953488,180.9767442,,14-May-15,2151.375969,985.9302326,469.1860465
16-May-15,323.2638037,892.4171779,375.4601227,,15-May-15,788.7739464,528,211.1724138,,15-May-15,995.3281853,329.0501931,282.4401544
17-May-15,300.0703125,951.2109375,377.578125,,16-May-15,1410.098619,561.3964497,211.3846154,,16-May-15,1200.708333,1061.175,300.6
18-May-15,363.1445087,1522.196532,337.2639692,,17-May-15,1096.73428,424.7951318,140.4219067,,17-May-15,731.0103093,295.2,203.0103093
19-May-15,505.8939096,1210.32613,428.5265226,,18-May-15,1109.653846,344.6769231,165.4615385,,18-May-15,1232.978723,602.7852998,279.1566731
20-May-15,153.7649326,1095.375723,450.867052,,19-May-15,916.7916667,543.95,140.25,,19-May-15,1755.360624,615.2748538,303.9298246
21-May-15,375.581854,889.6804734,376.1893491,,20-May-15,692.1289063,471,144,,20-May-15,1111.309524,654.5,257
22-May-15,829.8412698,1208.142857,486.3492063,,21-May-15,457.8019802,270.5584158,123.8970297,,21-May-15,862.2131148,435,272.3606557
23-May-15,1099.726358,731.8551308,563.3802817,,22-May-15,786.996124,268.4418605,174.8372093,,22-May-15,774.7572816,697.3747573,283.3165049
24-May-15,1046.928571,1577.380952,.,,23-May-15,608.5546875,462.8203125,241.9453125,,23-May-15,1130.852391,588.7484407,352.2162162
25-May-15,345.0135397,1969.555126,361.8800774,,24-May-15,882.4361493,591.3713163,245.3516699,,24-May-15,1354.169884,621.3359073,344.015444
26-May-15,448.950495,738.9386139,356.039604,,25-May-15,694.7524752,679.1762376,213.6475248,,25-May-15,829.7490347,391.042471,279.034749
27-May-15,1756.54321,1948.469136,.,,26-May-15,667.4549098,304.4008016,216.9378758,,21-May-15,970.3696099,813.4620123,300.7145791
28-May-15,375.1673152,1277.649805,.,,27-May-15,404.6978558,401.6842105,104.7017544,,27-May-15,909.5,427.632,300.816
29-May-15,510.6885246,937.6229508,.,,28-May-15,343.44294,274.1663443,117.6092843,,28-May-15,756.955684,675.3757225,291.0520231
30-May-15,674.2367347,603.844898,.,,29-May-15,1421.507937,687.4761905,292.0714286,,29-May-15,497.5396825,392.1190476,190.2142857
31-May-15,513.4140625,730.7578125,.,,30-May-15,1054.826884,329.3279022,177.2138493,,30-May-15,697.6595745,503.1411992,199.9148936
1-Jun-15,844.876494,499.9840637,.,,31-May-15,1024.192308,418.2461538,185.9538462,,30-May-15,.,.,.
3-Jun-15,446.8196721,685.647541,.,,1-Jun-15,235.523614,179.6550308,124.1889117,,1-Jun-15,1403.77551,567.5755102,310.8489796
4-Jun-15,607.8962076,1274.419162,.,,3-Jun-15,2446.970297,567.2316832,268.5386139,,3-Jun-15,836.4342629,417.4183267,216
5-Jun-15,263.4567901,760.7160494,.,,4-Jun-15,1179.580838,515.1616766,180.7185629,,4-Jun-15,736.9038462,481.3846154,177.3692308
6-Jun-15,426.3673469,1057.15102,.,,5-Jun-15,547.3577236,329.8292683,.,,5-Jun-15,694.2094862,624.0474308,253.7075099
7-Jun-15,379.81893,920.7407407,.,,6-Jun-15,446.6797642,280.4086444,116.8408644,,6-Jun-15,617.5619835,603.3966942,265.3140496
8-Jun-15,440.2755906,946.3228346,324.2519685,,7-Jun-15,1797.321773,718.982659,214.5433526,,7-Jun-15,1584.940711,.,485.7865613
9-Jun-15,401.5503876,433.4186047,462.1705426,,8-Jun-15,1459.596929,665.3205374,212.890595,,8-Jun-15,2816.6875,961.325,441.45
10-Jun-15,415.031746,726.6428571,413.8888889,,9-Jun-15,1023.384913,578.8549323,241.6943907,,9-Jun-15,1024.887526,469.2269939,303.8282209
11-Jun-15,424.1484536,764.1154639,303.8845361,,10-Jun-15,1251.99211,437.7514793,254.1301775,,10-Jun-15,773.9791667,329.175,226.425
12-Jun-15,242.9019608,596.7058824,336.627451,,11-Jun-15,821.5039063,614.296875,154.546875,,11-Jun-15,1144.099379,449.8881988,314.757764
13-Jun-15,665.9639279,852.6973948,418.6773547,,12-Jun-15,849.6296296,787.9259259,251.1111111,,12-Jun-15,1076.536797,813.3766234,288.1558442
14-Jun-15,1322.811881,644.150495,389.1485149,,13-Jun-15,1214.98,762.336,285.12,,13-Jun-15,750.7708333,383.85,329.025
15-Jun-15,540.745098,719.5058824,397.2705882,,14-Jun-15,667.6861167,739.0020121,137.0462777,,14-Jun-15,430.251938,227.0465116,172.1162791
16-Jun-15,636.630303,841.7212121,341.8181818,,15-Jun-15,1202.669246,1106.390716,246.7079304,,15-Jun-15,1209.715447,641.8780488,414.6585366
17-Jun-15,423.0361446,640.4819277,443.8554217,,16-Jun-15,319.0778689,983.6557377,165.7622951,,16-Jun-15,1430.11811,588.8503937,358.7244094
18-Jun-15,816.6412826,822.0601202,471.5831663,,17-Jun-15,566.199187,833.8780488,200.3414634,,17-Jun-15,1308.232848,1196.482328,288.8981289
19-Jun-15,373.6895874,940.4557957,.,,18-Jun-15,723.7186898,656.2312139,144.4855491,,18-Jun-15,1456.538462,540.3692308,280.7307692
20-Jun-15,1007.062016,986.5813953,474.496124,,19-Jun-15,434.612326,643.2286282,152.5884692,,19-Jun-15,906.5671642,374.3539446,256.4520256
21-Jun-15,3377.769547,727.654321,713.0864198,,20-Jun-15,.,.,.,,20-Jun-15,1382.981744,457.8498986,292.6004057
21-Jun-15,827.4806202,529.9069767,318.2945736,,21-Jun-15,737.8156313,558.4208417,172.0641283,,21-Jun-15,965.56,324.336,254.88
22-Jun-15,439.6220472,973.2519685,320.2440945,,21-Jun-15,555.6969697,504.969697,193.3818182,,21-Jun-15,886.5225933,667.2612967,241.7445972
23-Jun-15,507.8110236,1843.370079,354.8818898,,22-Jun-15,1101.431452,662.1774194,174.0483871,,22-Jun-15,1558.722986,633.5717092,289.697446
24-Jun-15,892.6584362,1933.530864,344.526749,,23-Jun-15,556.008316,440.6320166,144.8981289,,23-Jun-15,1604.455645,652.233871,287.4193548
25-Jun-15,683.5,943.4754098,330.9836066,,24-Jun-15,617.5208333,632.625,.,,24-Jun-15,892.8066528,468.2494802,233.7380457
26-Jun-15,1566.195122,2103.731707,437.195122,,25-Jun-15,837.7058824,365.5764706,.,,25-Jun-15,643.125,550.35,197.4
27-Jun-15,396.4330709,1021.795276,310.6299213,,25-Jun-15,816.1598441,240.5380117,163.1578947,,26-Jun-15,981.4757282,534.8271845,352.8699029
28-Jun-15,1356.605108,1505.163065,454.459725,,26-Jun-15,746.0122699,442.6257669,.,,27-Jun-15,491.0291262,537.6699029,253.5378641
29-Jun-15,2492.728,1371.144,497.28,,27-Jun-15,573.9183673,141.3795918,.,,28-Jun-15,944.3664717,565.8479532,223.2982456
,,,,,28-Jun-15,963.4897959,598.8,254.3510204,,29-Jun-15,1248.041667,1585.625,361.5
,,,,,29-Jun-15,962.504931,410.0828402,176.6627219,,30-Jun-15,1617.00611,647.9266802,326.2729124
,,,,,30-Jun-15,384.4747082,240.4435798,105.4785992,,1-Jul-15,1069.036145,499.3253012,232.9156627
,655.1185825,,,,1-Jul-15,882.4758221,310.2823985,110.2282398,,2-Jul-15,788.0160321,503.7354709,414.1082164
,,,,,2-Jul-15,352.1153846,285.2307692,116.9307692,,3-Jul-15,721.4893617,301.9729207,198.8704062
,,,,,4-Jul-15,424.4848485,286.1090909,134.0363636,,4-Jul-15,970.9437751,542.8674699,235.4457831
,,,,,5-Jul-15,482.8988327,258.6536965,116.3346304,,5-Jul-15,386.6197183,280.1287726,162.2535211
,,,,,6-Jul-15,413.68,273.6,105.696,,6-Jul-15,1270.647773,362.0890688,346.8097166
,,,,,7-Jul-15,690.5335968,421.1620553,222.7588933,,7-Jul-15,715.6069364,436.6242775,141.1560694
,,,,,8-Jul-15,593.6307054,413.9253112,111.3609959,,8-Jul-15,457.2529644,465.5573123,138.3083004
,,,,,9-Jul-15,1255.125,374.525,335.55,,9-Jul-15,584.627451,398.3764706,279.2470588
,,,,,10-Jul-15,910.3244275,492.5954198,160.6259542,,10-Jul-15,1346.485437,921.4834951,363.5650485
,,,,,11-Jul-15,2502.529183,1059.945525,310.9727626,,11-Jul-15,943.4419552,568.9368635,295.6985743
,,,,,12-Jul-15,1121.141199,523.8452611,198.8704062,,12-Jul-15,1929.311024,783.7795276,306
,,,,,13-Jul-15,1100.75,459.9230769,206.5846154,,13-Jul-15,1307.69685,598.9370079,263.2677165
,,,,,13-Jul-15,776.6804979,397.0207469,141.0871369,,14-Jul-15,909.6,737.112,316.368
,,,,,14-Jul-15,804.6346154,506.6538462,118.4538462,,15-Jul-15,878.73706,534.0621118,270.7080745
,,,,,15-Jul-15,1068.436874,390.3246493,145.2264529,,16-Jul-15,1087.56238,623.5163148,267.4088292
,,,,,16-Jul-15,1863.463035,668.2412451,230.9182879,,17-Jul-15,1052.959184,1022.595918,265.9591837
,,,,,17-Jul-15,846.4413519,432.8588469,125.8210736,,18-Jul-15,859.6551724,960.2677485,425.5740365
,,,,,18-Jul-15,761.1570248,496.0909091,74.75206612,,19-Jul-15,1111.220472,621.2834646,242.1496063
,,,,,19-Jul-15,891.1491935,604.3064516,195.8951613,,20-Jul-15,985.0701403,764.8016032,284.3927856
,,,,,20-Jul-15,375.8531746,373.6190476,101.5714286,,21-Jul-15,1112.011952,913.1474104,263.9760956
,,,,,21-Jul-15,472.248996,446.313253,127.0120482,,22-Jul-15,1125.96,623.712,219.096
,,,,,22-Jul-15,818.254902,619.4352941,187.1294118,,24-Jul-15,873.9263804,1483.141104,360.809816
,,,,,23-Jul-15,412.5527831,225.9040307,94.87140115,,25-Jul-15,761.0784314,786.7764706,271.0588235
,,,,,24-Jul-15,1149.772727,536.107438,194.3553719,,26-Jul-15,1187.245509,682.1796407,175.5449102
,,,,,25-Jul-15,824.185567,467.4309278,195.142268,,27-Jul-15,668.2341651,907.1861804,337.8886756
,,,,,26-Jul-15,344.0740741,122.9005848,66.1754386,,28-Jul-15,385.987395,771.8067227,283.9159664
,,,,,27-Jul-15,625.9038462,310.5,127.3846154,,29-Jul-15,712.2664016,837.5666004,302.4572565
,,,,,28-Jul-15,350.6639839,77.0945674,86.99396378,,30-Jul-15,1069.010101,917.8424242,283.3454545
,,,,,29-Jul-15,841.8410853,249.9534884,192.1395349,,31-Jul-15,849.8019802,888.4990099,299.5485149
,,,,,30-Jul-15,611.1632653,851.3877551,125.044898,,1-Aug-15,964.0545809,740.6081871,217.1929825
,,,,,31-Jul-15,1250.039216,456.8705882,158.3294118,,2-Aug-15,764.0655106,873.3410405,304.9942197
,,,,,1-Aug-15,455.8269231,273.7153846,132.8538462,,3-Aug-15,1242.375,565.8,222.825
,,,,,2-Aug-15,546.506986,240.6706587,151.6167665,,5-Aug-15,959.8125,739.35,169.5
,,,,,3-Aug-15,421.8019802,172.8712871,125.6792079,,6-Aug-15,1057.081633,589.1020408,217.1020408
,,,,,4-Aug-15,730.8582834,370.7305389,182.9461078,,7-Aug-15,1006.687371,505.9130435,208.9937888
,,,,,5-Aug-15,490.4958678,288.446281,113.8760331,,8-Aug-15,809.5069034,738.0591716,261.9408284
,,,,,6-Aug-15,310.3784861,155.0438247,90.86055777,,9-Aug-15,992.5833333,329.675,217.725
,,,,,7-Aug-15,711.2936345,341.8644764,174.6036961,,10-Aug-15,1247.743902,524.8536585,67.68292683
,,,,,8-Aug-15,402.7692308,361.2923077,74.28461538,,11-Aug-15,1061.396304,513.0677618,258.9486653
,,,,,9-Aug-15,836.0437376,529.2405567,160.3180915,,12-Aug-15,909.8837209,.,340.255814
,,,,,10-Aug-15,250.42,126.624,.,,13-Aug-15,3923.083004,421.4940711,248.0158103
,,,,,11-Aug-15,405.2788845,148.876494,90,,14-Aug-15,609.0891473,1010.302326,415.5348837
,,,,,12-Aug-15,1001.9,628.704,191.448,,15-Aug-15,445.3469388,392.3265306,160.5306122
,,,,,13-Aug-15,424.3570058,409.8426104,61.35892514,,16-Aug-15,765.9719439,237.8597194,89.60320641
,,,,,14-Aug-15,502.9614604,498.4989858,166.0527383,,17-Aug-15,1684.045643,512.5643154,252.2987552
,,,,,15-Aug-15,364.2743539,422.1232604,119.666004,,18-Aug-15,1174.802495,643.3347193,248.4823285
,,,,,16-Aug-15,511.6633663,657.5762376,145.7821782,,19-Aug-15,624.0588235,910.6352941,331.6941176
,,,,,17-Aug-15,1543.423077,494.7230769,183.3230769,,20-Aug-15,1060.323232,412.7757576,169.5272727
,,,,,18-Aug-15,378.9866157,404.2370937,152.2600382,,21-Aug-15,539.95842,462.3866944,226.3284823
,,,,,19-Aug-15,1201.936759,756.56917,178.0790514,,22-Aug-15,482.2199593,752.5784114,191.4378819
,,,,,20-Aug-15,521.257485,473.4850299,116.4790419,,23-Aug-15,470.3488372,531.255814,203.2325581
,,,,,21-Aug-15,1478.732943,540.7017544,190.7368421,,25-Aug-15,687.6190476,519.6666667,122.2857143
,,,,,22-Aug-15,885.2446184,272.853229,86.01956947,,26-Aug-15,882.6679842,396.4505929,140.0869565
,,,,,23-Aug-15,1268.154762,411.7380952,159.7142857,,27-Aug-15,801.6632444,439.4414784,209.1252567
,,,,,24-Aug-15,2650.159681,1641.005988,191.5688623,,28-Aug-15,1114.818356,531.4646272,245.7361377
,,,,,25-Aug-15,1502.922465,525.6858847,144.6441352,,29-Aug-15,1484.696356,517.3117409,170.0161943
,,,,,26-Aug-15,794.3866944,453.3804574,145.6465696,,30-Aug-15,2255.884692,410.528827,172.9145129
,,,,,27-Aug-15,999.5238095,376.7857143,106.7142857,,31-Aug-15,2110.74364,704.3131115,326.4657534
,,,,,28-Aug-15,1185.571142,374.2364729,165.0661323,,13-Dec-15,815.8230453,677.563786,337.8461538
,,,,,29-Aug-15,1928.401559,451.7426901,209.4035088,,14-Dec-15,747.6803119,412.6003899,255.1111111
,,,,,30-Aug-15,1378.8,225.696,.,,15-Dec-15,980.5555556,476.3539095,267.3684211
,,,,,31-Aug-15,1287.582645,161.9752066,.,,16-Dec-15,845.4526749,.,326.4657534
,,,,,1-Jan-16,338.9349112,349.0729783,177.8698225,,17-Dec-15,672.9591837,.,108.3209877
,,,,,2-Jan-16,298.6720322,108.5311871,175.943662,,18-Dec-15,965.48,.,208.4326531
,,,,,3-Jan-16,1067.232323,648.0969697,304.0727273,,19-Dec-15,1105.306931,.,393.912
,,,,,4-Jan-16,556.3052209,423.9116466,225.686747,,1-Jan-16,670.3118503,353.995842,346.0277228
,,,,,5-Jan-16,860.9448819,653.1023622,328.1102362,,2-Jan-16,991.0615711,703.5838641,225.7297297
,,,,,6-Jan-16,780,429.9881188,283.7227723,,3-Jan-16,883.7860082,492.1399177,379.0318471
,,,,,7-Jan-16,1097.947686,445.8832998,404.4748491,,4-Jan-16,1340.890269,784.6956522,339.2592593
,,,,,8-Jan-16,540.4268293,335.3495935,238.902439,,5-Jan-16,1247.252964,655.4782609,315.9503106
,,,,,9-Jan-16,820.0978474,563.334638,293.9178082,,6-Jan-16,1139.917695,405.0946502,345.5573123
,,,,,10-Jan-16,508.88,256.664,202.392,,7-Jan-16,987.8163265,453.4367347,144.5679012
,,,,,11-Jan-16,972.34,325.536,292.608,,8-Jan-16,1155.680473,558.8481262,326.9387755
,,,,,12-Jan-16,330.9134615,170.4326923,90.14423077,,9-Jan-16,1427.02,539.168,254.0591716
,,,,,13-Jan-16,826.4583333,309.875,225.675,,10-Jan-16,1921.461538,565.2769231,329.976
,,,,,14-Jan-16,464.99002,329.0938124,157.7964072,,11-Jan-16,1761.809145,566.6163022,336.3923077
,,,,,15-Jan-16,.,.,.,,12-Jan-16,1675,649.9,367.5149105
,,,,,16-Jan-16,753.6491935,612.9112903,318.1935484,,13-Jan-16,2844.99002,777.1576846,258.075
,,,,,17-Jan-16,1249.072165,1017.05567,319.6948454,,14-Jan-16,719.4011976,339.2095808,434.8023952
,,,,,18-Jan-16,654.4615385,791.7923077,307.5923077,,15-Jan-16,712.038835,387.2776699,214.3473054
,,,,,19-Jan-16,478.4027778,320.8333333,226.25,,16-Jan-16,732.0408163,754.922449,263.6737864
,,,,,20-Jan-16,619.1923077,401.8615385,281.9076923,,17-Jan-16,683.7649402,800.0239044,369.1102041
,,,,,21-Jan-16,1447.90099,883.009901,563.5247525,,18-Jan-16,951.6700201,1046.366197,312.310757
,,,,,22-Jan-16,337.9038462,300.9692308,176.9538462,,19-Jan-16,1506.803922,554.4941176,507.0422535
,,,,,23-Jan-16,1085.474747,569.2363636,112.6545455,,20-Jan-16,1346.605691,438.0894309,446.1176471
,,,,,24-Jan-16,844.6245059,431.4940711,329.6205534,,21-Jan-16,2155.393939,958.8929293,378.0731707
,,,,,25-Jan-16,1070.019802,502.7485149,311.9524752,,22-Jan-16,1305.489022,577.6686627,474.0363636
,,,,,26-Jan-16,390.982659,252.539499,195.2601156,,23-Jan-16,1494.603175,547.5634921,426.6826347
,,,,,27-Jan-16,997.9352227,459.0769231,261.7651822,,24-Jan-16,699.7368421,338.4777328,259.9285714
,,,,,28-Jan-16,516.9306931,347.4772277,199.3188119,,25-Jan-16,886.9685039,376.1574803,305.708502
,,,,,29-Jan-16,698.0903491,354.5462012,365.100616,,26-Jan-16,1010.909091,412.5656566,306.9212598
,,,,,30-Jan-16,1972.695313,676.609375,333.984375,,27-Jan-16,585.2631579,274.7758285,309.1636364
,,,,,31-Jan-16,860.8514851,381.5445545,233.6792079,,28-Jan-16,532.0750988,268.1343874,189.0526316
,,,,,1-Feb-16,942.6153846,329.1230769,140.7461538,,29-Jan-16,776.4848485,399.9111111,192.6640316
,,,,,2-Feb-16,990.5625,404.0583333,323.475,,30-Jan-16,1925.317919,623.0211946,299.3454545
,,,,,3-Feb-16,1158.906883,310.2753036,273.9352227,,31-Jan-16,988.4241245,372.2801556,582.7976879
,,,,,4-Feb-16,1199.141221,295.259542,239.5648855,,1-Feb-16,1568.203125,535.7265625,310.1322957
,,,,,5-Feb-16,1289.098039,429.2627451,278.5411765,,2-Feb-16,1491.284585,332.3715415,343.6875
,,,,,6-Feb-16,1379.502075,311.1120332,271.7178423,,3-Feb-16,1929.719439,510.501002,315.4624506
,,,,,7-Feb-16,1464.9501,316.0798403,305.245509,,4-Feb-16,1875.964215,573.2962227,330.5651303
,,,,,8-Feb-16,1825.645833,390.6666667,352.35,,5-Feb-16,2373.938224,553.4903475,387.554672
,,,,,9-Feb-16,1113.561077,543.5279503,268.0248447,,6-Feb-16,545.7746479,251.2354125,311.1428571
,,,,,10-Feb-16,1109.311024,352.2519685,297.1417323,,7-Feb-16,1295.769981,575.7348928,178.1891348
,,,,,11-Feb-16,2653.454545,432.5818182,454.6909091,,8-Feb-16,1659.860835,576.0795229,295.5087719
,,,,,12-Feb-16,1122.02729,256.0779727,275.7894737,,9-Feb-16,2762.811881,582.7564356,360.7157058
,,,,,13-Feb-16,594.1,149.296,156.456,,10-Feb-16,2058.585462,464.1493124,422.9465347
,,,,,14-Feb-16,250.8571429,84.60408163,91.2,,11-Feb-16,2462.192308,486.7846154,340.762279
,,,,,15-Feb-16,215.86,152.776,77.664,,12-Feb-16,1778.31068,515.4640777,279.6923077
,,,,,16-Feb-16,1651.633858,316.4251969,270.2125984,,13-Feb-16,2588.431772,525.6130346,262.7650485
,,,,,17-Feb-16,251.3193117,103.2887189,100.5659656,,14-Feb-16,857.02,323.256,336.5376782
,,,,,18-Feb-16,1880.082305,348.526749,277.6296296,,15-Feb-16,1532.768031,331.1890838,362.376
,,,,,19-Feb-16,1006.020408,258.4081633,244.7265306,,16-Feb-16,2113.727088,416.3340122,163.3684211
,,,,,21-Feb-16,2296.214575,826.097166,468.8744939,,17-Feb-16,2273.910387,521.7678208,184.5458248
,,,,,22-Feb-16,458.484252,140.4173228,145.5826772,,18-Feb-16,951.2851406,470.9076305,181.0264766
,,,,,23-Feb-16,1734.543726,341.9163498,324.9581749,,19-Feb-16,1472.217742,651.9758065,133.6565657
,,,,,24-Feb-16,2618.590734,616.2857143,371.1891892,,20-Feb-16,158.5686654,81.0754352,380.25
,,,,,25-Feb-16,1541.428571,510.9565217,352.621118,,21-Feb-16,1455.898438,461.3125,73.09090909
,,,,,26-Feb-16,.,.,.,,22-Feb-16,1393.722772,526.4079208,271.8984375
,,,,,27-Feb-16,.,.,.,,23-Feb-16,1310.039216,585.654902,273.8138614
,,,,,28-Feb-16,.,.,.,,24-Feb-16,1149.787645,453.8841699,379.5529412
,,,,,29-Feb-16,715.5918367,380.0571429,321.4285714,,25-Feb-16,1068.822314,696.7107438,243.6602317
,,,,,1-Mar-16,1291.703854,435.148073,399.2129817,,26-Feb-16,724.6850394,374.5748031,286.7355372
,,,,,2-Mar-16,1570.745098,408.4156863,499.6235294,,27-Feb-16,285.5060729,176.3076923,261.496063
,,,,,3-Mar-16,2200.314342,442.2789784,469.2730845,,28-Feb-16,731.9556452,195.0241935,219.8623482
,,,,,4-Mar-16,959.2479675,297.6585366,306.5853659,,29-Feb-16,1724.038462,4021.269231,228.5564516
,,,,,5-Mar-16,2148.511066,430.0523139,482.3420523,,1-Mar-16,466.3600783,4951.726027,254.1686747
,,,,,6-Mar-16,1509.94012,369.7884232,428.8383234,,2-Mar-16,870.1386139,491.3346535,368.8062622
,,,,,7-Mar-16,2637.474542,620.2851324,430.2403259,,3-Mar-16,1016.546906,480.5429142,338.1861386
,,,,,8-Mar-16,1396.22,332.528,421.2,,4-Mar-16,468.5062241,336.3070539,353.1017964
,,,,,9-Mar-16,1218.985507,444.9358178,347.4037267,,5-Mar-16,1413.034623,406.2729124,244.5311203
,,,,,10-Mar-16,1377.524178,371.9458414,381.655706,,6-Mar-16,1181.040816,530.5061224,430.3869654
,,,,,11-Mar-16,1788.235294,300.811359,399.9432049,,7-Mar-16,462.4902724,1895.486381,348.0979592
,,,,,12-Mar-16,995.1976285,321.1857708,372.2371542,,8-Mar-16,626.7184466,128.0621359,307.8910506
,,,,,13-Mar-16,807.6893204,322.9980583,265.4912621,,9-Mar-16,1319.524752,503.8415842,328.7533981
,,,,,14-Mar-16,992.555332,364.2736419,317.915493,,10-Mar-16,850.0779727,389.0604288,377.1089109
,,,,,15-Mar-16,626.0956175,236.4780876,208.9721116,,11-Mar-16,433.7449393,167.3036437,334.5964912
,,,,,16-Mar-16,1399.83871,362.4274194,379.016129,,12-Mar-16,1358.439425,439.8193018,180.582996
,,,,,17-Mar-16,1251.309524,517.015873,412.5,,13-Mar-16,822.7360308,372.9325626,349.1334702
,,,,,18-Mar-16,996.1046512,267.8914729,346.8837209,,14-Mar-16,1296.115385,369.6692308,350.0809249
,,,,,19-Mar-16,1503.333333,444.4862745,411.6705882,,15-Mar-16,1541.77551,502.3755102,340.7538462
,,,,,21-Mar-16,2382.007874,562.5748031,491.9527559,,16-Mar-16,1645.613682,480.193159,359.4857143
,,,,,22-Mar-16,2140.019646,545.1709234,501.3831041,,17-Mar-16,1300.736196,325.4805726,389.8430584
,,,,,23-Mar-16,1701.44898,382.0163265,447.2816327,,18-Mar-16,1508.49505,965.449505,275.7791411
,,,,,24-Mar-16,1230.407332,342.2892057,340.0570265,,19-Mar-16,1190.838446,373.202454,309.1722772
,,,,,25-Mar-16,.,.,.,,20-Mar-16,506.3510848,180.8915187,347.9263804
,,,,,26-Mar-16,.,.,.,,21-Mar-16,1962.370062,334.9355509,91.85798817
,,,,,27-Mar-16,.,.,.,,22-Mar-16,890.8436214,970.1234568,371.002079
,,,,,28-Mar-16,726.5439673,165.2377049,255.2392638,,23-Mar-16,1446.097561,532.0162602,317.9259259
,,,,,29-Mar-16,807.9876797,179.6790123,294.9486653,,24-Mar-16,1682.18,572.096,336.6585366
,,,,,30-Mar-16,274.25,50.17142857,138,,25-Mar-16,776.6336634,470.970297,416.448
,,,,,31-Mar-16,992.2336066,252.675835,240.3442623,,26-Mar-16,841.1597374,386.7571116,290.2811881
,,,,,31-Mar-16,772.9423868,238.2798354,281.7037037,,27-Mar-16,916.765873,378.6031746,300.6827133
,,,,,1-Apr-16,847.6122449,239,265.9591837,,28-Mar-16,813.2591093,321.4817814,212.4285714
,,,,,2-Apr-16,530.1178782,141.2796781,205.2495088,,29-Mar-16,632.8543307,273.7637795,282.0242915
,,,,,3-Apr-16,409.6721311,77.18834951,185.9016393,,30-Mar-16,1024.13442,472.9857434,248.2440945
,,,,,4-Apr-16,266.1046512,73.28063241,101.372093,,31-Mar-16,901.6283525,313.4329502,274.2892057
,,,,,5-Apr-16,498.5110664,182.9105058,216.6519115,,1-Apr-16,946.2680412,301.4845361,284
,,,,,6-Apr-16,1147.631068,272.2174757,255.7048544,,2-Apr-16,814.194831,391.1093439,268.1072165
,,,,,7-Apr-16,906.1660079,281.6284585,255.5573123,,3-Apr-16,0,377.6957404,255.5069583
,,,,,8-Apr-16,2014.357977,431.0194553,339.3385214,,4-Apr-16,708.4156379,1523.061728,
,,,,,10-Apr-16,918.75,272.925,290.325,,5-Apr-16,401.4478114,80.47138047,329.3333333
,,,,,10-Apr-16,3294.101563,529.9921875,291.234375,,,,,
,,,,,11-Apr-16,1387.346939,331.877551,365.8040816,,,,,
,,,,,12-Apr-16,879.6679688,219.7734375,278.3671875,,,,, 
,,,,,13-Apr-16,1230.481696,280,288.5549133,,,,,
,,,,,14-Apr-16,1817.042254,352.7323944,309.0784708,,,,,
,,,,,15-Apr-16,2272.734375,539.1796875,354.796875,,,,,
,,,,,17-Apr-16,1491.325052,323.7101449,318.5590062,,,,,
,,,,,18-Apr-16,1794.417671,343.5100402,369.7590361,,,,,
,,,,,19-Apr-16,1775.340206,399.8762887,340.9979381,,,,,
,,,,,20-Apr-16,1828.723404,597.7794971,355.1953578,,,,,
,,,,,21-Apr-16,947.3346304,466.3657588,446.4280156,,,,,
,,,,,22-Apr-16,1298.461538,343.7255717,341.7380457,,,,,
,,,,,23-Apr-16,1345.976563,326.71875,287.15625,,,,,
,,,,,24-Apr-16,1770.393701,442.3228346,301.5354331,,,,,
,,,,,25-Apr-16,1584.252427,467.6660194,381.8796117,,,,,
,,,,,26-Apr-16,1339.492901,295.0831643,339.3346856,,,,,
,,,,,27-Apr-16,1096.995885,333.563786,224.1481481,,,,,
,,,,,28-Apr-16,1276.814672,323.1428571,174.5096525,,,,,
,,,,,29-Apr-16,1815.867769,423.7438017,314.4049587,,,,,
,,,,,30-Apr-16,1512.83237,349.8651252,242.4971098,,,,,
,,,,,1-May-16,1041.686275,223.1921569,208.8705882,,,,,
,,,,,2-May-16,1160.914634,280.9430894,253.8292683,,,,,
,,,,,3-May-16,1245.539419,485.0124481,292.9294606,,,,,
,,,,,4-May-16,501.1340206,231.6206186,336.0247423,,,,,
,,,,,5-May-16,826.4117647,286.0784314,278.1882353,,,,,
,,,,,6-May-16,788.3693517,254.1925344,232.1257367,,,,,
,,,,,7-May-16,1794.45663,434.1375872,372.4905284,,,,,
,,,,,8-May-16,1603.444227,252.8610568,342.1056751,,,,,
,,,,,9-May-16,1145.97561,238.3333333,399.6585366,,,,,
,,,,,10-May-16,1166.855469,210.6796875,289.40625,,,,,
,,,,,11-May-16,1219.189723,202.972332,310.7667984,,,,,
,,,,,12-May-16,674.033264,164.8232848,285.6798337,,,,,
,,,,,13-May-16,747.6583493,304.9673704,228.2994242,,,,,
,,,,,15-May-16,876.5277778,203.7777778,266.3571429,,,,,
,,,,,16-May-16,1274.692308,6122.146154,278.7923077,,,,,
,,,,,17-May-16,1653.292929,244.0808081,330.0363636,,,,,
,,,,,18-May-16,1750.118812,305.2752475,488.6019802,,,,,
,,,,,19-May-16,1798.672032,302.527163,381.22334,,,,,
,,,,,23-May-16,1153.754941,222.0948617,297.9604743,,,,,
,,,,,24-May-16,1711.820041,260.6298569,352.0490798,,,,,
,,,,,25-May-16,1320.618762,370.8982036,257.6047904,,,,,
,,,,,26-May-16,765.3783231,229.595092,223.0674847,,,,,
,,,,,28-May-16,1478.553719,265.0743802,328.9834711,,,,,
,,,,,29-May-16,1281.523046,320.0480962,330.492986,,,,,
,,,,,1-Jun-16,1262.755102,215.1591837,279.6244898,,,,,
,,,,,3-Jun-16,2299.381044,3583.009671,292.5957447,,,,,
,,,,,5-Jun-16,1179.524793,379.5123967,237.7933884,,,,,
,,,,,6-Jun-16,988.7751004,430.9076305,307.4457831,,,,,
,,,,,7-Jun-16,2092.205029,587.7833656,272.8897485,,,,,
,,,,,8-Jun-16,1240,542.8536585,297.4390244,,,,,
,,,,,10-Jun-16,1620.697674,446.496124,219.627907,,,,,
,,,,,11-Jun-16,865.9459459,266.8108108,225.7992278,,,,,
,,,,,12-Jun-16,909.1700405,565.5546559,211.0445344,,,,,
,,,,,13-Jun-16,931.9958848,423.5061728,234.8148148,,,,,
,,,,,15-Jun-16,1326.245059,437.1067194,223.9683794,,,,,
,,,,,16-Jun-16,1337.374749,415.3987976,298.5330661,,,,,
,,,,,17-Jun-16,1056.607843,375.6392157,265.0588235,,,,,
,,,,,18-Jun-16,1336.904762,325.468254,216.5,,,,,
,,,,,19-Jun-16,800.8644401,239.2062868,198.3182711,,,,,
,,,,,20-Jun-16,1084.59725,308.0943026,197.2573674,,,,,
,,,,,21-Jun-16,1186.42998,533.6252465,295.2426036,,,,,
,,,,,22-Jun-16,1223.588235,472.854902,234.2823529,,,,,
,,,,,24-Jun-16,679.184466,279.8524272,159.5184466,,,,,
,,,,,25-Jun-16,1785.884615,653.0615385,314.1692308,,,,,
,,,,,29-Jun-16,1721.552063,606.0353635,222.8605108,,,,,
,,,,,30-Jun-16,378,211.808,170.712,,,,,
,,,,,12-Jul-16,2233.245968,544.9596774,315.2177419,,,,,
,,,,,13-Jul-16,1813.232932,585.5662651,326.313253,,,,,
,,,,,14-Jul-16,1539.263566,623.2015504,340.6046512,,,,,
,,,,,17-Jul-16,1351.252567,478.201232,315.7207392,,,,,
,,,,,18-Jul-16,1062.461538,6569.1,336.0461538,,,,,
,,,,,19-Jul-16,1303.360489,539.5845214,314.4684318,,,,,
,,,,,20-Jul-16,885.2046784,543.9610136,290.5263158,,,,,
,,,,,21-Jul-16,2568.915663,10838.38554,458.0963855,,,,,
,,,,,22-Jul-16,1003.436293,744.5328185,297.6602317,,,,,
,,,,,23-Jul-16,1105.038911,566.0389105,454.4824903,,,,,
,,,,,24-Jul-16,868.4879032,568.016129,279.8709677,,,,,
,,,,,25-Jul-16,1064.512922,792.5248509,427.6341948,,,,,
,,,,,26-Jul-16,1018.681542,436.6004057,269.306288,,,,,
,,,,,27-Jul-16,776.4603482,488.1547389,278.3907157,,,,,
,,,,,28-Jul-16,1398.928571,463.8809524,382.2857143,,,,,
,,,,,29-Jul-16,407.5050302,319.2676056,241.1348089,,,,,
,,,,,30-Jul-16,584.1393443,310.8934426,346.5,,,,,
,,,,,31-Jul-16,717.1517672,634.6029106,312.6985447,,,,,
,,,,,1-Aug-16,2656.25,1066.717742,378.7258065,,,,,
,,,,,3-Aug-16,1132.442308,623.1,337.8461538,,,,,
,,,,,4-Aug-16,921.7115385,600.0230769,250.8923077,,,,,
,,,,,5-Aug-16,939.2563601,1099.819961,389.1663405,,,,,
,,,,,6-Aug-16,991.1646586,550.5783133,247.5180723,,,,,
,,,,,7-Aug-16,676.5936255,473.3784861,204.4541833,,,,,
,,,,,8-Aug-16,561.8825911,402.2672065,236.3319838,,,,,
,,,,,9-Aug-16,434.198783,957.4442191,171.6024341,,,,,
,,,,,10-Aug-16,782.7920792,474.1782178,250.360396,,,,,
,,,,,12-Aug-16,382.7868852,345.0163934,192.2459016,,,,,
,,,,,13-Aug-16,477.1760155,528.8355899,182.2978723,,,,,
,,,,,14-Aug-16,923.8030888,443.6293436,388.4247104,,,,,
,,,,,15-Aug-16,784.0667976,490.0196464,252.1414538,,,,,
,,,,,16-Aug-16,386.2896825,349.1746032,186.5714286,,,,,
,,,,,17-Aug-16,678.8247423,448.6762887,181.0391753,,,,,
,,,,,18-Aug-16,773.6923077,850.6384615,267.6461538,,,,,
,,,,,19-Aug-16,643.5502959,432.6390533,270.816568,,,,,
,,,,,20-Aug-16,593.4081633,465.6244898,177.355102,,,,,
,,,,,21-Aug-16,653.976834,474.6254826,196.6795367,,,,,
,,,,,21-Aug-16,1457.302505,714.4971098,399.1907514,,,,,
,,,,,22-Aug-16,802.2016461,486,312.6666667,,,,,
,,,,,23-Aug-16,351.2903226,402.4435484,150.8709677,,,,,
,,,,,24-Aug-16,490.3076923,324.6,148.8461538,,,,,
,,,,,25-Aug-16,628.6902287,443.027027,181.4968815,,,,,
,,,,,26-Aug-16,527.4949495,429.6,232.4363636,,,,,
,,,,,27-Aug-16,707.4609375,590.5546875,212.765625,,,,,
,,,,,28-Aug-16,734.0612245,564.0489796,239.8040816,,,,,
,,,,,29-Aug-16,702.6061776,630.3011583,213.5675676,,,,,
,,,,,30-Aug-16,582.4564797,549.9651838,217.3926499,,,,,
,,,,,31-Aug-16,467.75,367.3615385,131.8153846,,,,,
,,,,,1-Sep-16,788.5214008,463.0505837,224.1245136,,,,,
,,,,,2-Sep-16,1150.28866,565.5092784,287.257732,,,,,
,,,,,3-Sep-16,1056.742739,602.340249,317.2033195,,,,,
,,,,,4-Sep-16,583.0538922,533.3333333,182.8023952,,,,,
,,,,,5-Sep-16,926.0208333,470.4416667,270.3,,,,,
,,,,,6-Sep-16,709.2213115,410.0655738,184.8688525,,,,,
,,,,,7-Sep-16,893.5009671,445.8800774,251.582205,,,,,
,,,,,8-Sep-16,872.972973,351.7065637,148.030888,,,,,
,,,,,9-Sep-16,1137.369478,339.1084337,217.5903614,,,,,
,,,,,10-Sep-16,724.5631068,504.768932,211.176699,,,,,
,,,,,11-Sep-16,1047.7842,572.7013487,277.8728324,,,,,
,,,,,12-Sep-16,811.2127237,381.3518887,269.6779324,,,,,
,,,,,13-Sep-16,1215.516529,496.338843,227.4545455,,,,,
,,,,,14-Sep-16,923.9615385,391.8,241.2692308,,,,,
,,,,,15-Sep-16,1706.933868,630.2284569,306.757515,,,,,
,,,,,16-Sep-16,1443.747535,646.556213,424.5443787,,,,,
,,,,,18-Sep-16,1416.647287,470.1627907,294.1395349,,,,,
,,,,,19-Sep-16,1247.288802,516.589391,309.1473477,,,,,
,,,,,20-Sep-16,702.3865878,338.1333333,183.3454545,,,,,
,,,,,21-Sep-16,1357.267442,528.1609658,224.6921529,,,,,
,,,,,22-Sep-16,1183.280943,586.7111984,300.4479371,,,,,
,,,,,23-Sep-16,652.5252525,387.2161616,186.8363636,,,,,
,,,,,24-Sep-16,1479.71831,621.8028169,264.7484909,,,,,
,,,,,25-Sep-16,1009.089147,292.8604651,233.6511628,,,,,
,,,,,26-Sep-16,816.7983368,253.3970894,241.4469854,,,,,
,,,,,27-Sep-16,984.1796875,495.328125,230.8359375,,,,,
,,,,,28-Sep-16,1221.184466,480.9786408,237.8097087,,,,,
,,,,,29-Sep-16,786.0810811,263.3050193,186.6718147,,,,,
,,,,,30-Sep-16,1158.784861,428.2948207,281.7609562,,,,,
,,,,,1-Oct-16,1552.638889,632.5952381,346.2142857,,,,,
,,,,,2-Oct-16,2022.123016,814.3984064,393.9920319,,,,,
,,,,,3-Oct-16,1046.115538,418.1014199,259.3022312,,,,,
,,,,,5-Oct-16,445.1318458,188.16826,160.4512428,,,,,
,,,,,6-Oct-16,1448.833652,560.2380952,358.0714286,,,,,
,,,,,7-Oct-16,837.9166667,350.2268041,211.843299,,,,,
,,,,,8-Oct-16,2567.525773,751.2298137,275.0310559,,,,,
,,,,,9-Oct-16,1416.480331,485.4566474,302.8439306,,,,,
,,,,,10-Oct-16,1907.880539,394.5497076,263.8596491,,,,,
,,,,,11-Oct-16,838.4795322,224.4291498,157.9919028,,,,,
,,,,,12-Oct-16,806.8825911,333.6296296,198.0740741,,,,,
,,,,,13-Oct-16,1120.534979,482.3953488,212.9302326,,,,,
,,,,,14-Oct-16,1672.189922,878.9491283,373.8428469,,,,,
,,,,,16-Oct-16,991.9035109,312.9677419,287.0564516,,,,,
,,,,,16-Oct-16,725.9072581,223.8884462,219.6573705,,,,,
,,,,,17-Oct-16,1158.187251,545.5687885,287.1129363,,,,,
,,,,,18-Oct-16,655.9958932,300.4243615,188.4872299,,,,,
,,,,,19-Oct-16,917.2336066,329.704918,281.8770492,,,,,
,,,,,20-Oct-16,945.6346154,448.4076923,246.1846154,,,,,
,,,,,21-Oct-16,676.743738,253.0867052,202.7514451,,,,,
,,,,,23-Oct-16,1226.178862,478.3902439,281.5609756,,,,,
,,,,,24-Oct-16,751.9111969,286.6100386,268.8880309,,,,,
,,,,,24-Oct-16,651.3786408,153.9262136,133.1883495,,,,,
,,,,,25-Oct-16,570.019685,245.4330709,126.4488189,,,,,
,,,,,26-Oct-16,726.8918919,295.9227799,206.1312741,,,,,
,,,,,27-Oct-16,1133.668639,496.7337278,252.4970414,,,,,
,,,,,28-Oct-16,410.6949807,267.9150579,109.2277992,,,,,
,,,,,29-Oct-16,1100.355731,345.4387352,238.1264822,,,,,
,,,,,30-Oct-16,580.8070866,274.6062992,140.2204724,,,,,
,,,,,31-Oct-16,1480.714286,431.6428571,320.7857143,,,,,
,,,,,1-Nov-16,795.7729941,440.8062622,164.9706458,,,,,
,,,,,2-Nov-16,1161.085271,343.2790698,208.3255814,,,,,
,,,,,3-Nov-16,849.3897638,242.1732283,233.4330709,,,,,
,,,,,4-Nov-16,1339.108527,495.9069767,320.9302326,,,,,
,,,,,5-Nov-16,788.4807692,175.5692308,199.5230769,,,,,
,,,,,6-Nov-16,1771.472868,651.9069767,240.1395349,,,,,
,,,,,7-Nov-16,998.9980354,413.1630648,246.978389,,,,,
,,,,,8-Nov-16,1621.964981,437.0661479,305.3696498,,,,,
,,,,,9-Nov-16,1532.135922,327.7281553,261.7864078,,,,,
,,,,,10-Nov-16,1735.647969,561.4700193,317.106383,,,,,
,,,,,11-Nov-16,937.0020121,279.6458753,268.5150905,,,,,
,,,,,12-Nov-16,796.8665377,282.0119284,324.5725646,,,,,
,,,,,13-Nov-16,466.861167,265.787234,191.2804642,,,,,
,,,,,14-Nov-16,438.6282306,231.6614173,272.2677165,,,,,
,,,,,15-Nov-16,861.1992263,244,305.5473888,,,,,
,,,,,16-Nov-16,1045.137795,295.1020408,271.9133858,,,,,
,,,,,17-Nov-16,694.9418605,177.1860465,296.9302326,,,,,
,,,,,18-Nov-16,1181.095618,288.3585657,322.5657371,,,,,
,,,,,19-Nov-16,3297.880539,570.4508671,523.9075145,,,,,
,,,,,20-Nov-16,893.7860082,179.8271605,264.5925926,,,,,
,,,,,21-Nov-16,1258.667954,5923.528958,302.3166023,,,,,
,,,,,22-Nov-16,1409.401544,351.3590734,341.7220077,,,,,
,,,,,23-Nov-16,763.5902637,174.6450304,242.1419878,,,,,
,,,,,24-Nov-16,1915.753425,330.739726,252.8454012,,,,,
,,,,,25-Nov-16,1447.919075,304.8786127,300.416185,,,,,
,,,,,26-Nov-16,108.8958333,86.50833333,39.14166667,,,,,
,,,,,28-Nov-16,726.7484663,157.7586912,173.2269939,,,,,
,,,,,28-Nov-16,2800.436508,430.9047619,319.1428571,,,,,
,,,,,29-Nov-16,1716.615087,330.4294004,312.1624758,,,,,
,,,,,30-Nov-16,2436.787149,396.7710843,371.8554217,,,,,
,,,,,1-Dec-16,1431.145833,330.775,248.175,,,,,
,,,,,2-Dec-16,1368.319502,214.6058091,262.0829876,,,,,
,,,,,3-Dec-16,1716.936416,702.982659,442.6127168,,,,,
,,,,,4-Dec-16,2086.269231,420.1846154,267.5076923,,,,,
,,,,,5-Dec-16,4333.899614,1497.498069,652.7258687,,,,,
,,,,,6-Dec-16,2194.886598,566.3257732,414.9278351,,,,,
,,,,,7-Dec-16,2457.234469,338.0921844,272.7054108,,,,,
,,,,,8-Dec-16,1722.427386,225.0871369,256.5560166,,,,,
,,,,,9-Dec-16,563.7426901,113.2475634,202.1052632,,,,,
,,,,,10-Dec-16,659.5247934,177.7190083,165.7933884,,,,,
,,,,,11-Dec-16,622.5819672,180.0819672,149.3852459,,,,,
,,,,,12-Dec-16,682.9306931,148.3722772,152.6257426,,,,,
,,,,,13-Dec-16,523.0452675,256.526749,152.7407407,,,,,
,,,,,14-Dec-16,557,202.5176471,207.4588235,,,,,
,,,,,15-Dec-16,879.960396,210.3920792,198.1069307,,,,,
,,,,,16-Dec-16,680.6004141,153.863354,175.0062112,,,,,
,,,,,17-Dec-16,435.8097166,90.12955466,86.67206478,,,,,
,,,,,18-Dec-16,1137.11501,290.1988304,147.3684211,,,,,
,,,,,19-Dec-16,1135.533597,289.8735178,273.770751,,,,,
,,,,,20-Dec-16,590.2249489,119.4110429,171.0184049,,,,,
,,,,,22-Dec-16,1743.960396,229.8772277,199.6752475,,,,,
,,,,,22-Dec-16,857.0140281,176.5130261,224.6573146,,,,,
,,,,,23-Dec-16,995.3638254,295.6091476,275.2765073,,,,,
,,,,,24-Dec-16,1968.709677,559.7903226,419.1532258,,,,,
,,,,,25-Dec-16,1750.89613,325.4419552,307.3564155,,,,,
,,,,,26-Dec-16,774.6242775,230.982659,217.5953757,,,,,
,,,,,27-Dec-16,925.3907816,262.5330661,268.8096192,,,,,
,,,,,28-Dec-16,952.9094412,231.0982659,248.6011561,,,,,
,,,,,29-Dec-16,753.2879377,152.8249027,184.692607,,,,,
,,,,,30-Dec-16,1048.884298,282.0495868,273.7190083,,,,,
,,,,,31-Dec-16,1041.677019,253.3416149,306.8571429,,,,,
,,,,,1-Jan-17,1585.625,225.9677419,316.5241935,,,,,
,,,,,2-Jan-17,346.0314342,51.98428291,107.0805501,,,,,
,,,,,3-Jan-17,886.2624254,321.7097416,212.1351889,,,,,
,,,,,4-Jan-17,1233.925049,294.1775148,308.1656805,,,,,
,,,,,5-Jan-17,953.3471074,135.5702479,239.3553719,,,,,
,,,,,7-Jan-17,653.2135729,327.4011976,299.7844311,,,,,
,,,,,7-Jan-17,1494.038835,326.1436893,285.2038835,,,,,
,,,,,8-Jan-17,617.5,115.7538462,276.3,,,,,
,,,,,9-Jan-17,402.4701195,136.7649402,172.4701195,,,,,
